bash: cannot set terminal process group (564630): Inappropriate ioctl for device
bash: no job control in this shell
-- Running cmake version 4.2.3
-- CMAKE_MODULE_PATH is /home/satya/WORK/vector/vec-memory-i-s-base/cmake
-- MySQL 9.7.1-1
-- Source directory /home/satya/WORK/vector/vec-memory-i-s-base
-- Binary directory /home/satya/WORK/vector/vec-memory-i-s-base/bld
-- CMAKE_GENERATOR: Unix Makefiles
-- SIZEOF_VOIDP 8
-- Found verified platform LINUX for libbacktrace
-- Packaging as: percona-server-9.7.1-1-Linux-x86_64
-- BOOST_INCLUDE_DIR /home/satya/WORK/vector/vec-memory-i-s-base/extra/boost/boost_1_87_0
-- Using libbacktrace on LINUX
-- ZLIB_VERSION (bundled) is 1.3.2
-- ZLIB_INCLUDE_DIR /home/satya/WORK/vector/vec-memory-i-s-base/extra/zlib/zlib-1.3.2
-- ZSTD_VERSION (bundled) is 1.5.7
-- ZSTD_INCLUDE_DIR /home/satya/WORK/vector/vec-memory-i-s-base/extra/zstd/zstd-1.5.7/lib
-- ZSTD_LEGACY_SUPPORT not defined!
-- OPENSSL_VERSION (system) is 3.5.5
-- OPENSSL_INCLUDE_DIR = /usr/include
-- OPENSSL_LIBRARIES = /usr/lib/x86_64-linux-gnu/libssl.so /usr/lib/x86_64-linux-gnu/libcrypto.so
-- SYSTEM_KRB5_FOUND  1
-- SYSTEM_KRB5_LIBRARIES  krb5;k5crypto;com_err
-- SYSTEM_KRB5_LIBRARY_DIRS  /usr/lib/x86_64-linux-gnu/mit-krb5
-- SYSTEM_KRB5_LDFLAGS  -L/usr/lib/x86_64-linux-gnu/mit-krb5;-lkrb5;-lk5crypto;-lcom_err
-- SYSTEM_KRB5_LDFLAGS_OTHER  
-- SYSTEM_KRB5_INCLUDE_DIRS  /usr/include/mit-krb5
-- SYSTEM_KRB5_CFLAGS  -isystem;/usr/include/mit-krb5
-- SYSTEM_KRB5_CFLAGS_OTHER  
-- GSSAPI_LIBRARIES /usr/lib/x86_64-linux-gnu/libgssapi_krb5.so
-- GSSAPI_INCLUDE_DIR  /usr/include
-- HAVE_KRB5_KRB5_H  1
-- KERBEROS_LIBRARIES  -L/usr/lib/x86_64-linux-gnu/mit-krb5;-lkrb5;-lk5crypto;-lcom_err
-- SASL_LIBRARY /usr/lib/x86_64-linux-gnu/libsasl2.so
-- SASL_VERSION (system) is 2.1.28
-- LBER_LIBRARY /usr/lib/x86_64-linux-gnu/liblber.so
-- LDAP_LIBRARY /usr/lib/x86_64-linux-gnu/libldap_r.so
-- AWK_EXECUTABLE is /usr/bin/awk
-- LZ4_VERSION (bundled) is 1.10.0
-- LZ4_INCLUDE_DIR /home/satya/WORK/vector/vec-memory-i-s-base/extra/lz4/lz4-1.10.0/lib
-- ICU_VERSION (bundled) is 77
-- ICU_INCLUDE_DIRS /home/satya/WORK/vector/vec-memory-i-s-base/extra/icu/icu-release-77-1/source/common;/home/satya/WORK/vector/vec-memory-i-s-base/extra/icu/icu-release-77-1/source/stubdata;/home/satya/WORK/vector/vec-memory-i-s-base/extra/icu/icu-release-77-1/source/i18n
-- ICU_LIBRARIES icui18n;icuuc;icustubdata
-- PROTOBUF_VERSION (bundled) is 4.24.4
-- PROTOBUF_INCLUDE_DIR /home/satya/WORK/vector/vec-memory-i-s-base/extra/protobuf/protobuf-24.4/src
-- PROTOBUF_PROTOC_EXECUTABLE protoc
-- CURL_INCLUDE_DIR = /usr/include/x86_64-linux-gnu
-- CURL_VERSION (system) is 8.18
-- RAPIDJSON_INCLUDE_DIR /home/satya/WORK/vector/vec-memory-i-s-base/extra/rapidjson/include
-- RAPIDJSON_MAJOR_VERSION is 1
-- RAPIDJSON_MINOR_VERSION is 1
-- Build with DWITH_COREDUMPER = OFF
-- UDEV_SYSTEM_LIBRARY /usr/lib/x86_64-linux-gnu/libudev.so
-- FIDO_VERSION (bundled) is 1.15.0
CMake Deprecation Warning at extra/protobuf/protobuf-24.4/CMakeLists.txt:7 (cmake_policy):
  The OLD behavior for policy CMP0141 will be removed from a future version
  of CMake.

  The cmake-policies(7) manual explains that the OLD behaviors of all
  policies are deprecated and that a policy should be set to OLD only under
  specific short-term circumstances.  Projects should be ported to the NEW
  behavior and not rely on setting a policy to OLD.


-- LTO is not enabled
-- CMAKE_MODULE_LINKER_FLAGS_DEBUG  -Wl,-rpath,'$ORIGIN/../../private'
-- CMAKE_SHARED_LINKER_FLAGS_DEBUG  -Wl,-rpath,'$ORIGIN/../../private'
-- Could NOT find Doxygen (missing: DOXYGEN_EXECUTABLE) 
-- Doxygen not found or BUILD_DOCS=OFF, skipping documentation generation.
CMake Deprecation Warning at extra/opensslpp/CMakeLists.txt:17 (cmake_minimum_required):
  Compatibility with CMake < 3.10 will be removed from a future version of
  CMake.

  Update the VERSION argument <min> value.  Or, use the <min>...<max> syntax
  to tell CMake that the project requires at least <min> but has been updated
  to work with policies introduced by <max> or earlier.


-- mysys_objlib depends on ext::zlib
-- mysys_objlib depends on ext::zstd
-- clientlib_objlib depends on ext::zlib
-- Found Unix DNS SRV APIs
-- Building authentication_ldap_sasl_client with Kerberos
-- Building KERBEROS client authentication plug-in for linux.
-- Using Kerberos libraries: /usr/lib/x86_64-linux-gnu/libgssapi_krb5.so;-L/usr/lib/x86_64-linux-gnu/mit-krb5;-lkrb5;-lk5crypto;-lcom_err
-- fido_client_common_objlib depends on ext::fido
-- ADD_INSTALL_RPATH_FOR_FIDO2 authentication_webauthn_client
-- building mysql_native_password client shared plugin
-- Library perconaserverclient depends on OSLIBS m
-- MERGE_CONVENIENCE_LIBRARIES TARGET perconaserverclient
-- MERGE_CONVENIENCE_LIBRARIES LIBS clientlib;mytime;strings;vio;mysys;zlib;zstd;backtrace
-- Skipping the NDBCLUSTER plugin.
-- Not building with MyRocks storage engine, you must specify -DWITH_ROCKSDB=1|ON|FORCE to cmake in order to build with MyRocks.
-- JWT CPP include dir is /home/satya/WORK/vector/vec-memory-i-s-base/extra/jwt-cpp/include
-- RPC_INCLUDE_DIRS /usr/include/tirpc
-- GROUP_REPLICATION_WITH_ROCKSDB is turned off
-- NLOHMANN_JSON_TAG is json-3.12.0
-- OPENTELEMETRY_PROTO_TAG is opentelemetry-proto-1.7.0
-- OPENTELEMETRY_PROTO_BUNDLE_SRC_PATH is /home/satya/WORK/vector/vec-memory-i-s-base/extra/opentelemetry-proto/opentelemetry-proto-1.7.0
-- OPENTELEMETRY_CPP_TAG is opentelemetry-cpp-1.23.0
-- OPENTELEMETRY_CPP_INCLUDE_DIRS /home/satya/WORK/vector/vec-memory-i-s-base/extra/opentelemetry-cpp/opentelemetry-cpp-1.23.0/api/include;/home/satya/WORK/vector/vec-memory-i-s-base/extra/opentelemetry-cpp/opentelemetry-cpp-1.23.0/sdk/include;/home/satya/WORK/vector/vec-memory-i-s-base/extra/opentelemetry-cpp/opentelemetry-cpp-1.23.0/exporters/otlp/include;/home/satya/WORK/vector/vec-memory-i-s-base/extra/opentelemetry-cpp/opentelemetry-cpp-1.23.0/ext/include
-- Adding telemetry dependencies
-- Using the single-header code from /home/satya/WORK/vector/vec-memory-i-s-base/extra/json/json-3.12.0/single_include/
-- Compiling opentelemetry-cpp with CMAKE_CXX_FLAGS -fno-omit-frame-pointer -ftls-model=initial-exec -U_FORTIFY_SOURCE -fdebug-prefix-map=/home/satya/WORK/vector/vec-memory-i-s-base/=./ -fdebug-prefix-map=/home/satya/WORK/vector/vec-memory-i-s-base/bld=./obj -Wall -Wextra -Wformat-security -Wvla -Wundef -Wmissing-format-attribute -Woverloaded-virtual -Wcast-qual -Wimplicit-fallthrough=5 -Wstringop-truncation -Wsuggest-override -Wmissing-include-dirs -Wextra-semi -Wlogical-op -Werror -Wno-error
-- Compiling opentelemetry-cpp with OTELCPP_PROTO_PATH /home/satya/WORK/vector/vec-memory-i-s-base/extra/opentelemetry-proto/opentelemetry-proto-1.7.0
-- Compiling opentelemetry-cpp with OTELCPP_NLOHMANN_JSON /home/satya/WORK/vector/vec-memory-i-s-base/extra/json/json-3.12.0
CMake Deprecation Warning at extra/opentelemetry-cpp/opentelemetry-cpp-1.23.0/CMakeLists.txt:9 (cmake_policy):
  The OLD behavior for policy CMP0092 will be removed from a future version
  of CMake.

  The cmake-policies(7) manual explains that the OLD behaviors of all
  policies are deprecated and that a policy should be set to OLD only under
  specific short-term circumstances.  Projects should be ported to the NEW
  behavior and not rely on setting a policy to OLD.


-- fetching opentelemetry-proto from OTELCPP_PROTO_PATH=/home/satya/WORK/vector/vec-memory-i-s-base/extra/opentelemetry-proto/opentelemetry-proto-1.7.0
-- ---------------------------------------------
-- build settings
-- ---------------------------------------------
-- OpenTelemetry VERSION: 1.23.0
-- OpenTelemetry ABI: 2
-- CMAKE_SYSTEM_PROCESSOR: x86_64
-- CXX: GNU 15.2.0
-- CMAKE_BUILD_TYPE: Debug
-- CXXFLAGS: -fno-omit-frame-pointer -ftls-model=initial-exec -U_FORTIFY_SOURCE -fdebug-prefix-map=/home/satya/WORK/vector/vec-memory-i-s-base/=./ -fdebug-prefix-map=/home/satya/WORK/vector/vec-memory-i-s-base/bld=./obj -Wall -Wextra -Wformat-security -Wvla -Wundef -Wmissing-format-attribute -Woverloaded-virtual -Wcast-qual -Wimplicit-fallthrough=5 -Wstringop-truncation -Wsuggest-override -Wmissing-include-dirs -Wextra-semi -Wlogical-op -Werror -Wno-error -Wno-unused-function -Wno-deprecated-copy-dtor -Wno-extra-semi -Wno-unused-parameter
-- CMAKE_CXX_STANDARD: 23
-- CMAKE_TOOLCHAIN_FILE: 
-- BUILD_SHARED_LIBS: OFF
-- ---------------------------------------------
-- opentelemetry-cpp build options
-- ---------------------------------------------
-- WITH_API_ONLY: OFF
-- WITH_NO_DEPRECATED_CODE: OFF
-- WITH_ABI_VERSION_1: OFF
-- WITH_ABI_VERSION_2: ON
-- OTELCPP_VERSIONED_LIBS: OFF
-- OTELCPP_MAINTAINER_MODE: OFF
-- WITH_STL: OFF
-- WITH_GSL: OFF
-- WITH_NO_GETENV: ON
-- ---------------------------------------------
-- opentelemetry-cpp cmake component options
-- ---------------------------------------------
-- WITH_OTLP_GRPC: OFF
-- WITH_OTLP_HTTP: ON
-- WITH_OTLP_FILE: OFF
-- WITH_HTTP_CLIENT_CURL: ON
-- WITH_ZIPKIN: OFF
-- WITH_PROMETHEUS: OFF
-- WITH_ELASTICSEARCH: OFF
-- WITH_OPENTRACING: OFF
-- WITH_ETW: OFF
-- OPENTELEMETRY_BUILD_DLL: 
-- ---------------------------------------------
-- feature preview options
-- ---------------------------------------------
-- WITH_ASYNC_EXPORT_PREVIEW: OFF
-- WITH_THREAD_INSTRUMENTATION_PREVIEW: ON
-- WITH_METRICS_EXEMPLAR_PREVIEW: OFF
-- WITH_OTLP_GRPC_SSL_MTLS_PREVIEW: OFF
-- WITH_OTLP_GRPC_CREDENTIAL_PREVIEW: OFF
-- WITH_OTLP_RETRY_PREVIEW: OFF
-- ---------------------------------------------
-- third-party options
-- ---------------------------------------------
-- WITH_NLOHMANN_JSON: ON
-- WITH_CURL_LOGGING: ON
-- WITH_OTLP_HTTP_COMPRESSION: ON
-- ---------------------------------------------
-- examples and test options
-- ---------------------------------------------
-- WITH_BENCHMARK: ON
-- WITH_EXAMPLES: OFF
-- WITH_EXAMPLES_HTTP: OFF
-- WITH_FUNC_TESTS: OFF
-- BUILD_W3CTRACECONTEXT_TEST: OFF
-- BUILD_TESTING: OFF
-- ---------------------------------------------
-- versions
-- ---------------------------------------------
-- CMake: 4.2.3
-- GTest:  ()
-- benchmark:  ()
-- opentelemetry-proto: unknown (fetch_source)
-- CURL: 8.18 ()
-- ZLIB: 1.3.2 ()
-- nlohmann-json:  ()
-- ---------------------------------------------
-- Building WITH_STL=OFF
-- Compiling telemetry_client with 
-- telemetry_client CMAKE_CXX_FLAGS = -fno-omit-frame-pointer -ftls-model=initial-exec -U_FORTIFY_SOURCE -fdebug-prefix-map=/home/satya/WORK/vector/vec-memory-i-s-base/=./ -fdebug-prefix-map=/home/satya/WORK/vector/vec-memory-i-s-base/bld=./obj -Wall -Wextra -Wformat-security -Wvla -Wundef -Wmissing-format-attribute -Woverloaded-virtual -Wcast-qual -Wimplicit-fallthrough=5 -Wstringop-truncation -Wsuggest-override -Wmissing-include-dirs -Wextra-semi -Wlogical-op -Werror
-- MYSQLX - Text log of protobuf messages enabled
-- MYSQLX - Enabled debug traces
-- Building Binlog Utils UDF component
-- Building Encryption UDF component
-- Not building JS stored routine language component
-- Building Keyring Vault Component
-- Building Masking Functions component
-- Not building Percona Telemetry component
-- server telemetry opentelemetry_targets_seen
-- Compiling server telemetry with 
-- server telemetry CMAKE_CXX_FLAGS = -fno-omit-frame-pointer -ftls-model=initial-exec -U_FORTIFY_SOURCE -fdebug-prefix-map=/home/satya/WORK/vector/vec-memory-i-s-base/=./ -fdebug-prefix-map=/home/satya/WORK/vector/vec-memory-i-s-base/bld=./obj -Wall -Wextra -Wformat-security -Wvla -Wundef -Wmissing-format-attribute -Woverloaded-virtual -Wcast-qual -Wimplicit-fallthrough=5 -Wstringop-truncation -Wsuggest-override -Wmissing-include-dirs -Wextra-semi -Wlogical-op -Werror
-- server telemetry INCLUDE_DIRECTORIES /home/satya/WORK/vector/vec-memory-i-s-base/extra/opentelemetry-cpp/opentelemetry-cpp-1.23.0/api/include;/home/satya/WORK/vector/vec-memory-i-s-base/extra/opentelemetry-cpp/opentelemetry-cpp-1.23.0/sdk/include;/home/satya/WORK/vector/vec-memory-i-s-base/extra/opentelemetry-cpp/opentelemetry-cpp-1.23.0/exporters/otlp/include;/home/satya/WORK/vector/vec-memory-i-s-base/extra/opentelemetry-cpp/opentelemetry-cpp-1.23.0/ext/include
-- Building UUID_VX UDF component
-- json_client_library_objlib depends on ext::zlib
-- json_client_library_objlib depends on ext::xxhash
-- Library json_binlog_static depends on OSLIBS m
-- MERGE_CONVENIENCE_LIBRARIES TARGET json_binlog_static
-- MERGE_CONVENIENCE_LIBRARIES LIBS json_client_library;mysys;mytime;strings;decimal
-- LINK_FLAGS for mysqld  -Wl,-rpath,'$ORIGIN/../lib/private'
-- BISON outputs /home/satya/WORK/vector/vec-memory-i-s-base/bld/sql/sql_yacc.cc;/home/satya/WORK/vector/vec-memory-i-s-base/bld/sql/sql_yacc.h
-- BISON outputs /home/satya/WORK/vector/vec-memory-i-s-base/bld/sql/sql_hints.yy.cc;/home/satya/WORK/vector/vec-memory-i-s-base/bld/sql/sql_hints.yy.h
-- CONFIG_CLIENT_LIBS -lssl  -lcrypto -lresolv -lm
-- CONFIG_LIBS_PRIVATE  -lresolv -lm
-- INSTALL perconaserverclient.pc lib/pkgconfig
-- Could NOT find Doxygen (missing: DOXYGEN_EXECUTABLE) 
-- CMAKE_BUILD_TYPE: Debug
-- COMPILE_DEFINITIONS: _GNU_SOURCE;_FILE_OFFSET_BITS=64;__STDC_LIMIT_MACROS;__STDC_FORMAT_MACROS;_USE_MATH_DEFINES;LZ4_DISABLE_DEPRECATE_WARNINGS;HAVE_TLSv13
-- CMAKE_C_FLAGS: -fno-omit-frame-pointer -ftls-model=initial-exec -U_FORTIFY_SOURCE -fdebug-prefix-map=/home/satya/WORK/vector/vec-memory-i-s-base/=./ -fdebug-prefix-map=/home/satya/WORK/vector/vec-memory-i-s-base/bld=./obj -Wall -Wextra -Wformat-security -Wvla -Wundef -Wmissing-format-attribute -Wwrite-strings -Wjump-misses-init -Wstringop-truncation -Wmissing-include-dirs -Werror
-- CMAKE_CXX_FLAGS: -fno-omit-frame-pointer -ftls-model=initial-exec -U_FORTIFY_SOURCE -fdebug-prefix-map=/home/satya/WORK/vector/vec-memory-i-s-base/=./ -fdebug-prefix-map=/home/satya/WORK/vector/vec-memory-i-s-base/bld=./obj -Wall -Wextra -Wformat-security -Wvla -Wundef -Wmissing-format-attribute -Woverloaded-virtual -Wcast-qual -Wimplicit-fallthrough=5 -Wstringop-truncation -Wsuggest-override -Wmissing-include-dirs -Wextra-semi -Wlogical-op -Werror
-- CMAKE_CXX_FLAGS_DEBUG: -DSAFE_MUTEX -DENABLED_DEBUG_SYNC -g
-- CMAKE_CXX_FLAGS_RELWITHDEBINFO: -DNDEBUG -D_FORTIFY_SOURCE=2 -ffunction-sections -fdata-sections -O2 -g -DNDEBUG
-- CMAKE_CXX_FLAGS_RELEASE: -DNDEBUG -D_FORTIFY_SOURCE=2 -ffunction-sections -fdata-sections -O3 -DNDEBUG
-- CMAKE_CXX_FLAGS_MINSIZEREL: -DNDEBUG -D_FORTIFY_SOURCE=2 -ffunction-sections -fdata-sections -Os -DNDEBUG
-- CMAKE_C_LINK_FLAGS: 
-- CMAKE_CXX_LINK_FLAGS: 
-- CMAKE_EXE_LINKER_FLAGS 
-- CMAKE_MODULE_LINKER_FLAGS 
-- CMAKE_SHARED_LINKER_FLAGS 
-- Configuring done (0.8s)
-- Generating done (1.4s)
-- Build files have been written to: /home/satya/WORK/vector/vec-memory-i-s-base/bld
[  0%] Building CXX object extra/abseil/abseil-cpp-20250814.1/absl/base/CMakeFiles/absl_spinlock_wait.dir/internal/spinlock_wait.cc.o
[  0%] Generating abi_check.out
[  0%] Generating Docs/INFO_SRC
[  0%] Building CXX object extra/abseil/abseil-cpp-20250814.1/absl/base/CMakeFiles/absl_strerror.dir/internal/strerror.cc.o
[  0%] Building CXX object extra/abseil/abseil-cpp-20250814.1/absl/time/CMakeFiles/absl_time_zone.dir/internal/cctz/src/time_zone_fixed.cc.o
[  1%] Building C object extra/zlib/zlib-1.3.2/CMakeFiles/zlib_objlib.dir/adler32.c.o
[  1%] Building CXX object extra/abseil/abseil-cpp-20250814.1/absl/profiling/CMakeFiles/absl_exponential_biased.dir/internal/exponential_biased.cc.o
[  1%] Building C object extra/zlib/zlib-1.3.2/CMakeFiles/zlib_objlib.dir/crc32.c.o
[  1%] Building CXX object extra/abseil/abseil-cpp-20250814.1/absl/time/CMakeFiles/absl_civil_time.dir/internal/cctz/src/civil_time_detail.cc.o
[  1%] Building C object extra/zlib/zlib-1.3.2/CMakeFiles/zlib_objlib.dir/compress.c.o
[  1%] Building CXX object extra/abseil/abseil-cpp-20250814.1/absl/debugging/CMakeFiles/absl_utf8_for_code_point.dir/internal/utf8_for_code_point.cc.o
[  1%] Building CXX object extra/abseil/abseil-cpp-20250814.1/absl/time/CMakeFiles/absl_time_zone.dir/internal/cctz/src/time_zone_impl.cc.o
[  1%] Building CXX object extra/abseil/abseil-cpp-20250814.1/absl/debugging/CMakeFiles/absl_leak_check.dir/leak_check.cc.o
[  1%] Building C object extra/zlib/zlib-1.3.2/CMakeFiles/zlib_objlib.dir/deflate.c.o
[  1%] Building CXX object extra/abseil/abseil-cpp-20250814.1/absl/time/CMakeFiles/absl_time_zone.dir/internal/cctz/src/time_zone_if.cc.o
[  1%] Building C object extra/zlib/zlib-1.3.2/CMakeFiles/zlib_objlib.dir/gzread.c.o
[  1%] Building CXX object extra/abseil/abseil-cpp-20250814.1/absl/time/CMakeFiles/absl_time_zone.dir/internal/cctz/src/time_zone_format.cc.o
[  1%] Building CXX object extra/abseil/abseil-cpp-20250814.1/absl/flags/CMakeFiles/absl_flags_commandlineflag_internal.dir/internal/commandlineflag.cc.o
[  1%] Building C object extra/libbacktrace/CMakeFiles/backtrace_objlib.dir/sha793921876c981/backtrace.c.o
[  1%] Building CXX object extra/abseil/abseil-cpp-20250814.1/absl/log/CMakeFiles/absl_log_internal_nullguard.dir/internal/nullguard.cc.o
[  1%] Building C object extra/zlib/zlib-1.3.2/CMakeFiles/zlib_objlib.dir/gzclose.c.o
[  1%] Building CXX object extra/abseil/abseil-cpp-20250814.1/absl/time/CMakeFiles/absl_time_zone.dir/internal/cctz/src/time_zone_libc.cc.o
[  1%] Building C object extra/zstd/CMakeFiles/zstd_objlib.dir/zstd-1.5.7/lib/common/debug.c.o
[  1%] Building C object extra/zlib/zlib-1.3.2/CMakeFiles/zlib_objlib.dir/gzlib.c.o
[  1%] Building CXX object strings/CMakeFiles/uca9dump.dir/uca9-dump.cc.o
[  1%] Building CXX object extra/icu/CMakeFiles/icustubdata.dir/icu-release-77-1/source/stubdata/stubdata.cpp.o
[  1%] Building CXX object extra/abseil/abseil-cpp-20250814.1/absl/time/CMakeFiles/absl_time_zone.dir/internal/cctz/src/time_zone_info.cc.o
[  1%] Building CXX object extra/abseil/abseil-cpp-20250814.1/absl/time/CMakeFiles/absl_time_zone.dir/internal/cctz/src/time_zone_posix.cc.o
[  1%] Building C object extra/zlib/zlib-1.3.2/CMakeFiles/zlib_objlib.dir/inflate.c.o
[  1%] Building CXX object extra/abseil/abseil-cpp-20250814.1/absl/time/CMakeFiles/absl_time_zone.dir/internal/cctz/src/zone_info_source.cc.o
[  1%] Building C object extra/libbacktrace/CMakeFiles/backtrace_objlib.dir/sha793921876c981/elf.c.o
[  1%] Building C object extra/zstd/CMakeFiles/zstd_objlib.dir/zstd-1.5.7/lib/common/entropy_common.c.o
[  1%] Building CXX object extra/abseil/abseil-cpp-20250814.1/absl/base/CMakeFiles/absl_log_severity.dir/log_severity.cc.o
[  1%] Building CXX object extra/abseil/abseil-cpp-20250814.1/absl/time/CMakeFiles/absl_time_zone.dir/internal/cctz/src/time_zone_lookup.cc.o
[  1%] Building C object extra/zlib/zlib-1.3.2/CMakeFiles/zlib_objlib.dir/inffast.c.o
[  1%] Building C object extra/zlib/zlib-1.3.2/CMakeFiles/zlib_objlib.dir/gzwrite.c.o
[  1%] Building C object extra/zlib/zlib-1.3.2/CMakeFiles/zlib_objlib.dir/inftrees.c.o
[  1%] Building CXX object vio/CMakeFiles/vio_objlib.dir/viosocket.cc.o
[  1%] Building C object extra/xxhash/CMakeFiles/xxhash_lib.dir/xxHash-0.8.3/xxhash.c.o
[  1%] Building C object extra/lz4/CMakeFiles/lz4_lib.dir/lz4-1.10.0/lib/lz4frame.c.o
[  1%] Building C object extra/zlib/zlib-1.3.2/CMakeFiles/zlib_objlib.dir/trees.c.o
[  1%] Building C object extra/zstd/CMakeFiles/zstd_objlib.dir/zstd-1.5.7/lib/common/error_private.c.o
[  1%] Building C object extra/libbacktrace/CMakeFiles/backtrace_objlib.dir/sha793921876c981/mmap.c.o
[  1%] Building CXX object vio/CMakeFiles/vio_objlib.dir/vio.cc.o
[  1%] Building C object extra/libbacktrace/CMakeFiles/backtrace_objlib.dir/sha793921876c981/print.c.o
[  1%] Building C object extra/lz4/CMakeFiles/lz4_lib.dir/lz4-1.10.0/lib/lz4.c.o
[  1%] Building C object extra/zlib/zlib-1.3.2/CMakeFiles/zlib_objlib.dir/zutil.c.o
[  1%] Building CXX object mysys/CMakeFiles/mytime_objlib.dir/my_time.cc.o
[  1%] Building C object extra/libbacktrace/CMakeFiles/backtrace_objlib.dir/sha793921876c981/state.c.o
[  1%] Building CXX object sql/CMakeFiles/gen_lex_hash.dir/gen_lex_hash.cc.o
[  1%] Building CXX object libs/mysql/containers/CMakeFiles/mysql_containers.dir/buffers/grow_calculator.cpp.o
[  1%] Building C object extra/libbacktrace/CMakeFiles/backtrace_objlib.dir/sha793921876c981/dwarf.c.o
[  1%] Building C object extra/libbacktrace/CMakeFiles/backtrace_objlib.dir/sha793921876c981/simple.c.o
[  1%] Generating Sys Schema SQL code
[  1%] Building C object extra/lz4/CMakeFiles/lz4_lib.dir/lz4-1.10.0/lib/lz4hc.c.o
[  1%] Building CXX object mysys/CMakeFiles/mytime_objlib.dir/my_systime.cc.o
[  1%] Building CXX object libs/mysql/gtid/CMakeFiles/mysql_gtid.dir/gtid.cpp.o
[  1%] Building C object extra/libbacktrace/CMakeFiles/backtrace_objlib.dir/sha793921876c981/sort.c.o
[  1%] Building C object extra/zlib/zlib-1.3.2/CMakeFiles/zlib_objlib.dir/uncompr.c.o
[  1%] Building CXX object scripts/CMakeFiles/comp_sql.dir/comp_sql.cc.o
[  1%] Building C object extra/libbacktrace/CMakeFiles/backtrace_objlib.dir/sha793921876c981/mmapio.c.o
[  1%] Building CXX object libs/mysql/serialization/CMakeFiles/mysql_serialization.dir/archive_binary.cpp.o
[  1%] makelist -h /home/satya/WORK/vector/vec-memory-i-s-base/extra/libedit/libedit-20240808-3.1/src/vi.c > vi.h
[  1%] transform_to_lite /home/satya/WORK/vector/vec-memory-i-s-base/plugin/x/protocol/protobuf/mysqlx.proto
[  1%] Building CXX object libs/mysql/containers/CMakeFiles/mysql_containers.dir/buffers/grow_constraint.cpp.o
[  1%] makelist -h /home/satya/WORK/vector/vec-memory-i-s-base/extra/libedit/libedit-20240808-3.1/src/common.c > common.h
[  1%] Building CXX object vio/CMakeFiles/vio_objlib.dir/viossl.cc.o
[  1%] Building C object extra/protobuf/protobuf-24.4/third_party/utf8_range/CMakeFiles/utf8_range.dir/naive.c.o
[  1%] Building C object extra/zstd/CMakeFiles/zstd_objlib.dir/zstd-1.5.7/lib/common/fse_decompress.c.o
[  1%] Building C object extra/libcbor/libcbor-0.11.0/src/CMakeFiles/cbor.dir/cbor.c.o
[  1%] Building C object libservices/CMakeFiles/mysqlservices.dir/service_command.c.o
[  1%] Building C object CMakeFiles/stack_direction.dir/cmake/stack_direction.c.o
[  1%] Building CXX object extra/libkmip/kmipcore/CMakeFiles/kmipcore.dir/src/attributes_parser.cpp.o
[  2%] Building CXX object mysys/CMakeFiles/mytime_objlib.dir/my_temporal.cc.o
[  2%] Building CXX object plugin/auth_openid_connect/CMakeFiles/create_id_token.dir/tools/create_id_token.cc.o
[  2%] makelist -h /home/satya/WORK/vector/vec-memory-i-s-base/extra/libedit/libedit-20240808-3.1/src/emacs.c > emacs.h
[  2%] makelist -bh /home/satya/WORK/vector/vec-memory-i-s-base/extra/libedit/libedit-20240808-3.1/src/vi.c /home/satya/WORK/vector/vec-memory-i-s-base/extra/libedit/libedit-20240808-3.1/src/emacs.c /home/satya/WORK/vector/vec-memory-i-s-base/extra/libedit/libedit-20240808-3.1/src/common.c > help.h
[  2%] Building C object extra/libbacktrace/CMakeFiles/backtrace_objlib.dir/sha793921876c981/fileline.c.o
[  2%] Building CXX object extra/opentelemetry-cpp/opentelemetry-cpp-1.23.0/sdk/src/version/CMakeFiles/opentelemetry_version.dir/version.cc.o
[  2%] Building CXX object router/src/harness/src/CMakeFiles/router_mysqlclient_shim_objlib.dir/router_mysqlclient_exports.cc.o
[  2%] Building CXX object extra/abseil/abseil-cpp-20250814.1/absl/random/CMakeFiles/absl_random_internal_platform.dir/internal/randen_round_keys.cc.o
[  2%] Building CXX object mysys/CMakeFiles/build_id_test.dir/build_id_test.cc.o
[  2%] Building CXX object extra/opensslpp/CMakeFiles/OpenSSLPP.dir/src/opensslpp/big_number.cpp.o
[  2%] Building C object extra/zlib/zlib-1.3.2/CMakeFiles/zlib_objlib.dir/infback.c.o
[  2%] Building C object extra/libkmip/libkmip/src/CMakeFiles/kmip.dir/kmip_bio.c.o
[  2%] Building CXX object sql-common/oci/CMakeFiles/oci_common_objlib.dir/signing_key.cc.o
[  2%] Building CXX object libmysql/fido_client/common/CMakeFiles/fido_client_common_objlib.dir/assertion.cc.o
[  2%] Building CXX object extra/libcno/CMakeFiles/cno_huffman_generator.dir/cno_huffman_generator.cc.o
[  2%] Building CXX object mysql-test/lib/My/SafeProcess/CMakeFiles/mysqltest_safe_process.dir/safe_process.cc.o
[  2%] Building CXX object libs/mysql/gtid/CMakeFiles/mysql_gtid.dir/gtidset.cpp.o
[  2%] Building CXX object client/CMakeFiles/decimal_objlib.dir/__/sql-common/my_decimal.cc.o
[  2%] Building CXX object extra/opentelemetry-cpp/opentelemetry-cpp-1.23.0/sdk/src/common/CMakeFiles/opentelemetry_common.dir/random.cc.o
[  2%] Building CXX object router/src/harness/src/CMakeFiles/harness_stdx.dir/stdx/filesystem.cc.o
[  2%] Building CXX object router/src/json_schema_embedder/CMakeFiles/json_schema_embedder.dir/json_schema_embedder.cc.o
[  2%] Building CXX object router/src/harness/src/CMakeFiles/harness_tls.dir/tls_client_context.cc.o
[  2%] Building C object extra/libbacktrace/CMakeFiles/backtrace_objlib.dir/sha793921876c981/posix.c.o
[  2%] Linking CXX shared library ../../../../../library_output_directory/libabsl_spinlock_wait.so
[  2%] Linking CXX shared library ../../../../../library_output_directory/libabsl_civil_time.so
[  2%] Linking CXX shared library ../../../../../library_output_directory/libabsl_utf8_for_code_point.so
[  2%] Linking CXX shared library ../../../../../library_output_directory/libabsl_strerror.so
[  2%] Built target INFO_SRC
[  2%] Linking CXX shared library ../../../../../library_output_directory/libabsl_log_internal_nullguard.so
[  2%] Building CXX object extra/opentelemetry-cpp/opentelemetry-cpp-1.23.0/sdk/src/common/CMakeFiles/opentelemetry_common.dir/env_variables.cc.o
[  2%] Building C object extra/libkmip/libkmip/src/CMakeFiles/kmip.dir/kmip.c.o
[  2%] Linking CXX shared library ../../../../../library_output_directory/libabsl_flags_commandlineflag_internal.so
[  2%] Building CXX object libmysql/fido_client/common/CMakeFiles/fido_client_common_objlib.dir/common.cc.o
[  2%] Building CXX object extra/libkmip/kmipcore/CMakeFiles/kmipcore.dir/src/key_parser.cpp.o
[  2%] Building C object libservices/CMakeFiles/mysqlservices.dir/locking_service.c.o
[  2%] Building CXX object extra/opentelemetry-cpp/opentelemetry-cpp-1.23.0/sdk/src/common/CMakeFiles/opentelemetry_common.dir/global_log_handler.cc.o
[  2%] Building CXX object extra/libkmip/kmipcore/CMakeFiles/kmipcore.dir/src/kmip_basics.cpp.o
[  2%] Building CXX object extra/opensslpp/CMakeFiles/OpenSSLPP.dir/src/opensslpp/bio.cpp.o
[  2%] Linking CXX shared library ../../../../../library_output_directory/libabsl_leak_check.so
[  2%] Building C object extra/libkmip/libkmip/src/CMakeFiles/kmip.dir/kmip_locate.c.o
[  2%] Built target libedit_help
[  2%] Building CXX object extra/opensslpp/CMakeFiles/OpenSSLPP.dir/src/opensslpp/core_error.cpp.o
[  2%] Building CXX object libmysql/fido_client/common/CMakeFiles/fido_client_common_objlib.dir/registration.cc.o
[  2%] Building CXX object sql-common/oci/CMakeFiles/oci_common_objlib.dir/utilities.cc.o
[  2%] Building CXX object extra/libkmip/kmipcore/CMakeFiles/kmipcore.dir/src/kmip_attributes.cpp.o
[  2%] Building C object extra/zstd/CMakeFiles/zstd_objlib.dir/zstd-1.5.7/lib/common/pool.c.o
[  2%] Building CXX object extra/libbacktrace/CMakeFiles/backtrace_objlib.dir/src/stacktrace.cc.o
[  2%] Linking CXX shared library ../../../../../library_output_directory/libabsl_log_severity.so
[  2%] Building CXX object libs/mysql/gtid/CMakeFiles/mysql_gtid.dir/tsid.cpp.o
[  2%] Linking CXX shared library ../../../../../library_output_directory/libabsl_exponential_biased.so
[  2%] Building C object extra/protobuf/protobuf-24.4/third_party/utf8_range/CMakeFiles/utf8_range.dir/range2-neon.c.o
[  2%] Built target libedit_common
[  2%] Building CXX object libs/mysql/gtid/CMakeFiles/mysql_gtid.dir/tag_plain.cpp.o
[  2%] Linking C executable runtime_output_directory/stack_direction
[  2%] Building C object extra/zstd/CMakeFiles/zstd_objlib.dir/zstd-1.5.7/lib/common/threading.c.o
[  2%] Building CXX object router/src/harness/src/CMakeFiles/harness_tls.dir/tls_server_context.cc.o
[  2%] Building C object extra/lz4/CMakeFiles/lz4_lib.dir/lz4-1.10.0/lib/xxhash.c.o
[  2%] Building CXX object router/src/harness/src/CMakeFiles/harness_stdx.dir/stdx/io/file_handle.cc.o
[  2%] Built target libedit_vi
[  2%] Building CXX object router/src/harness/src/CMakeFiles/harness_tls.dir/tls_context.cc.o
[  2%] Building CXX object libs/mysql/gtid/CMakeFiles/mysql_gtid.dir/tag.cpp.o
[  2%] Building CXX object router/src/harness/src/CMakeFiles/harness_tls.dir/tls_error.cc.o
[  2%] Building CXX object extra/libkmip/kmipcore/CMakeFiles/kmipcore.dir/src/kmip_formatter.cpp.o
[  2%] Building CXX object extra/libkmip/kmipcore/CMakeFiles/kmipcore.dir/src/kmip_errors.cpp.o
[  2%] Building C object extra/libcbor/libcbor-0.11.0/src/CMakeFiles/cbor.dir/allocators.c.o
[  2%] transform_to_lite /home/satya/WORK/vector/vec-memory-i-s-base/plugin/x/protocol/protobuf/mysqlx_cursor.proto
[  2%] Linking C static library ../../archive_output_directory/libxxhash_lib.a
[  2%] transform_to_lite /home/satya/WORK/vector/vec-memory-i-s-base/plugin/x/protocol/protobuf/mysqlx_crud.proto
[  2%] Building CXX object extra/opensslpp/CMakeFiles/OpenSSLPP.dir/src/opensslpp/dh_key.cpp.o
[  2%] Building CXX object libs/mysql/serialization/CMakeFiles/mysql_serialization.dir/archive_text.cpp.o
[  2%] Linking CXX executable ../runtime_output_directory/gen_lex_hash
[  2%] Building CXX object extra/opensslpp/CMakeFiles/OpenSSLPP.dir/src/opensslpp/digest_context.cpp.o
[  2%] Building CXX object libs/mysql/serialization/CMakeFiles/mysql_serialization.dir/serialization_error.cpp.o
[  2%] Building CXX object extra/opensslpp/CMakeFiles/OpenSSLPP.dir/src/opensslpp/dh_compute_operations.cpp.o
[  2%] Building C object libservices/CMakeFiles/mysqlservices.dir/thd_alloc_service.c.o
[  2%] Building CXX object mysys/CMakeFiles/build_id_test.dir/build_id.cc.o
[  2%] Building C object extra/protobuf/protobuf-24.4/third_party/utf8_range/CMakeFiles/utf8_range.dir/range2-sse.c.o
[  2%] Linking CXX shared library ../../../../../library_output_directory/libabsl_time_zone.so
[  2%] Building CXX object libs/mysql/serialization/CMakeFiles/mysql_serialization.dir/primitive_type_codec.cpp.o
[  2%] Building C object libservices/CMakeFiles/mysqlservices.dir/srv_session_service.c.o
[  3%] Building CXX object libs/mysql/containers/CMakeFiles/mysql_containers.dir/buffers/grow_status.cpp.o
[  3%] Built target mytime_objlib
[  3%] Linking CXX shared library ../../library_output_directory/libicustubdata.so
[  3%] transform_to_lite /home/satya/WORK/vector/vec-memory-i-s-base/plugin/x/protocol/protobuf/mysqlx_connection.proto
[  3%] Building CXX object extra/opensslpp/CMakeFiles/OpenSSLPP.dir/src/opensslpp/digest_operations.cpp.o
[  3%] Building CXX object vio/CMakeFiles/vio_objlib.dir/viosslfactories.cc.o
[  3%] Linking CXX static library libopentelemetry_version.a
[  3%] Building C object extra/libcbor/libcbor-0.11.0/src/CMakeFiles/cbor.dir/cbor/streaming.c.o
[  3%] Built target libedit_emacs
[  3%] Building C object libservices/CMakeFiles/mysqlservices.dir/thd_wait_service.c.o
[  3%] Building CXX object extra/libkmip/kmipcore/CMakeFiles/kmipcore.dir/src/kmip_protocol.cpp.o
[  3%] Built target all_sys_schema
[  3%] Building CXX object extra/opentelemetry-cpp/opentelemetry-cpp-1.23.0/sdk/src/common/CMakeFiles/opentelemetry_common.dir/disabled.cc.o
[  3%] Linking CXX executable json_schema_embedder
[  3%] Building CXX object extra/opentelemetry-cpp/opentelemetry-cpp-1.23.0/sdk/src/common/CMakeFiles/opentelemetry_common.dir/base64.cc.o
[  3%] Built target zlib_objlib
[  3%] Linking CXX shared library ../../../../../library_output_directory/libabsl_random_internal_platform.so
[  3%] Linking CXX executable ../runtime_output_directory/comp_sql
[  3%] Built target decimal_objlib
[  3%] Linking CXX executable ../../../../runtime_output_directory/mysqltest_safe_process
[  3%] Building CXX object extra/libkmip/kmipcore/CMakeFiles/kmipcore.dir/src/kmip_responses.cpp.o
[  3%] Building CXX object libs/mysql/gtid/CMakeFiles/mysql_gtid.dir/tsid_plain.cpp.o
[  3%] Built target router_mysqlclient_shim_objlib
[  3%] Building C object libservices/CMakeFiles/mysqlservices.dir/my_plugin_log_service.c.o
[  3%] Building CXX object extra/libkmip/kmipcore/CMakeFiles/kmipcore.dir/src/kmip_requests.cpp.o
[  3%] Building CXX object extra/libkmip/kmipcore/CMakeFiles/kmipcore.dir/src/kmip_payloads.cpp.o
[  3%] Building C object extra/libcbor/libcbor-0.11.0/src/CMakeFiles/cbor.dir/cbor/internal/builder_callbacks.c.o
[  4%] Building C object extra/libcbor/libcbor-0.11.0/src/CMakeFiles/cbor.dir/cbor/internal/loaders.c.o
[  4%] Linking CXX executable ../../runtime_output_directory/cno_huffman_generator
[  4%] Building CXX object extra/opentelemetry-cpp/opentelemetry-cpp-1.23.0/sdk/src/common/CMakeFiles/opentelemetry_common.dir/platform/fork_unix.cc.o
[  4%] Building C object extra/libcbor/libcbor-0.11.0/src/CMakeFiles/cbor.dir/cbor/internal/encoders.c.o
[  4%] transform_to_lite /home/satya/WORK/vector/vec-memory-i-s-base/plugin/x/protocol/protobuf/mysqlx_datatypes.proto
[  4%] Linking CXX executable ../runtime_output_directory/uca9dump
[  4%] Building CXX object libs/mysql/gtid/CMakeFiles/mysql_gtid.dir/uuid.cpp.o
[  4%] Linking CXX executable ../../runtime_output_directory/create_id_token
[  4%] Building CXX object extra/libkmip/kmipcore/CMakeFiles/kmipcore.dir/src/response_parser.cpp.o
[  4%] Building CXX object extra/libkmip/kmipcore/CMakeFiles/kmipcore.dir/src/serialization_buffer.cpp.o
[  4%] Building C object extra/libcbor/libcbor-0.11.0/src/CMakeFiles/cbor.dir/cbor/internal/memory_utils.c.o
[  4%] Building C object extra/zstd/CMakeFiles/zstd_objlib.dir/zstd-1.5.7/lib/common/xxhash.c.o
[  4%] Building CXX object extra/opensslpp/CMakeFiles/OpenSSLPP.dir/src/opensslpp/dsa_key.cpp.o
[  4%] Building C object libservices/CMakeFiles/mysqlservices.dir/my_thread_scheduler_service.c.o
[  4%] Building C object extra/libcbor/libcbor-0.11.0/src/CMakeFiles/cbor.dir/cbor/internal/stack.c.o
[  4%] Building C object extra/zstd/CMakeFiles/zstd_objlib.dir/zstd-1.5.7/lib/common/zstd_common.c.o
[  4%] Building C object extra/zstd/CMakeFiles/zstd_objlib.dir/zstd-1.5.7/lib/compress/fse_compress.c.o
[  4%] Building C object extra/zstd/CMakeFiles/zstd_objlib.dir/zstd-1.5.7/lib/compress/hist.c.o
[  4%] Building C object extra/libcbor/libcbor-0.11.0/src/CMakeFiles/cbor.dir/cbor/encoding.c.o
[  4%] Building C object libservices/CMakeFiles/mysqlservices.dir/mysql_malloc_service.c.o
[  4%] Building C object extra/libcbor/libcbor-0.11.0/src/CMakeFiles/cbor.dir/cbor/internal/unicode.c.o
[  4%] transform_to_lite /home/satya/WORK/vector/vec-memory-i-s-base/plugin/x/protocol/protobuf/mysqlx_expect.proto
[  4%] Built target backtrace_objlib
[  4%] Building C object libservices/CMakeFiles/mysqlservices.dir/mysql_string_service.c.o
[  4%] Linking C static library libutf8_range.a
[  4%] Building C object libservices/CMakeFiles/mysqlservices.dir/mysql_password_policy_service.c.o
[  4%] transform_to_lite /home/satya/WORK/vector/vec-memory-i-s-base/plugin/x/protocol/protobuf/mysqlx_expr.proto
[  4%] transform_to_lite /home/satya/WORK/vector/vec-memory-i-s-base/plugin/x/protocol/protobuf/mysqlx_prepare.proto
[  4%] Building C object extra/libkmip/libkmip/src/CMakeFiles/kmip.dir/kmip_memset.c.o
[  5%] Building CXX object extra/opensslpp/CMakeFiles/OpenSSLPP.dir/src/opensslpp/evp_pkey.cpp.o
[  5%] transform_to_lite /home/satya/WORK/vector/vec-memory-i-s-base/plugin/x/protocol/protobuf/mysqlx_notice.proto
[  5%] Building C object extra/libcbor/libcbor-0.11.0/src/CMakeFiles/cbor.dir/cbor/serialization.c.o
[  5%] Linking CXX executable ../runtime_output_directory/build_id_test
[  5%] Building C object libservices/CMakeFiles/mysqlservices.dir/parser_service.c.o
[  5%] Linking C static library ../../archive_output_directory/liblz4_lib.a
[  5%] Building CXX object extra/opensslpp/CMakeFiles/OpenSSLPP.dir/src/opensslpp/dsa_sign_verify_operations.cpp.o
[  5%] Building CXX object extra/opensslpp/CMakeFiles/OpenSSLPP.dir/src/opensslpp/evp_pkey_sign_verify_operations.cpp.o
[  5%] Linking CXX static library ../../../archive_output_directory/libmysql_containers.a
[  5%] Building CXX object extra/opensslpp/CMakeFiles/OpenSSLPP.dir/src/opensslpp/key_generation_cancellation_context.cpp.o
[  5%] Building CXX object extra/opensslpp/CMakeFiles/OpenSSLPP.dir/src/opensslpp/rsa_encrypt_decrypt_operations.cpp.o
[  5%] transform_to_lite /home/satya/WORK/vector/vec-memory-i-s-base/plugin/x/protocol/protobuf/mysqlx_resultset.proto
[  5%] Building C object libservices/CMakeFiles/mysqlservices.dir/srv_session_info_service.c.o
[  5%] Linking CXX shared library ../../../../library_output_directory/libmysqlharness_stdx.so
[  5%] Built target fido_client_common_objlib
[  5%] Building C object libservices/CMakeFiles/mysqlservices.dir/rpl_transaction_write_set_service.c.o
[  5%] Building C object libservices/CMakeFiles/mysqlservices.dir/rpl_transaction_ctx_service.c.o
[  5%] Building CXX object libs/mysql/serialization/CMakeFiles/mysql_serialization.dir/read_archive_binary.cpp.o
[  5%] transform_to_lite /home/satya/WORK/vector/vec-memory-i-s-base/plugin/x/protocol/protobuf/mysqlx_sql.proto
[  5%] Built target oci_common_objlib
[  5%] Linking CXX shared library ../../../../library_output_directory/libmysqlharness_tls.so
[  5%] makelist -fc vi.h emacs.h common.h > func.h
[  5%] Building C object libservices/CMakeFiles/mysqlservices.dir/mysql_keyring_service.c.o
[  5%] Building C object libservices/CMakeFiles/mysqlservices.dir/security_context_service.c.o
[  5%] Building C object libservices/CMakeFiles/mysqlservices.dir/plugin_registry_service.c.o
[  5%] Building C object extra/libcbor/libcbor-0.11.0/src/CMakeFiles/cbor.dir/cbor/arrays.c.o
[  5%] Linking CXX static library ../archive_output_directory/libmytime.a
[  5%] transform_to_lite /home/satya/WORK/vector/vec-memory-i-s-base/plugin/x/protocol/protobuf/mysqlx_session.proto
[  5%] Building C object extra/zstd/CMakeFiles/zstd_objlib.dir/zstd-1.5.7/lib/compress/zstd_compress.c.o
[  5%] Building C object extra/libcbor/libcbor-0.11.0/src/CMakeFiles/cbor.dir/cbor/common.c.o
[  5%] Building C object extra/zstd/CMakeFiles/zstd_objlib.dir/zstd-1.5.7/lib/compress/huf_compress.c.o
[  5%] Building CXX object extra/opensslpp/CMakeFiles/OpenSSLPP.dir/src/opensslpp/rsa_key.cpp.o
[  5%] Building C object extra/zstd/CMakeFiles/zstd_objlib.dir/zstd-1.5.7/lib/compress/zstd_compress_literals.c.o
[  5%] Building CXX object extra/opensslpp/CMakeFiles/OpenSSLPP.dir/src/opensslpp/rsa_sign_verify_operations.cpp.o
[  5%] Building C object extra/libcbor/libcbor-0.11.0/src/CMakeFiles/cbor.dir/cbor/bytestrings.c.o
[  5%] Building C object extra/libcbor/libcbor-0.11.0/src/CMakeFiles/cbor.dir/cbor/floats_ctrls.c.o
[  5%] Built target vio_objlib
[  5%] Building C object extra/zstd/CMakeFiles/zstd_objlib.dir/zstd-1.5.7/lib/compress/zstd_double_fast.c.o
[  5%] Building C object extra/libcbor/libcbor-0.11.0/src/CMakeFiles/cbor.dir/cbor/strings.c.o
[  5%] Building C object extra/libcbor/libcbor-0.11.0/src/CMakeFiles/cbor.dir/cbor/tags.c.o
[  5%] Building C object extra/libcbor/libcbor-0.11.0/src/CMakeFiles/cbor.dir/cbor/maps.c.o
[  5%] Linking CXX static library libopentelemetry_common.a
[  5%] Building C object extra/libcbor/libcbor-0.11.0/src/CMakeFiles/cbor.dir/cbor/callbacks.c.o
[  5%] Building C object extra/zstd/CMakeFiles/zstd_objlib.dir/zstd-1.5.7/lib/compress/zstd_compress_sequences.c.o
[  5%] Building C object extra/libcbor/libcbor-0.11.0/src/CMakeFiles/cbor.dir/cbor/ints.c.o
[  5%] Linking CXX static library ../../../archive_output_directory/libmysql_gtid.a
[  5%] Building C object extra/zstd/CMakeFiles/zstd_objlib.dir/zstd-1.5.7/lib/compress/zstd_compress_superblock.c.o
[  5%] Built target xxhash_lib
[  5%] Building C object extra/zstd/CMakeFiles/zstd_objlib.dir/zstd-1.5.7/lib/compress/zstd_ldm.c.o
[  5%] Building C object extra/zstd/CMakeFiles/zstd_objlib.dir/zstd-1.5.7/lib/compress/zstd_opt.c.o
[  5%] Building C object extra/zstd/CMakeFiles/zstd_objlib.dir/zstd-1.5.7/lib/decompress/huf_decompress.c.o
[  5%] Building C object extra/zstd/CMakeFiles/zstd_objlib.dir/zstd-1.5.7/lib/compress/zstd_preSplit.c.o
[  5%] Linking CXX static library libkmipcore.a
[  5%] Built target opentelemetry_version
[  5%] Linking C static library ../../../archive_output_directory/libzlib.a
[  5%] Building C object extra/zstd/CMakeFiles/zstd_objlib.dir/zstd-1.5.7/lib/decompress/zstd_ddict.c.o
[  5%] Building C object extra/zstd/CMakeFiles/zstd_objlib.dir/zstd-1.5.7/lib/compress/zstd_lazy.c.o
[  5%] Building C object extra/zstd/CMakeFiles/zstd_objlib.dir/zstd-1.5.7/lib/compress/zstd_fast.c.o
[  5%] Building C object extra/zstd/CMakeFiles/zstd_objlib.dir/zstd-1.5.7/lib/compress/zstdmt_compress.c.o
[  5%] Building C object extra/zstd/CMakeFiles/zstd_objlib.dir/zstd-1.5.7/lib/dictBuilder/cover.c.o
[  5%] makelist -fh vi.h emacs.h common.h > fcns.h
[  5%] Building C object extra/zstd/CMakeFiles/zstd_objlib.dir/zstd-1.5.7/lib/dictBuilder/divsufsort.c.o
[  5%] Linking CXX static library ../archive_output_directory/libdecimal.a
[  5%] Building C object extra/zstd/CMakeFiles/zstd_objlib.dir/zstd-1.5.7/lib/decompress/zstd_decompress.c.o
[  5%] Building C object extra/zstd/CMakeFiles/zstd_objlib.dir/zstd-1.5.7/lib/dictBuilder/fastcover.c.o
[  5%] Built target absl_log_internal_nullguard
[  5%] Built target absl_utf8_for_code_point
[  5%] Built target stack_direction
[  5%] Linking CXX static library ../../../../archive_output_directory/librouter_mysqlclient_shim.a
[  5%] Built target libedit_func
[  5%] Linking C static library libkmip.a
[  5%] Building C object extra/zstd/CMakeFiles/zstd_objlib.dir/zstd-1.5.7/lib/decompress/zstd_decompress_block.c.o
[  5%] Built target absl_leak_check
[  5%] Built target absl_random_internal_platform
[  5%] Linking CXX static library ../../archive_output_directory/libbacktrace.a
[  5%] Built target absl_exponential_biased
[  5%] Linking CXX static library ../../archive_output_directory/liboci_common.a
[  5%] Built target GenLiteProtos
[  5%] Linking CXX static library ../archive_output_directory/libvio.a
[  5%] Building C object extra/zstd/CMakeFiles/zstd_objlib.dir/zstd-1.5.7/lib/dictBuilder/zdict.c.o
[  6%] Building ASM object extra/zstd/CMakeFiles/zstd_objlib.dir/zstd-1.5.7/lib/decompress/huf_decompress_amd64.S.o
[  6%] Building CXX object libs/mysql/serialization/CMakeFiles/mysql_serialization.dir/write_archive_binary.cpp.o
[  6%] Linking C static library libmysqlservices.a
[  6%] Linking CXX static library libOpenSSLPP.a
[  6%] Built target utf8_range
[  6%] Built target absl_log_severity
[  6%] Built target libedit_fcns
[  6%] Linking C static library libcbor.a
[  6%] Built target mysqltest_safe_process
[  6%] Built target absl_spinlock_wait
[  6%] Built target mysql_containers
[  6%] Built target absl_strerror
[  6%] Built target absl_civil_time
[  6%] Built target lz4_lib
[  6%] Built target mytime
[  6%] Built target icustubdata
[  6%] Building CXX object extra/abseil/abseil-cpp-20250814.1/absl/random/CMakeFiles/absl_random_internal_randen_hwaes_impl.dir/internal/randen_hwaes.cc.o
[  6%] Building CXX object extra/abseil/abseil-cpp-20250814.1/absl/random/CMakeFiles/absl_random_internal_randen_slow.dir/internal/randen_slow.cc.o
[  6%] Building CXX object extra/abseil/abseil-cpp-20250814.1/absl/profiling/CMakeFiles/absl_periodic_sampler.dir/internal/periodic_sampler.cc.o
[  6%] Built target absl_flags_commandlineflag_internal
Verifying build-id
[  6%] Linking CXX static library ../../../archive_output_directory/libmysql_serialization.a
[  6%] Built target decimal
[  6%] Built target zlib
[  6%] Generating xdr_gen/xcom_vp.h, xdr_gen/xcom_vp_xdr.c
[  6%] Built target json_schema_embedder
[  6%] Building CXX object extra/abseil/abseil-cpp-20250814.1/absl/base/CMakeFiles/absl_raw_logging_internal.dir/internal/raw_logging.cc.o
[  6%] Built target router_mysqlclient_shim
[  6%] Built target zstd_objlib
[  6%] Built target mysql_gtid
[  6%] Building C object extra/libedit/libedit-20240808-3.1/src/CMakeFiles/edit.dir/common.c.o
[  6%] Building C object extra/libedit/libedit-20240808-3.1/src/CMakeFiles/edit.dir/chared.c.o
[  6%] Building C object extra/libedit/libedit-20240808-3.1/src/CMakeFiles/edit.dir/chartype.c.o
[  6%] Building C object extra/libedit/libedit-20240808-3.1/src/CMakeFiles/edit.dir/el.c.o
[  6%] Built target backtrace
[  6%] Building C object extra/libedit/libedit-20240808-3.1/src/CMakeFiles/edit.dir/emacs.c.o
[  6%] Building C object extra/libedit/libedit-20240808-3.1/src/CMakeFiles/edit.dir/eln.c.o
[  6%] Building C object extra/libedit/libedit-20240808-3.1/src/CMakeFiles/edit.dir/filecomplete.c.o
[  6%] Building C object extra/libedit/libedit-20240808-3.1/src/CMakeFiles/edit.dir/history.c.o
[  6%] Building C object extra/libedit/libedit-20240808-3.1/src/CMakeFiles/edit.dir/hist.c.o
[  6%] Building C object extra/libedit/libedit-20240808-3.1/src/CMakeFiles/edit.dir/historyn.c.o
[  6%] Built target kmip
[  6%] Built target opentelemetry_common
[  6%] Building C object extra/libedit/libedit-20240808-3.1/src/CMakeFiles/edit.dir/map.c.o
[  6%] Building C object extra/libedit/libedit-20240808-3.1/src/CMakeFiles/edit.dir/keymacro.c.o
[  6%] Building C object extra/libedit/libedit-20240808-3.1/src/CMakeFiles/edit.dir/literal.c.o
[  6%] Building C object extra/libedit/libedit-20240808-3.1/src/CMakeFiles/edit.dir/reallocarr.c.o
[  6%] Building C object extra/libedit/libedit-20240808-3.1/src/CMakeFiles/edit.dir/search.c.o
[  6%] Building C object extra/libedit/libedit-20240808-3.1/src/CMakeFiles/edit.dir/parse.c.o
[  6%] Building C object extra/libedit/libedit-20240808-3.1/src/CMakeFiles/edit.dir/sig.c.o
[  6%] Building C object extra/libedit/libedit-20240808-3.1/src/CMakeFiles/edit.dir/terminal.c.o
[  6%] Building C object extra/libedit/libedit-20240808-3.1/src/CMakeFiles/edit.dir/tokenizer.c.o
[  6%] Building C object extra/libedit/libedit-20240808-3.1/src/CMakeFiles/edit.dir/read.c.o
[  6%] Built target uca9dump
[  6%] Building C object extra/libedit/libedit-20240808-3.1/src/CMakeFiles/edit.dir/readline.c.o
[  6%] Building C object extra/libedit/libedit-20240808-3.1/src/CMakeFiles/edit.dir/prompt.c.o
[  6%] Building C object extra/libedit/libedit-20240808-3.1/src/CMakeFiles/edit.dir/refresh.c.o
[  6%] Building C object extra/libedit/libedit-20240808-3.1/src/CMakeFiles/edit.dir/unvis.c.o
[  7%] Building C object extra/libedit/libedit-20240808-3.1/src/CMakeFiles/edit.dir/vi.c.o
[  7%] Building C object extra/libedit/libedit-20240808-3.1/src/CMakeFiles/edit.dir/vis.c.o
[  7%] Building C object extra/libedit/libedit-20240808-3.1/src/CMakeFiles/edit.dir/tokenizern.c.o
[  7%] Building C object extra/libedit/libedit-20240808-3.1/src/CMakeFiles/edit.dir/tty.c.o
[  7%] Built target vio
[  7%] Built target comp_sql
[  7%] Built target mysqlservices
[  7%] Linking CXX shared library ../../../../../library_output_directory/libabsl_random_internal_randen_hwaes_impl.so
[  7%] Linking CXX shared library ../../../../../library_output_directory/libabsl_periodic_sampler.so
[  7%] Building CXX object extra/icu/CMakeFiles/icuuc.dir/icu-release-77-1/source/common/bmpset.cpp.o
[  7%] Building CXX object extra/icu/CMakeFiles/icuuc.dir/icu-release-77-1/source/common/brkiter.cpp.o
[  7%] Linking CXX shared library ../../../../../library_output_directory/libabsl_random_internal_randen_slow.so
[  7%] Building CXX object extra/icu/CMakeFiles/icuuc.dir/icu-release-77-1/source/common/bytestrie.cpp.o
[  7%] Building CXX object extra/icu/CMakeFiles/icuuc.dir/icu-release-77-1/source/common/bytestrieiterator.cpp.o
[  7%] Building CXX object extra/icu/CMakeFiles/icuuc.dir/icu-release-77-1/source/common/appendable.cpp.o
[  7%] Building CXX object extra/icu/CMakeFiles/icuuc.dir/icu-release-77-1/source/common/cmemory.cpp.o
[  7%] Building CXX object extra/icu/CMakeFiles/icuuc.dir/icu-release-77-1/source/common/charstr.cpp.o
[  7%] Building CXX object extra/icu/CMakeFiles/icuuc.dir/icu-release-77-1/source/common/chariter.cpp.o
[  7%] Building CXX object extra/icu/CMakeFiles/icuuc.dir/icu-release-77-1/source/common/bytestriebuilder.cpp.o
[  7%] Building CXX object extra/icu/CMakeFiles/icuuc.dir/icu-release-77-1/source/common/brkeng.cpp.o
[  7%] Building CXX object extra/icu/CMakeFiles/icuuc.dir/icu-release-77-1/source/common/bytesinkutil.cpp.o
[  7%] Built target cbor
[  7%] Building CXX object extra/icu/CMakeFiles/icuuc.dir/icu-release-77-1/source/common/bytestream.cpp.o
[  7%] Linking C static library ../../archive_output_directory/libzstd.a
[  7%] Building CXX object extra/icu/CMakeFiles/icuuc.dir/icu-release-77-1/source/common/cwchar.cpp.o
[  7%] Building CXX object extra/icu/CMakeFiles/icuuc.dir/icu-release-77-1/source/common/dtintrv.cpp.o
[  7%] Building CXX object extra/icu/CMakeFiles/icuuc.dir/icu-release-77-1/source/common/characterproperties.cpp.o
[  7%] Building CXX object extra/icu/CMakeFiles/icuuc.dir/icu-release-77-1/source/common/dictbe.cpp.o
[  7%] Linking CXX shared library ../../../../../library_output_directory/libabsl_raw_logging_internal.so
[  7%] Building CXX object extra/icu/CMakeFiles/icuuc.dir/icu-release-77-1/source/common/cstr.cpp.o
[  7%] Building CXX object libchangestreams/src/libstandalone/CMakeFiles/changestreams_standalone_static.dir/__/lib/mysql/cs/reader/state.cpp.o
[  7%] Building CXX object libchangestreams/src/libstandalone/CMakeFiles/changestreams_standalone_static.dir/__/lib/mysql/cs/reader/binary/tracker.cpp.o
[  7%] Generating sources for harness library
[  7%] Building CXX object extra/icu/CMakeFiles/icuuc.dir/icu-release-77-1/source/common/cstring.cpp.o
[  7%] Building CXX object libchangestreams/src/libstandalone/CMakeFiles/changestreams_standalone_static.dir/__/lib/mysql/cs/reader/binary/mysqlproto.cpp.o
[  7%] Building CXX object extra/icu/CMakeFiles/icuuc.dir/icu-release-77-1/source/common/dictionarydata.cpp.o
[  7%] Building CXX object extra/icu/CMakeFiles/icuuc.dir/icu-release-77-1/source/common/edits.cpp.o
[  7%] Built target cno_huffman_generator
[  7%] Generating sources for harness library
[  8%] Building CXX object extra/icu/CMakeFiles/icuuc.dir/icu-release-77-1/source/common/icuplug.cpp.o
[  8%] Building CXX object extra/icu/CMakeFiles/icuuc.dir/icu-release-77-1/source/common/emojiprops.cpp.o
[  8%] Building CXX object extra/icu/CMakeFiles/icuuc.dir/icu-release-77-1/source/common/localematcher.cpp.o
[  8%] Building CXX object extra/icu/CMakeFiles/icuuc.dir/icu-release-77-1/source/common/caniter.cpp.o
[  8%] Building C object extra/libkmip/libkmip/src/CMakeFiles/demo_create.dir/demo_create.c.o
[  8%] Building CXX object extra/icu/CMakeFiles/icuuc.dir/icu-release-77-1/source/common/localebuilder.cpp.o
[  8%] Building CXX object extra/icu/CMakeFiles/icuuc.dir/icu-release-77-1/source/common/icudataver.cpp.o
[  8%] Building CXX object extra/icu/CMakeFiles/icuuc.dir/icu-release-77-1/source/common/localeprioritylist.cpp.o
[  8%] Building C object extra/libkmip/libkmip/src/CMakeFiles/demo_get.dir/demo_get.c.o
[  8%] Building CXX object extra/icu/CMakeFiles/icuuc.dir/icu-release-77-1/source/common/loadednormalizer2impl.cpp.o
[  8%] Building CXX object extra/icu/CMakeFiles/icuuc.dir/icu-release-77-1/source/common/locbased.cpp.o
[  8%] Building CXX object extra/icu/CMakeFiles/icuuc.dir/icu-release-77-1/source/common/filterednormalizer2.cpp.o
[  8%] Building C object extra/libkmip/libkmip/src/CMakeFiles/demo_locate.dir/demo_locate.c.o
[  8%] Building CXX object extra/icu/CMakeFiles/icuuc.dir/icu-release-77-1/source/common/errorcode.cpp.o
[  8%] Building C object extra/libkmip/libkmip/src/CMakeFiles/demo_destroy.dir/demo_destroy.c.o
[  8%] Building CXX object extra/opentelemetry-cpp/opentelemetry-cpp-1.23.0/sdk/src/resource/CMakeFiles/opentelemetry_resources.dir/resource_detector.cc.o
[  8%] Building CXX object extra/opentelemetry-cpp/opentelemetry-cpp-1.23.0/sdk/src/resource/CMakeFiles/opentelemetry_resources.dir/resource.cc.o
[  8%] Building C object extra/libkmip/libkmip/src/CMakeFiles/demo_query.dir/demo_query.c.o
[  8%] Building CXX object extra/libkmip/kmippp/CMakeFiles/kmippp.dir/core_error.cpp.o
[  8%] Building CXX object extra/icu/CMakeFiles/icuuc.dir/icu-release-77-1/source/common/filteredbrk.cpp.o
[  8%] Building CXX object extra/opentelemetry-cpp/opentelemetry-cpp-1.23.0/ext/src/http/client/curl/CMakeFiles/opentelemetry_http_client_curl.dir/http_client_factory_curl.cc.o
[  8%] Building CXX object mysys/CMakeFiles/mysys_objlib.dir/base64_encode.cc.o
[  8%] Building C object extra/libkmip/libkmip/src/CMakeFiles/demo_register.dir/demo_register.c.o
[  8%] Building CXX object extra/icu/CMakeFiles/icuuc.dir/icu-release-77-1/source/common/locdispnames.cpp.o
[  8%] Building CXX object mysys/CMakeFiles/mysys_objlib.dir/charset.cc.o
[  8%] Building CXX object mysys/CMakeFiles/mysys_objlib.dir/errors.cc.o
[  8%] Generating uca900_zh_tbls.cc
[  8%] Building CXX object extra/opentelemetry-cpp/opentelemetry-cpp-1.23.0/ext/src/http/client/curl/CMakeFiles/opentelemetry_http_client_curl.dir/http_client_curl.cc.o
[  8%] Built target build_id_test
[  8%] Building CXX object extra/opentelemetry-cpp/opentelemetry-cpp-1.23.0/ext/src/http/client/curl/CMakeFiles/opentelemetry_http_client_curl.dir/http_operation_curl.cc.o
[  8%] Building CXX object mysys/CMakeFiles/mysys_objlib.dir/buffered_error_log.cc.o
[  8%] Building CXX object mysys/CMakeFiles/mysys_objlib.dir/lf_alloc-pin.cc.o
[  8%] Building CXX object mysys/CMakeFiles/mysys_objlib.dir/lf_dynarray.cc.o
[  8%] Building CXX object mysys/CMakeFiles/mysys_objlib.dir/list.cc.o
[  8%] Building CXX object mysys/CMakeFiles/mysys_objlib.dir/dbug.cc.o
[  8%] Building CXX object extra/icu/CMakeFiles/icuuc.dir/icu-release-77-1/source/common/loclikely.cpp.o
[  8%] Generating uca900_ja_tbls.cc
[  8%] Building CXX object mysys/CMakeFiles/mysys_objlib.dir/mf_cache.cc.o
[  8%] Building CXX object mysys/CMakeFiles/mysys_objlib.dir/decimal.cc.o
[  8%] Building CXX object mysys/CMakeFiles/mysys_objlib.dir/escape_string.cc.o
[  8%] Generating sql_commands_system_data.h
[  8%] Building CXX object extra/icu/CMakeFiles/icuuc.dir/icu-release-77-1/source/common/locmap.cpp.o
[  8%] Generating sql_commands.h
[  8%] Building CXX object mysys/CMakeFiles/mysys_objlib.dir/mf_arr_appstr.cc.o
[  8%] Generating mysql_fix_privilege_tables_sql.h
[  8%] Building CXX object mysys/CMakeFiles/mysys_objlib.dir/lf_hash.cc.o
[  8%] Building CXX object extra/icu/CMakeFiles/icuuc.dir/icu-release-77-1/source/common/loclikelysubtags.cpp.o
[  8%] Linking C static library libedit.a
[  8%] Building CXX object extra/icu/CMakeFiles/icuuc.dir/icu-release-77-1/source/common/locid.cpp.o
[  8%] Building CXX object extra/icu/CMakeFiles/icuuc.dir/icu-release-77-1/source/common/locdspnm.cpp.o
[  8%] Built target absl_time_zone
[  8%] Built target gen_lex_hash
[  8%] Built target harness_stdx
[  8%] Generating sql_commands_system_users.h
[  8%] Generating sql_commands_system_tables.h
[  8%] Built target mysql_serialization
[  8%] Built target json_schema_target_dynamic_state_schema
[  8%] Generating sql_firewall_sp_reload_firewall_rules.h
[  8%] Generating sql_firewall_sp_set_firewall_group_mode_and_user.h
[  8%] Building CXX object extra/icu/CMakeFiles/icuuc.dir/icu-release-77-1/source/common/messagepattern.cpp.o
[  8%] Generating sql_firewall_sp_set_firewall_group_mode.h
[  8%] Building CXX object extra/icu/CMakeFiles/icuuc.dir/icu-release-77-1/source/common/locutil.cpp.o
[  8%] Building CXX object extra/icu/CMakeFiles/icuuc.dir/icu-release-77-1/source/common/lstmbe.cpp.o
[  8%] Generating sql_firewall_sp_reload_firewall_group_rules.h
[  8%] Generating sql_commands_system_tables_data_fix.h
[  8%] Building CXX object extra/icu/CMakeFiles/icuuc.dir/icu-release-77-1/source/common/lsr.cpp.o
[  8%] Building CXX object extra/icu/CMakeFiles/icuuc.dir/icu-release-77-1/source/common/locresdata.cpp.o
[  8%] Generating sql_commands_help_data.h
[  8%] Building CXX object extra/icu/CMakeFiles/icuuc.dir/icu-release-77-1/source/common/locdistance.cpp.o
[  8%] Generating sql_firewall_sp_set_firewall_mode.h
[  8%] Building C object extra/libfido2/libfido2-1.15.0/src/CMakeFiles/fido2.dir/aes256.c.o
[  8%] Built target json_schema_target_configuration_update_schema
[  8%] Built target OpenSSLPP
[  8%] Generating sql_firewall_sp_firewall_group_enlist.h
[  9%] Building CXX object mysys/CMakeFiles/mysys_objlib.dir/mf_format.cc.o
[  9%] Linking C executable demo_create
[  9%] Building C object extra/libfido2/libfido2-1.15.0/src/CMakeFiles/fido2.dir/blob.c.o
[  9%] Built target oci_common
[  9%] Generating sql_firewall_sp_firewall_group_delist.h
[  9%] Building CXX object mysys/CMakeFiles/mysys_objlib.dir/mf_dirname.cc.o
[  9%] LIBCNO generating huffman codes for HTTP2 encodings.
[  9%] Building CXX object extra/icu/CMakeFiles/icuuc.dir/icu-release-77-1/source/common/parsepos.cpp.o
[  9%] Building C object extra/libfido2/libfido2-1.15.0/src/CMakeFiles/fido2.dir/assert.c.o
[  9%] Building CXX object mysys/CMakeFiles/mysys_objlib.dir/mf_fn_ext.cc.o
[  9%] Building CXX object extra/icu/CMakeFiles/icuuc.dir/icu-release-77-1/source/common/normlzr.cpp.o
[  9%] Linking C executable demo_destroy
[  9%] Building C object extra/libfido2/libfido2-1.15.0/src/CMakeFiles/fido2.dir/authkey.c.o
[ 10%] Building C object extra/libfido2/libfido2-1.15.0/src/CMakeFiles/fido2.dir/bio.c.o
[ 10%] Linking C executable demo_query
[ 10%] Building CXX object extra/icu/CMakeFiles/icuuc.dir/icu-release-77-1/source/common/mlbe.cpp.o
[ 10%] Building CXX object extra/icu/CMakeFiles/icuuc.dir/icu-release-77-1/source/common/normalizer2impl.cpp.o
[ 10%] Linking C executable demo_get
[ 10%] Linking C executable demo_locate
[ 10%] Building C object extra/libfido2/libfido2-1.15.0/src/CMakeFiles/fido2.dir/buf.c.o
[ 10%] Building CXX object mysys/CMakeFiles/mysys_objlib.dir/mf_iocache.cc.o
[ 10%] Building C object extra/libfido2/libfido2-1.15.0/src/CMakeFiles/fido2.dir/compress.c.o
[ 10%] Building CXX object extra/icu/CMakeFiles/icuuc.dir/icu-release-77-1/source/common/normalizer2.cpp.o
[ 10%] Linking C executable demo_register
[ 10%] Building C object extra/libfido2/libfido2-1.15.0/src/CMakeFiles/fido2.dir/cbor.c.o
[ 10%] Building CXX object extra/libkmip/kmippp/CMakeFiles/kmippp.dir/kmippp.cpp.o
[ 10%] Building CXX object extra/icu/CMakeFiles/icuuc.dir/icu-release-77-1/source/common/propname.cpp.o
[ 10%] Building C object extra/libfido2/libfido2-1.15.0/src/CMakeFiles/fido2.dir/config.c.o
[ 10%] Building CXX object mysys/CMakeFiles/mysys_objlib.dir/mf_keycache.cc.o
[ 10%] Building CXX object extra/icu/CMakeFiles/icuuc.dir/icu-release-77-1/source/common/pluralmap.cpp.o
[ 10%] Linking CXX static library ../../lib/libchangestreams_standalone_static.a
[ 10%] Building C object extra/libfido2/libfido2-1.15.0/src/CMakeFiles/fido2.dir/cred.c.o
[ 10%] Building CXX object mysys/CMakeFiles/mysys_objlib.dir/mf_iocache2.cc.o
[ 10%] Building C object extra/libfido2/libfido2-1.15.0/src/CMakeFiles/fido2.dir/credman.c.o
[ 10%] Building CXX object mysys/CMakeFiles/mysys_objlib.dir/mf_pack.cc.o
[ 10%] Building C object extra/libfido2/libfido2-1.15.0/src/CMakeFiles/fido2.dir/dev.c.o
[ 10%] Building CXX object extra/icu/CMakeFiles/icuuc.dir/icu-release-77-1/source/common/locavailable.cpp.o
[ 10%] Building CXX object mysys/CMakeFiles/mysys_objlib.dir/mf_keycaches.cc.o
[ 10%] Building CXX object mysys/CMakeFiles/mysys_objlib.dir/mf_tempfile.cc.o
[ 10%] Building C object extra/libfido2/libfido2-1.15.0/src/CMakeFiles/fido2.dir/eddsa.c.o
[ 10%] Building CXX object extra/icu/CMakeFiles/icuuc.dir/icu-release-77-1/source/common/punycode.cpp.o
[ 10%] Building CXX object mysys/CMakeFiles/mysys_objlib.dir/mf_loadpath.cc.o
[ 10%] Building CXX object extra/icu/CMakeFiles/icuuc.dir/icu-release-77-1/source/common/propsvec.cpp.o
[ 10%] Building CXX object extra/icu/CMakeFiles/icuuc.dir/icu-release-77-1/source/common/patternprops.cpp.o
[ 10%] Building CXX object mysys/CMakeFiles/mysys_objlib.dir/mf_same.cc.o
[ 10%] Built target sql_commands
[ 10%] Building CXX object mysys/CMakeFiles/mysys_objlib.dir/mf_tempdir.cc.o
[ 10%] Building C object extra/libfido2/libfido2-1.15.0/src/CMakeFiles/fido2.dir/hid.c.o
[ 10%] Building CXX object mysys/CMakeFiles/mysys_objlib.dir/mf_unixpath.cc.o
[ 10%] Building C object extra/libfido2/libfido2-1.15.0/src/CMakeFiles/fido2.dir/info.c.o
[ 10%] Building C object extra/libfido2/libfido2-1.15.0/src/CMakeFiles/fido2.dir/es384.c.o
[ 10%] Building C object extra/libfido2/libfido2-1.15.0/src/CMakeFiles/fido2.dir/io.c.o
[ 10%] Building CXX object extra/icu/CMakeFiles/icuuc.dir/icu-release-77-1/source/common/putil.cpp.o
[ 10%] Generating lex_hash.h
[ 10%] Building C object extra/libfido2/libfido2-1.15.0/src/CMakeFiles/fido2.dir/es256.c.o
[ 10%] Building CXX object extra/icu/CMakeFiles/icuuc.dir/icu-release-77-1/source/common/rbbi.cpp.o
[ 10%] Building CXX object extra/icu/CMakeFiles/icuuc.dir/icu-release-77-1/source/common/rbbi_cache.cpp.o
[ 10%] Building C object extra/libfido2/libfido2-1.15.0/src/CMakeFiles/fido2.dir/err.c.o
[ 10%] [BISON][mysql_parser] Building parser with bison 3.8.2
[ 10%] Building C object extra/libfido2/libfido2-1.15.0/src/CMakeFiles/fido2.dir/ecdh.c.o
[ 10%] [BISON][hints_parser] Building parser with bison 3.8.2
[ 10%] Built target GenFixPrivs
[ 10%] Building C object extra/libfido2/libfido2-1.15.0/src/CMakeFiles/fido2.dir/iso7816.c.o
[ 10%] Linking CXX static library libopentelemetry_resources.a
[ 10%] Building CXX object router/src/routing/src/CMakeFiles/routing_frontend_lib.dir/routing.cc.o
[ 10%] Building C object extra/libfido2/libfido2-1.15.0/src/CMakeFiles/fido2.dir/largeblob.c.o
[ 10%] Building CXX object mysys/CMakeFiles/mysys_objlib.dir/mf_path.cc.o
[ 10%] Building CXX object extra/icu/CMakeFiles/icuuc.dir/icu-release-77-1/source/common/rbbinode.cpp.o
[ 10%] Building CXX object extra/icu/CMakeFiles/icuuc.dir/icu-release-77-1/source/common/rbbidata.cpp.o
[ 10%] Building C object extra/libfido2/libfido2-1.15.0/src/CMakeFiles/fido2.dir/pin.c.o
[ 10%] Building CXX object extra/icu/CMakeFiles/icuuc.dir/icu-release-77-1/source/common/rbbirb.cpp.o
[ 10%] Building CXX object mysys/CMakeFiles/mysys_objlib.dir/mulalloc.cc.o
[ 10%] Linking CXX static library libopentelemetry_http_client_curl.a
[ 10%] Building C object extra/libfido2/libfido2-1.15.0/src/CMakeFiles/fido2.dir/random.c.o
[ 10%] Building C object extra/libfido2/libfido2-1.15.0/src/CMakeFiles/fido2.dir/log.c.o
[ 10%] Building CXX object extra/icu/CMakeFiles/icuuc.dir/icu-release-77-1/source/common/rbbisetb.cpp.o
[ 10%] Building CXX object mysys/CMakeFiles/mysys_objlib.dir/mf_wcomp.cc.o
[ 10%] Building CXX object mysys/CMakeFiles/mysys_objlib.dir/my_access.cc.o
[ 10%] Building CXX object extra/icu/CMakeFiles/icuuc.dir/icu-release-77-1/source/common/rbbiscan.cpp.o
[ 10%] Building CXX object mysys/CMakeFiles/mysys_objlib.dir/my_alloc.cc.o
[ 10%] Built target absl_random_internal_randen_slow
[ 10%] Building CXX object extra/icu/CMakeFiles/icuuc.dir/icu-release-77-1/source/common/rbbistbl.cpp.o
[ 10%] Building CXX object extra/icu/CMakeFiles/icuuc.dir/icu-release-77-1/source/common/rbbitblb.cpp.o
[ 10%] Building CXX object mysys/CMakeFiles/mysys_objlib.dir/my_aligned_malloc.cc.o
[ 10%] Built target absl_random_internal_randen_hwaes_impl
[ 10%] Building CXX object extra/icu/CMakeFiles/icuuc.dir/icu-release-77-1/source/common/resource.cpp.o
[ 10%] Built target absl_periodic_sampler
[ 10%] Building CXX object mysys/CMakeFiles/mysys_objlib.dir/my_chmod.cc.o
[ 10%] Building CXX object mysys/CMakeFiles/mysys_objlib.dir/my_create.cc.o
[ 10%] Building C object extra/libfido2/libfido2-1.15.0/src/CMakeFiles/fido2.dir/time.c.o
[ 10%] Building C object extra/libfido2/libfido2-1.15.0/src/CMakeFiles/fido2.dir/rs1.c.o
[ 10%] Building CXX object extra/icu/CMakeFiles/icuuc.dir/icu-release-77-1/source/common/resbund_cnv.cpp.o
[ 10%] Building CXX object mysys/CMakeFiles/mysys_objlib.dir/my_compare.cc.o
[ 10%] Building CXX object extra/icu/CMakeFiles/icuuc.dir/icu-release-77-1/source/common/resbund.cpp.o
[ 10%] Building CXX object mysys/CMakeFiles/mysys_objlib.dir/my_chsize.cc.o
[ 10%] Building C object extra/libfido2/libfido2-1.15.0/src/CMakeFiles/fido2.dir/rs256.c.o
[ 10%] Building CXX object extra/icu/CMakeFiles/icuuc.dir/icu-release-77-1/source/common/restrace.cpp.o
[ 10%] Building CXX object extra/icu/CMakeFiles/icuuc.dir/icu-release-77-1/source/common/ruleiter.cpp.o
[ 10%] Building C object extra/libfido2/libfido2-1.15.0/src/CMakeFiles/fido2.dir/reset.c.o
[ 10%] Building CXX object extra/icu/CMakeFiles/icuuc.dir/icu-release-77-1/source/common/servls.cpp.o
[ 10%] Building C object extra/libfido2/libfido2-1.15.0/src/CMakeFiles/fido2.dir/touch.c.o
[ 10%] Building CXX object mysys/CMakeFiles/mysys_objlib.dir/my_delete.cc.o
[ 10%] Building C object extra/libfido2/libfido2-1.15.0/src/CMakeFiles/fido2.dir/u2f.c.o
[ 10%] Building CXX object mysys/CMakeFiles/mysys_objlib.dir/my_compress.cc.o
[ 10%] Building CXX object extra/icu/CMakeFiles/icuuc.dir/icu-release-77-1/source/common/schriter.cpp.o
[ 10%] Building C object extra/libfido2/libfido2-1.15.0/src/CMakeFiles/fido2.dir/tpm.c.o
[ 10%] Building C object extra/libfido2/libfido2-1.15.0/src/CMakeFiles/fido2.dir/util.c.o
[ 10%] Building CXX object mysys/CMakeFiles/mysys_objlib.dir/my_copy.cc.o
[ 10%] Building CXX object mysys/CMakeFiles/mysys_objlib.dir/my_bitmap.cc.o
[ 10%] Building C object extra/libfido2/libfido2-1.15.0/src/CMakeFiles/fido2.dir/hid_linux.c.o
[ 10%] Building C object extra/libfido2/libfido2-1.15.0/src/CMakeFiles/fido2.dir/types.c.o
[ 10%] Built target GenSysSchema
[ 10%] Linking CXX static library libkmippp.a
[ 10%] Building CXX object mysys/CMakeFiles/mysys_objlib.dir/my_error.cc.o
[ 10%] Building C object extra/libfido2/libfido2-1.15.0/src/CMakeFiles/fido2.dir/nfc_linux.c.o
[ 10%] Building CXX object mysys/CMakeFiles/mysys_objlib.dir/my_fallocator.cc.o
[ 11%] Building CXX object extra/icu/CMakeFiles/icuuc.dir/icu-release-77-1/source/common/servlkf.cpp.o
[ 11%] Building CXX object mysys/CMakeFiles/mysys_objlib.dir/my_file.cc.o
[ 11%] Building C object extra/libfido2/libfido2-1.15.0/src/CMakeFiles/fido2.dir/__/openbsd-compat/bsd-asprintf.c.o
[ 11%] Building CXX object extra/icu/CMakeFiles/icuuc.dir/icu-release-77-1/source/common/serv.cpp.o
[ 11%] Building CXX object extra/icu/CMakeFiles/icuuc.dir/icu-release-77-1/source/common/servlk.cpp.o
[ 11%] Building CXX object extra/icu/CMakeFiles/icuuc.dir/icu-release-77-1/source/common/servnotf.cpp.o
[ 11%] Building CXX object mysys/CMakeFiles/mysys_objlib.dir/my_fopen.cc.o
[ 11%] Building C object extra/libfido2/libfido2-1.15.0/src/CMakeFiles/fido2.dir/__/openbsd-compat/bsd-getpagesize.c.o
[ 11%] Building CXX object extra/icu/CMakeFiles/icuuc.dir/icu-release-77-1/source/common/servslkf.cpp.o
[ 11%] Building CXX object extra/icu/CMakeFiles/icuuc.dir/icu-release-77-1/source/common/servrbf.cpp.o
[ 11%] Building CXX object mysys/CMakeFiles/mysys_objlib.dir/my_gethwaddr.cc.o
[ 11%] Built target kmipcore
[ 11%] Building CXX object extra/icu/CMakeFiles/icuuc.dir/icu-release-77-1/source/common/sharedobject.cpp.o
[ 11%] Building C object extra/libfido2/libfido2-1.15.0/src/CMakeFiles/fido2.dir/hid_unix.c.o
[ 11%] Building CXX object mysys/CMakeFiles/mysys_objlib.dir/my_fstream.cc.o
[ 11%] Building CXX object mysys/CMakeFiles/mysys_objlib.dir/my_getwd.cc.o
[ 11%] Building CXX object mysys/CMakeFiles/mysys_objlib.dir/my_mess.cc.o
[ 11%] Building CXX object mysys/CMakeFiles/mysys_objlib.dir/my_lib.cc.o
[ 11%] Building CXX object mysys/CMakeFiles/mysys_objlib.dir/my_init.cc.o
[ 11%] Building C object extra/libfido2/libfido2-1.15.0/src/CMakeFiles/fido2.dir/__/openbsd-compat/explicit_bzero.c.o
[ 11%] Building CXX object mysys/CMakeFiles/mysys_objlib.dir/my_malloc.cc.o
[ 11%] Building C object extra/libfido2/libfido2-1.15.0/src/CMakeFiles/fido2.dir/netlink.c.o
[ 11%] Building C object extra/libfido2/libfido2-1.15.0/src/CMakeFiles/fido2.dir/nfc.c.o
[ 11%] Built target edit
[ 11%] Building C object extra/libfido2/libfido2-1.15.0/src/CMakeFiles/fido2.dir/__/openbsd-compat/explicit_bzero_win32.c.o
[ 11%] Building CXX object extra/icu/CMakeFiles/icuuc.dir/icu-release-77-1/source/common/simpleformatter.cpp.o
[ 11%] Building C object extra/libfido2/libfido2-1.15.0/src/CMakeFiles/fido2.dir/__/openbsd-compat/endian_win32.c.o
[ 11%] Generating Sys Schema C code
[ 11%] Linking CXX static library librouting_frontend_lib.a
[ 11%] Building CXX object extra/icu/CMakeFiles/icuuc.dir/icu-release-77-1/source/common/static_unicode_sets.cpp.o
[ 11%] Building CXX object extra/icu/CMakeFiles/icuuc.dir/icu-release-77-1/source/common/stringpiece.cpp.o
[ 11%] Building CXX object mysys/CMakeFiles/mysys_objlib.dir/my_murmur3.cc.o
[ 11%] Building CXX object extra/icu/CMakeFiles/icuuc.dir/icu-release-77-1/source/common/stringtriebuilder.cpp.o
[ 11%] Building CXX object mysys/CMakeFiles/mysys_objlib.dir/my_mmap.cc.o
[ 11%] Building CXX object mysys/CMakeFiles/mysys_objlib.dir/my_mkdir.cc.o
[ 11%] Building CXX object mysys/CMakeFiles/mysys_objlib.dir/my_open.cc.o
[ 11%] Building CXX object mysys/CMakeFiles/mysys_objlib.dir/my_once.cc.o
[ 11%] Building CXX object mysys/CMakeFiles/mysys_objlib.dir/my_pread.cc.o
[ 11%] Building CXX object extra/icu/CMakeFiles/icuuc.dir/icu-release-77-1/source/common/uarrsort.cpp.o
[ 11%] Building C object extra/libfido2/libfido2-1.15.0/src/CMakeFiles/fido2.dir/__/openbsd-compat/timingsafe_bcmp.c.o
[ 11%] Building CXX object extra/icu/CMakeFiles/icuuc.dir/icu-release-77-1/source/common/ubidi.cpp.o
[ 11%] Building CXX object extra/icu/CMakeFiles/icuuc.dir/icu-release-77-1/source/common/ubidiln.cpp.o
[ 11%] Built target zstd
[ 11%] Building C object extra/libfido2/libfido2-1.15.0/src/CMakeFiles/fido2.dir/__/openbsd-compat/strlcat.c.o
[ 11%] Building CXX object extra/icu/CMakeFiles/icuuc.dir/icu-release-77-1/source/common/ubrk.cpp.o
[ 11%] Building CXX object extra/icu/CMakeFiles/icuuc.dir/icu-release-77-1/source/common/ubidi_props.cpp.o
[ 11%] Building CXX object extra/icu/CMakeFiles/icuuc.dir/icu-release-77-1/source/common/ubiditransform.cpp.o
[ 11%] Building CXX object extra/abseil/abseil-cpp-20250814.1/absl/random/CMakeFiles/absl_random_internal_randen_hwaes.dir/internal/randen_detect.cc.o
[ 11%] Built target GenSysSchemaC
[ 11%] Building CXX object extra/icu/CMakeFiles/icuuc.dir/icu-release-77-1/source/common/ubidiwrt.cpp.o
[ 11%] Building C object extra/libfido2/libfido2-1.15.0/src/CMakeFiles/fido2.dir/__/openbsd-compat/freezero.c.o
[ 11%] Building C object extra/libfido2/libfido2-1.15.0/src/CMakeFiles/fido2.dir/__/openbsd-compat/recallocarray.c.o
[ 11%] Building CXX object mysys/CMakeFiles/mysys_objlib.dir/my_rdtsc.cc.o
[ 11%] Building CXX object extra/icu/CMakeFiles/icuuc.dir/icu-release-77-1/source/common/ucasemap.cpp.o
[ 11%] Building CXX object mysys/CMakeFiles/mysys_objlib.dir/my_rename.cc.o
[ 11%] Building CXX object mysys/CMakeFiles/mysys_objlib.dir/my_rm_dir_w_symlink.cc.o
[ 11%] Building CXX object extra/icu/CMakeFiles/icuuc.dir/icu-release-77-1/source/common/ucasemap_titlecase_brkiter.cpp.o
[ 11%] Building CXX object mysys/CMakeFiles/mysys_objlib.dir/my_read.cc.o
[ 11%] Building C object extra/libfido2/libfido2-1.15.0/src/CMakeFiles/fido2.dir/__/openbsd-compat/clock_gettime.c.o
[ 12%] Building CXX object mysys/CMakeFiles/mysys_objlib.dir/my_static.cc.o
[ 12%] Building CXX object extra/icu/CMakeFiles/icuuc.dir/icu-release-77-1/source/common/ucharstriebuilder.cpp.o
[ 12%] Building CXX object mysys/CMakeFiles/mysys_objlib.dir/my_string.cc.o
[ 12%] Building CXX object extra/icu/CMakeFiles/icuuc.dir/icu-release-77-1/source/common/uchar.cpp.o
[ 12%] Building CXX object extra/icu/CMakeFiles/icuuc.dir/icu-release-77-1/source/common/ucase.cpp.o
[ 12%] Building CXX object extra/icu/CMakeFiles/icuuc.dir/icu-release-77-1/source/common/ucharstrieiterator.cpp.o
[ 12%] Building CXX object extra/icu/CMakeFiles/icuuc.dir/icu-release-77-1/source/common/ucat.cpp.o
[ 12%] Building CXX object extra/icu/CMakeFiles/icuuc.dir/icu-release-77-1/source/common/uchriter.cpp.o
[ 12%] Building CXX object extra/icu/CMakeFiles/icuuc.dir/icu-release-77-1/source/common/ucharstrie.cpp.o
[ 12%] Building CXX object extra/icu/CMakeFiles/icuuc.dir/icu-release-77-1/source/common/ucln_cmn.cpp.o
[ 12%] Building CXX object mysys/CMakeFiles/mysys_objlib.dir/my_symlink.cc.o
[ 12%] Building CXX object extra/icu/CMakeFiles/icuuc.dir/icu-release-77-1/source/common/ucmndata.cpp.o
[ 12%] Building CXX object extra/icu/CMakeFiles/icuuc.dir/icu-release-77-1/source/common/ucnv2022.cpp.o
[ 12%] Building CXX object extra/icu/CMakeFiles/icuuc.dir/icu-release-77-1/source/common/ucnv_bld.cpp.o
[ 12%] Building CXX object mysys/CMakeFiles/mysys_objlib.dir/my_sync.cc.o
[ 12%] Building CXX object mysys/CMakeFiles/mysys_objlib.dir/my_seek.cc.o
[ 12%] Building CXX object extra/icu/CMakeFiles/icuuc.dir/icu-release-77-1/source/common/ucnvbocu.cpp.o
[ 12%] Building CXX object mysys/CMakeFiles/mysys_objlib.dir/my_symlink2.cc.o
[ 12%] Building CXX object extra/libkmip/kmipcore/CMakeFiles/kmip_core_test.dir/tests/test_core.cpp.o
[ 12%] Building CXX object extra/libkmip/kmipcore/CMakeFiles/kmip_serialization_buffer_test.dir/tests/test_serialization_buffer.cpp.o
[ 12%] Building CXX object extra/icu/CMakeFiles/icuuc.dir/icu-release-77-1/source/common/ucnv_cnv.cpp.o
[ 12%] Building CXX object extra/icu/CMakeFiles/icuuc.dir/icu-release-77-1/source/common/ucnv_cb.cpp.o
[ 12%] Building CXX object extra/libkmip/kmipcore/CMakeFiles/kmip_parser_test.dir/tests/test_parsers.cpp.o
[ 12%] Building CXX object mysys/CMakeFiles/mysys_objlib.dir/my_syslog.cc.o
[ 12%] Built target strings_ja_hans
[ 12%] Building CXX object extra/icu/CMakeFiles/icuuc.dir/icu-release-77-1/source/common/ucnvdisp.cpp.o
[ 12%] Building CXX object mysys/CMakeFiles/mysys_objlib.dir/my_user.cc.o
[ 12%] Building CXX object extra/icu/CMakeFiles/icuuc.dir/icu-release-77-1/source/common/ucnv_err.cpp.o
[ 12%] Building CXX object mysys/CMakeFiles/mysys_objlib.dir/my_version.cc.o
[ 12%] Building CXX object mysys/CMakeFiles/mysys_objlib.dir/psi_noop.cc.o
[ 12%] Building CXX object mysys/CMakeFiles/mysys_objlib.dir/stacktrace.cc.o
[ 12%] Building CXX object mysys/CMakeFiles/mysys_objlib.dir/print_version.cc.o
[ 12%] Building CXX object extra/icu/CMakeFiles/icuuc.dir/icu-release-77-1/source/common/ucnv_ct.cpp.o
[ 12%] Building CXX object mysys/CMakeFiles/mysys_objlib.dir/my_thread.cc.o
[ 12%] Building CXX object mysys/CMakeFiles/mysys_objlib.dir/my_thr_init.cc.o
[ 12%] Building CXX object mysys/CMakeFiles/mysys_objlib.dir/ptr_cmp.cc.o
[ 12%] Building CXX object mysys/CMakeFiles/mysys_objlib.dir/str2int.cc.o
[ 12%] Building CXX object mysys/CMakeFiles/mysys_objlib.dir/pack.cc.o
[ 12%] Building CXX object mysys/CMakeFiles/mysys_objlib.dir/strmake.cc.o
[ 12%] Built target GenBootstrapPriv
[ 12%] Building CXX object extra/icu/CMakeFiles/icuuc.dir/icu-release-77-1/source/common/ucnv.cpp.o
[ 12%] Building CXX object mysys/CMakeFiles/mysys_objlib.dir/strcont.cc.o
[ 12%] Building CXX object mysys/CMakeFiles/mysys_objlib.dir/strxmov.cc.o
[ 12%] Building CXX object extra/icu/CMakeFiles/icuuc.dir/icu-release-77-1/source/common/ucnvisci.cpp.o
[ 12%] Built target kmippp
[ 12%] Building CXX object extra/icu/CMakeFiles/icuuc.dir/icu-release-77-1/source/common/ucnv_io.cpp.o
[ 12%] Building CXX object extra/icu/CMakeFiles/icuuc.dir/icu-release-77-1/source/common/ucnv_ext.cpp.o
[ 12%] Building CXX object mysys/CMakeFiles/mysys_objlib.dir/my_write.cc.o
[ 12%] Building CXX object mysys/CMakeFiles/mysys_objlib.dir/thr_cond.cc.o
[ 12%] Built target absl_raw_logging_internal
[ 12%] Building CXX object extra/icu/CMakeFiles/icuuc.dir/icu-release-77-1/source/common/ucnvscsu.cpp.o
[ 12%] Building CXX object libs/mysql/binlog/event/CMakeFiles/mysql_binlog_event_standalone.dir/codecs/binary.cpp.o
[ 12%] Building CXX object extra/icu/CMakeFiles/icuuc.dir/icu-release-77-1/source/common/ucnvhz.cpp.o
[ 12%] Built target demo_query
[ 12%] Building CXX object libs/mysql/binlog/event/CMakeFiles/mysql_binlog_event_standalone.dir/codecs/factory.cpp.o
[ 12%] Building CXX object extra/icu/CMakeFiles/icuuc.dir/icu-release-77-1/source/common/ucnv_lmb.cpp.o
[ 12%] Building CXX object libs/mysql/binlog/event/CMakeFiles/mysql_binlog_event_standalone.dir/binary_log_funcs.cpp.o
[ 12%] Building CXX object extra/icu/CMakeFiles/icuuc.dir/icu-release-77-1/source/common/ucnvmbcs.cpp.o
[ 12%] Building CXX object extra/libkmip/kmipclient/CMakeFiles/kmipclient.dir/src/KmipClient.cpp.o
[ 12%] Building CXX object extra/icu/CMakeFiles/icuuc.dir/icu-release-77-1/source/common/ucnvsel.cpp.o
[ 12%] Linking C shared library ../../../../library_output_directory/libfido2.so
[ 12%] Building CXX object extra/icu/CMakeFiles/icuuc.dir/icu-release-77-1/source/common/ucnvlat1.cpp.o
[ 12%] Building CXX object libs/mysql/binlog/event/CMakeFiles/mysql_binlog_event_standalone.dir/binlog_event.cpp.o
[ 12%] Building CXX object extra/libkmip/kmipclient/CMakeFiles/kmipclient.dir/src/NetClientOpenSSL.cpp.o
[ 12%] Building CXX object libs/mysql/binlog/event/CMakeFiles/mysql_binlog_event_standalone.dir/control_events.cpp.o
[ 12%] Linking CXX shared library ../../../../../library_output_directory/libabsl_random_internal_randen_hwaes.so
[ 12%] Building CXX object libs/mysql/binlog/event/CMakeFiles/mysql_binlog_event_standalone.dir/event_reader.cpp.o
[ 12%] Building CXX object extra/icu/CMakeFiles/icuuc.dir/icu-release-77-1/source/common/ucnv_set.cpp.o
[ 12%] Building CXX object libs/mysql/binlog/event/CMakeFiles/mysql_binlog_event_standalone.dir/statement_events.cpp.o
[ 12%] Building CXX object libs/mysql/binlog/event/CMakeFiles/mysql_binlog_event_standalone.dir/rows_event.cpp.o
[ 12%] Building CXX object libs/mysql/binlog/event/CMakeFiles/mysql_binlog_event_standalone.dir/load_data_events.cpp.o
[ 12%] Building CXX object mysys/CMakeFiles/mysys_objlib.dir/thr_mutex.cc.o
[ 12%] Building CXX object libs/mysql/binlog/event/CMakeFiles/mysql_binlog_event_standalone.dir/trx_boundary_parser.cpp.o
[ 12%] Building CXX object extra/libkmip/kmipclient/CMakeFiles/kmipclient.dir/src/KmipClientPool.cpp.o
[ 12%] Building CXX object extra/libkmip/kmipclient/CMakeFiles/kmipclient.dir/src/IOUtils.cpp.o
[ 13%] Building CXX object extra/icu/CMakeFiles/icuuc.dir/icu-release-77-1/source/common/ucnv_u16.cpp.o
[ 13%] Building CXX object extra/icu/CMakeFiles/icuuc.dir/icu-release-77-1/source/common/ucptrie.cpp.o
[ 13%] Building CXX object libs/mysql/binlog/event/CMakeFiles/mysql_binlog_event_standalone.dir/compression/decompress_status.cpp.o
[ 13%] Building CXX object mysys/CMakeFiles/mysys_objlib.dir/strxnmov.cc.o
[ 13%] Built target harness_tls
[ 13%] Building CXX object mysys/CMakeFiles/mysys_objlib.dir/thr_lock.cc.o
[ 13%] Building CXX object extra/icu/CMakeFiles/icuuc.dir/icu-release-77-1/source/common/ucol_swp.cpp.o
[ 13%] Building CXX object extra/libkmip/kmipclient/CMakeFiles/kmipclient.dir/src/PEMReader.cpp.o
[ 13%] Building CXX object mysys/CMakeFiles/mysys_objlib.dir/thr_rwlock.cc.o
[ 13%] Building CXX object extra/libkmip/kmipclient/CMakeFiles/kmipclient.dir/src/Key.cpp.o
[ 13%] Building CXX object libs/mysql/binlog/event/CMakeFiles/mysql_binlog_event_standalone.dir/compression/compressor.cpp.o
[ 13%] Building CXX object libs/mysql/binlog/event/CMakeFiles/mysql_binlog_event_standalone.dir/compression/decompressor.cpp.o
[ 13%] Linking CXX executable kmip_serialization_buffer_test
[ 13%] Built target routing_frontend_lib
[ 13%] Building CXX object extra/icu/CMakeFiles/icuuc.dir/icu-release-77-1/source/common/ucnv_u32.cpp.o
[ 13%] Built target create_id_token
[ 13%] Building CXX object extra/icu/CMakeFiles/icuuc.dir/icu-release-77-1/source/common/ucurr.cpp.o
[ 13%] Building CXX object extra/icu/CMakeFiles/icuuc.dir/icu-release-77-1/source/common/ucnv_u8.cpp.o
[ 13%] Building CXX object mysys/CMakeFiles/mysys_objlib.dir/tree.cc.o
[ 13%] Building CXX object extra/libkmip/kmipclient/CMakeFiles/kmipclient.dir/src/PrivateKey.cpp.o
[ 13%] Building CXX object extra/icu/CMakeFiles/icuuc.dir/icu-release-77-1/source/common/udata.cpp.o
[ 13%] Building CXX object libs/mysql/binlog/event/CMakeFiles/mysql_binlog_event_standalone.dir/compression/base.cpp.o
[ 13%] Building CXX object mysys/CMakeFiles/mysys_objlib.dir/keyring_operations_helper.cc.o
[ 13%] Building CXX object extra/icu/CMakeFiles/icuuc.dir/icu-release-77-1/source/common/ucnv_u7.cpp.o
[ 13%] Building CXX object mysys/CMakeFiles/mysys_objlib.dir/stream_cipher.cc.o
[ 13%] Building CXX object mysys/CMakeFiles/mysys_objlib.dir/unhex.cc.o
[ 13%] Building CXX object mysys/CMakeFiles/mysys_objlib.dir/typelib.cc.o
[ 13%] Building CXX object libs/mysql/binlog/event/CMakeFiles/mysql_binlog_event_standalone.dir/compression/factory.cpp.o
[ 13%] Building CXX object mysys/CMakeFiles/mysys_objlib.dir/crypt_genhash_impl.cc.o
[ 13%] Building CXX object mysys/CMakeFiles/mysys_objlib.dir/my_getopt.cc.o
[ 13%] Building CXX object mysys/CMakeFiles/mysys_objlib.dir/my_default.cc.o
[ 13%] Linking CXX executable kmip_core_test
[ 13%] Building CXX object extra/libkmip/kmippp/CMakeFiles/demo_pp_create.dir/demo_create.cpp.o
[ 13%] Building CXX object mysys/CMakeFiles/mysys_objlib.dir/my_kdf.cc.o
[ 13%] Building CXX object extra/icu/CMakeFiles/icuuc.dir/icu-release-77-1/source/common/udataswp.cpp.o
[ 13%] Building CXX object extra/libkmip/kmippp/CMakeFiles/demo_pp_activate.dir/demo_activate.cpp.o
[ 13%] Building CXX object extra/libkmip/kmippp/CMakeFiles/demo_pp_get_name.dir/demo_get_name.cpp.o
[ 13%] Linking CXX executable kmip_parser_test
[ 13%] Building CXX object mysys/CMakeFiles/mysys_objlib.dir/my_rnd.cc.o
[ 13%] Building CXX object extra/icu/CMakeFiles/icuuc.dir/icu-release-77-1/source/common/uhash.cpp.o
[ 13%] Building CXX object extra/icu/CMakeFiles/icuuc.dir/icu-release-77-1/source/common/uenum.cpp.o
[ 13%] Building CXX object libs/mysql/binlog/event/CMakeFiles/mysql_binlog_event_standalone.dir/compression/none_comp.cpp.o
[ 13%] Building CXX object extra/icu/CMakeFiles/icuuc.dir/icu-release-77-1/source/common/udatamem.cpp.o
[ 13%] Building CXX object mysys/CMakeFiles/mysys_objlib.dir/my_aes.cc.o
[ 13%] Building CXX object extra/libkmip/kmippp/CMakeFiles/demo_pp_get.dir/demo_get.cpp.o
[ 13%] Building CXX object libs/mysql/binlog/event/CMakeFiles/mysql_binlog_event_standalone.dir/compression/none_dec.cpp.o
[ 13%] Building CXX object mysys/CMakeFiles/mysys_objlib.dir/my_sha2.cc.o
[ 13%] Building CXX object extra/icu/CMakeFiles/icuuc.dir/icu-release-77-1/source/common/uhash_us.cpp.o
[ 13%] Building CXX object extra/libkmip/kmippp/CMakeFiles/demo_pp_register.dir/demo_register.cpp.o
[ 13%] Building CXX object libs/mysql/binlog/event/CMakeFiles/mysql_binlog_event_standalone.dir/compression/payload_event_buffer_istream.cpp.o
[ 13%] Building CXX object mysys/CMakeFiles/mysys_objlib.dir/my_openssl_fips.cc.o
[ 13%] Building CXX object extra/libkmip/kmippp/CMakeFiles/demo_pp_locate.dir/demo_locate.cpp.o
[ 13%] Built target demo_get
[ 13%] Building CXX object extra/icu/CMakeFiles/icuuc.dir/icu-release-77-1/source/common/uidna.cpp.o
[ 13%] Building CXX object libs/mysql/binlog/event/CMakeFiles/mysql_binlog_event_standalone.dir/compression/zstd_comp.cpp.o
[ 13%] Building CXX object extra/libkmip/kmipclient/CMakeFiles/kmipclient.dir/src/StringUtils.cpp.o
[ 13%] Built target demo_destroy
[ 13%] Built target demo_create
[ 13%] Building CXX object mysys/CMakeFiles/mysys_objlib.dir/my_ssl_algo_cache.cc.o
[ 13%] Building CXX object extra/libkmip/kmippp/CMakeFiles/demo_pp_all_secrets.dir/demo_all_secrets.cpp.o
[ 14%] Building CXX object extra/libkmip/kmipclient/CMakeFiles/kmipclient.dir/src/PublicKey.cpp.o
[ 14%] Building CXX object extra/libkmip/kmipclient/CMakeFiles/kmipclient.dir/src/X509Certificate.cpp.o
[ 14%] Building CXX object extra/libkmip/kmipclient/CMakeFiles/kmipclient.dir/src/SymmetricKey.cpp.o
[ 14%] Building CXX object libs/mysql/binlog/event/CMakeFiles/mysql_binlog_event_standalone.dir/compression/zstd_dec.cpp.o
[ 14%] Building CXX object extra/icu/CMakeFiles/icuuc.dir/icu-release-77-1/source/common/uinit.cpp.o
[ 14%] Building CXX object extra/libkmip/kmippp/CMakeFiles/demo_pp_all.dir/demo_all.cpp.o
[ 14%] Building CXX object mysys/CMakeFiles/mysys_objlib.dir/my_getpwnam.cc.o
[ 14%] Building CXX object mysys/CMakeFiles/mysys_objlib.dir/build_id.cc.o
[ 14%] Building CXX object router/src/routing/src/CMakeFiles/routing_connections.dir/channel.cc.o
[ 14%] Building CXX object extra/libkmip/kmippp/CMakeFiles/demo_pp_get_secret.dir/demo_get_secret.cpp.o
[ 14%] Building CXX object mysys/CMakeFiles/mysys_objlib.dir/my_aes_openssl.cc.o
[ 14%] Building CXX object mysys/CMakeFiles/mysys_objlib.dir/posix_timers.cc.o
[ 14%] Built target demo_locate
[ 14%] Building CXX object extra/libkmip/kmippp/CMakeFiles/demo_pp_revoke.dir/demo_revoke.cpp.o
[ 14%] Building CXX object extra/icu/CMakeFiles/icuuc.dir/icu-release-77-1/source/common/umath.cpp.o
[ 14%] Building CXX object extra/libkmip/kmippp/CMakeFiles/demo_pp_destroy.dir/demo_destroy.cpp.o
[ 14%] Building CXX object mysys/CMakeFiles/mysys_objlib.dir/my_largepage.cc.o
[ 14%] Building CXX object extra/icu/CMakeFiles/icuuc.dir/icu-release-77-1/source/common/uloc.cpp.o
[ 14%] Building CXX object extra/icu/CMakeFiles/icuuc.dir/icu-release-77-1/source/common/ulist.cpp.o
[ 14%] Building CXX object extra/icu/CMakeFiles/icuuc.dir/icu-release-77-1/source/common/ulocale.cpp.o
[ 14%] Built target demo_register
[ 14%] Building CXX object extra/abseil/abseil-cpp-20250814.1/absl/base/CMakeFiles/absl_base.dir/internal/sysinfo.cc.o
[ 14%] Building CXX object extra/abseil/abseil-cpp-20250814.1/absl/base/CMakeFiles/absl_base.dir/internal/spinlock.cc.o
[ 14%] Building CXX object extra/icu/CMakeFiles/icuuc.dir/icu-release-77-1/source/common/umapfile.cpp.o
[ 14%] Building CXX object extra/libkmip/kmippp/CMakeFiles/demo_pp_register_secret.dir/demo_register_secret.cpp.o
[ 14%] Building CXX object extra/icu/CMakeFiles/icuuc.dir/icu-release-77-1/source/common/umutex.cpp.o
[ 14%] Building CXX object extra/abseil/abseil-cpp-20250814.1/absl/base/CMakeFiles/absl_base.dir/internal/cycleclock.cc.o
[ 14%] Building CXX object extra/icu/CMakeFiles/icuuc.dir/icu-release-77-1/source/common/uloc_keytype.cpp.o
[ 14%] Building CXX object extra/icu/CMakeFiles/icuuc.dir/icu-release-77-1/source/common/uloc_tag.cpp.o
[ 14%] Building CXX object extra/abseil/abseil-cpp-20250814.1/absl/base/CMakeFiles/absl_base.dir/internal/thread_identity.cc.o
[ 14%] Building CXX object extra/icu/CMakeFiles/icuuc.dir/icu-release-77-1/source/common/uiter.cpp.o
[ 14%] Building CXX object extra/abseil/abseil-cpp-20250814.1/absl/base/CMakeFiles/absl_base.dir/internal/unscaledcycleclock.cc.o
[ 14%] Building CXX object extra/icu/CMakeFiles/icuuc.dir/icu-release-77-1/source/common/unifiedcache.cpp.o
[ 14%] Building CXX object extra/icu/CMakeFiles/icuuc.dir/icu-release-77-1/source/common/uinvchar.cpp.o
[ 14%] Building CXX object extra/icu/CMakeFiles/icuuc.dir/icu-release-77-1/source/common/ulocbuilder.cpp.o
[ 14%] Building CXX object extra/icu/CMakeFiles/icuuc.dir/icu-release-77-1/source/common/unames.cpp.o
[ 14%] Building CXX object extra/icu/CMakeFiles/icuuc.dir/icu-release-77-1/source/common/umutablecptrie.cpp.o
[ 14%] Building CXX object extra/icu/CMakeFiles/icuuc.dir/icu-release-77-1/source/common/uniset_closure.cpp.o
[ 14%] Building CXX object extra/icu/CMakeFiles/icuuc.dir/icu-release-77-1/source/common/uniset_props.cpp.o
[ 14%] Building CXX object extra/icu/CMakeFiles/icuuc.dir/icu-release-77-1/source/common/unistr_case.cpp.o
[ 14%] Building CXX object extra/icu/CMakeFiles/icuuc.dir/icu-release-77-1/source/common/unistr_case_locale.cpp.o
[ 14%] Building CXX object extra/icu/CMakeFiles/icuuc.dir/icu-release-77-1/source/common/unistr_cnv.cpp.o
[ 14%] Building CXX object extra/icu/CMakeFiles/icuuc.dir/icu-release-77-1/source/common/unifunct.cpp.o
[ 14%] Building CXX object extra/icu/CMakeFiles/icuuc.dir/icu-release-77-1/source/common/uniset.cpp.o
[ 14%] Building CXX object extra/icu/CMakeFiles/icuuc.dir/icu-release-77-1/source/common/unisetspan.cpp.o
[ 14%] Built target opentelemetry_http_client_curl
[ 14%] Built target changestreams_standalone_static
[ 14%] Building CXX object extra/abseil/abseil-cpp-20250814.1/absl/base/CMakeFiles/absl_throw_delegate.dir/internal/throw_delegate.cc.o
[ 14%] Building CXX object extra/icu/CMakeFiles/icuuc.dir/icu-release-77-1/source/common/unifilt.cpp.o
[ 14%] Building CXX object extra/abseil/abseil-cpp-20250814.1/absl/debugging/CMakeFiles/absl_debugging_internal.dir/internal/address_is_readable.cc.o
[ 14%] Built target opentelemetry_resources
[ 14%] Building CXX object extra/abseil/abseil-cpp-20250814.1/absl/strings/CMakeFiles/absl_cordz_functions.dir/internal/cordz_functions.cc.o
[ 14%] Linking CXX executable demo_pp_activate
[ 14%] Linking CXX executable demo_pp_create
[ 15%] Linking CXX executable demo_pp_register
[ 15%] Linking CXX executable demo_pp_get
[ 15%] Linking CXX executable demo_pp_get_name
[ 15%] Building CXX object extra/icu/CMakeFiles/icuuc.dir/icu-release-77-1/source/common/unormcmp.cpp.o
[ 15%] Building CXX object extra/abseil/abseil-cpp-20250814.1/absl/random/CMakeFiles/absl_random_seed_gen_exception.dir/seed_gen_exception.cc.o
[ 15%] Building CXX object extra/abseil/abseil-cpp-20250814.1/absl/base/CMakeFiles/absl_scoped_set_env.dir/internal/scoped_set_env.cc.o
[ 15%] Linking CXX executable demo_pp_all_secrets
[ 15%] Building CXX object extra/icu/CMakeFiles/icuuc.dir/icu-release-77-1/source/common/unistr_props.cpp.o
[ 15%] Building CXX object extra/icu/CMakeFiles/icuuc.dir/icu-release-77-1/source/common/unorm.cpp.o
[ 15%] Linking CXX executable demo_pp_locate
[ 15%] Building CXX object extra/icu/CMakeFiles/icuuc.dir/icu-release-77-1/source/common/uprops.cpp.o
[ 15%] Building CXX object extra/icu/CMakeFiles/icuuc.dir/icu-release-77-1/source/common/unistr_titlecase_brkiter.cpp.o
[ 15%] Building CXX object extra/icu/CMakeFiles/icuuc.dir/icu-release-77-1/source/common/unistr.cpp.o
[ 15%] Building CXX object extra/icu/CMakeFiles/icuuc.dir/icu-release-77-1/source/common/uobject.cpp.o
[ 15%] Building CXX object extra/icu/CMakeFiles/icuuc.dir/icu-release-77-1/source/common/uscript_props.cpp.o
[ 15%] Linking CXX static library ../../../../archive_output_directory/libmysql_binlog_event_standalone.a
[ 15%] Building CXX object extra/icu/CMakeFiles/icuuc.dir/icu-release-77-1/source/common/ures_cnv.cpp.o
[ 15%] Building CXX object extra/icu/CMakeFiles/icuuc.dir/icu-release-77-1/source/common/usetiter.cpp.o
[ 15%] Building CXX object extra/icu/CMakeFiles/icuuc.dir/icu-release-77-1/source/common/uscript.cpp.o
[ 15%] Building CXX object extra/icu/CMakeFiles/icuuc.dir/icu-release-77-1/source/common/usc_impl.cpp.o
[ 15%] Building CXX object extra/icu/CMakeFiles/icuuc.dir/icu-release-77-1/source/common/uresbund.cpp.o
[ 15%] Building CXX object extra/icu/CMakeFiles/icuuc.dir/icu-release-77-1/source/common/uset.cpp.o
[ 15%] Building CXX object extra/icu/CMakeFiles/icuuc.dir/icu-release-77-1/source/common/ustr_cnv.cpp.o
[ 15%] Building CXX object extra/icu/CMakeFiles/icuuc.dir/icu-release-77-1/source/common/uset_props.cpp.o
[ 15%] Linking CXX static library libkmipclient.a
[ 15%] Building CXX object extra/icu/CMakeFiles/icuuc.dir/icu-release-77-1/source/common/usprep.cpp.o
[ 15%] Building CXX object extra/icu/CMakeFiles/icuuc.dir/icu-release-77-1/source/common/ustr_titlecase_brkiter.cpp.o
[ 15%] Linking CXX executable demo_pp_destroy
[ 15%] Building CXX object extra/icu/CMakeFiles/icuuc.dir/icu-release-77-1/source/common/ushape.cpp.o
[ 15%] Building CXX object extra/icu/CMakeFiles/icuuc.dir/icu-release-77-1/source/common/ustrcase_locale.cpp.o
[ 15%] Building CXX object extra/icu/CMakeFiles/icuuc.dir/icu-release-77-1/source/common/ustrcase.cpp.o
[ 15%] Building CXX object extra/icu/CMakeFiles/icuuc.dir/icu-release-77-1/source/common/ustrenum.cpp.o
[ 15%] Linking CXX executable demo_pp_get_secret
[ 15%] Building CXX object extra/icu/CMakeFiles/icuuc.dir/icu-release-77-1/source/common/ustrfmt.cpp.o
[ 15%] Building CXX object extra/icu/CMakeFiles/icuuc.dir/icu-release-77-1/source/common/ustr_wcs.cpp.o
[ 15%] Building CXX object extra/icu/CMakeFiles/icuuc.dir/icu-release-77-1/source/common/utf_impl.cpp.o
[ 15%] Building CXX object extra/icu/CMakeFiles/icuuc.dir/icu-release-77-1/source/common/utext.cpp.o
[ 15%] Linking CXX executable demo_pp_all
[ 15%] Building CXX object extra/icu/CMakeFiles/icuuc.dir/icu-release-77-1/source/common/ustrtrns.cpp.o
[ 15%] Building CXX object extra/icu/CMakeFiles/icuuc.dir/icu-release-77-1/source/common/util_props.cpp.o
[ 15%] Building CXX object extra/icu/CMakeFiles/icuuc.dir/icu-release-77-1/source/common/util.cpp.o
[ 16%] Building CXX object extra/icu/CMakeFiles/icuuc.dir/icu-release-77-1/source/common/uresdata.cpp.o
[ 16%] Linking CXX shared library ../../../../library_output_directory/libmysqlrouter_routing_connections.so
[ 16%] Built target mysys_objlib
[ 16%] Building CXX object extra/icu/CMakeFiles/icuuc.dir/icu-release-77-1/source/common/ustack.cpp.o
[ 16%] Building CXX object extra/icu/CMakeFiles/icuuc.dir/icu-release-77-1/source/common/utrace.cpp.o
[ 16%] Building CXX object extra/icu/CMakeFiles/icuuc.dir/icu-release-77-1/source/common/utrie2.cpp.o
[ 16%] Linking CXX executable demo_pp_revoke
[ 16%] Building CXX object extra/icu/CMakeFiles/icuuc.dir/icu-release-77-1/source/common/ustring.cpp.o
[ 16%] Built target absl_random_internal_randen_hwaes
[ 16%] Building CXX object extra/icu/CMakeFiles/icuuc.dir/icu-release-77-1/source/common/utrie_swap.cpp.o
[ 16%] Building CXX object extra/icu/CMakeFiles/icuuc.dir/icu-release-77-1/source/common/utrie.cpp.o
[ 16%] Building CXX object extra/opentelemetry-cpp/opentelemetry-cpp-1.23.0/sdk/src/trace/CMakeFiles/opentelemetry_trace.dir/tracer_context.cc.o
[ 16%] Linking CXX shared library ../../../../../library_output_directory/libabsl_base.so
[ 16%] Building CXX object extra/icu/CMakeFiles/icuuc.dir/icu-release-77-1/source/common/utrie2_builder.cpp.o
[ 16%] Linking CXX executable demo_pp_register_secret
[ 16%] Building CXX object extra/opentelemetry-cpp/opentelemetry-cpp-1.23.0/sdk/src/trace/CMakeFiles/opentelemetry_trace.dir/tracer.cc.o
[ 16%] Building CXX object extra/opentelemetry-cpp/opentelemetry-cpp-1.23.0/sdk/src/trace/CMakeFiles/opentelemetry_trace.dir/tracer_provider_factory.cc.o
[ 16%] Building CXX object extra/icu/CMakeFiles/icuuc.dir/icu-release-77-1/source/common/uvector.cpp.o
[ 16%] Building CXX object extra/opentelemetry-cpp/opentelemetry-cpp-1.23.0/sdk/src/trace/CMakeFiles/opentelemetry_trace.dir/tracer_context_factory.cc.o
[ 16%] Building CXX object extra/icu/CMakeFiles/icuuc.dir/icu-release-77-1/source/common/utypes.cpp.o
[ 16%] Building CXX object extra/icu/CMakeFiles/icuuc.dir/icu-release-77-1/source/common/uts46.cpp.o
[ 16%] Building CXX object extra/opentelemetry-cpp/opentelemetry-cpp-1.23.0/sdk/src/trace/CMakeFiles/opentelemetry_trace.dir/tracer_provider.cc.o
[ 16%] Building CXX object extra/opentelemetry-cpp/opentelemetry-cpp-1.23.0/sdk/src/trace/CMakeFiles/opentelemetry_trace.dir/span.cc.o
[ 16%] Building CXX object extra/opentelemetry-cpp/opentelemetry-cpp-1.23.0/sdk/src/trace/CMakeFiles/opentelemetry_trace.dir/exporter.cc.o
[ 16%] Building CXX object extra/opentelemetry-cpp/opentelemetry-cpp-1.23.0/sdk/src/trace/CMakeFiles/opentelemetry_trace.dir/provider.cc.o
[ 16%] Building CXX object extra/opentelemetry-cpp/opentelemetry-cpp-1.23.0/sdk/src/trace/CMakeFiles/opentelemetry_trace.dir/batch_span_processor_factory.cc.o
[ 16%] Building CXX object extra/opentelemetry-cpp/opentelemetry-cpp-1.23.0/sdk/src/trace/CMakeFiles/opentelemetry_trace.dir/samplers/always_on_factory.cc.o
[ 16%] Building CXX object extra/opentelemetry-cpp/opentelemetry-cpp-1.23.0/sdk/src/logs/CMakeFiles/opentelemetry_logs.dir/provider.cc.o
[ 16%] Building CXX object extra/opentelemetry-cpp/opentelemetry-cpp-1.23.0/sdk/src/trace/CMakeFiles/opentelemetry_trace.dir/batch_span_processor.cc.o
[ 16%] Linking CXX shared library ../../../../../library_output_directory/libabsl_throw_delegate.so
[ 16%] Building CXX object extra/opentelemetry-cpp/opentelemetry-cpp-1.23.0/sdk/src/metrics/CMakeFiles/opentelemetry_metrics.dir/async_instruments.cc.o
[ 16%] Building CXX object extra/opentelemetry-cpp/opentelemetry-cpp-1.23.0/sdk/src/metrics/CMakeFiles/opentelemetry_metrics.dir/provider.cc.o
[ 16%] Building CXX object extra/opentelemetry-cpp/opentelemetry-cpp-1.23.0/sdk/src/trace/CMakeFiles/opentelemetry_trace.dir/simple_processor_factory.cc.o
[ 16%] Building CXX object extra/icu/CMakeFiles/icuuc.dir/icu-release-77-1/source/common/uvectr32.cpp.o
[ 16%] Building CXX object extra/opentelemetry-cpp/opentelemetry-cpp-1.23.0/sdk/src/trace/CMakeFiles/opentelemetry_trace.dir/samplers/parent.cc.o
[ 16%] Building CXX object extra/opentelemetry-cpp/opentelemetry-cpp-1.23.0/sdk/src/metrics/CMakeFiles/opentelemetry_metrics.dir/meter_provider.cc.o
[ 16%] Building CXX object extra/abseil/abseil-cpp-20250814.1/absl/debugging/CMakeFiles/absl_debugging_internal.dir/internal/vdso_support.cc.o
[ 16%] Building CXX object extra/opentelemetry-cpp/opentelemetry-cpp-1.23.0/sdk/src/trace/CMakeFiles/opentelemetry_trace.dir/samplers/always_off_factory.cc.o
[ 17%] Building CXX object extra/opentelemetry-cpp/opentelemetry-cpp-1.23.0/sdk/src/metrics/CMakeFiles/opentelemetry_metrics.dir/meter_provider_factory.cc.o
[ 17%] Building CXX object extra/opentelemetry-cpp/opentelemetry-cpp-1.23.0/sdk/src/logs/CMakeFiles/opentelemetry_logs.dir/logger_provider.cc.o
[ 17%] Building CXX object extra/opentelemetry-cpp/opentelemetry-cpp-1.23.0/sdk/src/trace/CMakeFiles/opentelemetry_trace.dir/samplers/parent_factory.cc.o
[ 17%] Building CXX object extra/opentelemetry-cpp/opentelemetry-cpp-1.23.0/sdk/src/trace/CMakeFiles/opentelemetry_trace.dir/samplers/trace_id_ratio.cc.o
[ 17%] Linking CXX shared library ../../../../../library_output_directory/libabsl_cordz_functions.so
[ 17%] Linking CXX shared library ../../../../../library_output_directory/libabsl_scoped_set_env.so
[ 17%] Linking CXX shared library ../../../../../library_output_directory/libabsl_random_seed_gen_exception.so
[ 17%] Building CXX object extra/opentelemetry-cpp/opentelemetry-cpp-1.23.0/sdk/src/logs/CMakeFiles/opentelemetry_logs.dir/logger_provider_factory.cc.o
[ 17%] Building CXX object extra/opentelemetry-cpp/opentelemetry-cpp-1.23.0/sdk/src/logs/CMakeFiles/opentelemetry_logs.dir/event_logger_provider.cc.o
[ 17%] Building CXX object extra/opentelemetry-cpp/opentelemetry-cpp-1.23.0/sdk/src/metrics/CMakeFiles/opentelemetry_metrics.dir/meter_config.cc.o
[ 17%] Building CXX object extra/opentelemetry-cpp/opentelemetry-cpp-1.23.0/sdk/src/logs/CMakeFiles/opentelemetry_logs.dir/exporter.cc.o
[ 17%] Building CXX object extra/opentelemetry-cpp/opentelemetry-cpp-1.23.0/sdk/src/metrics/CMakeFiles/opentelemetry_metrics.dir/meter.cc.o
[ 17%] Building CXX object extra/opentelemetry-cpp/opentelemetry-cpp-1.23.0/sdk/src/metrics/CMakeFiles/opentelemetry_metrics.dir/meter_context.cc.o
[ 17%] Building CXX object extra/icu/CMakeFiles/icuuc.dir/icu-release-77-1/source/common/wintz.cpp.o
[ 17%] Building CXX object extra/opentelemetry-cpp/opentelemetry-cpp-1.23.0/sdk/src/logs/CMakeFiles/opentelemetry_logs.dir/logger.cc.o
[ 17%] Building CXX object extra/icu/CMakeFiles/icuuc.dir/icu-release-77-1/source/common/uvectr64.cpp.o
[ 17%] Building CXX object extra/opentelemetry-cpp/opentelemetry-cpp-1.23.0/sdk/src/metrics/CMakeFiles/opentelemetry_metrics.dir/instrument_metadata_validator.cc.o
[ 17%] Building CXX object extra/opentelemetry-cpp/opentelemetry-cpp-1.23.0/sdk/src/logs/CMakeFiles/opentelemetry_logs.dir/event_logger_provider_factory.cc.o
[ 17%] Building CXX object extra/opentelemetry-cpp/opentelemetry-cpp-1.23.0/sdk/src/logs/CMakeFiles/opentelemetry_logs.dir/simple_log_record_processor.cc.o
[ 17%] Building CXX object extra/opentelemetry-cpp/opentelemetry-cpp-1.23.0/sdk/src/metrics/CMakeFiles/opentelemetry_metrics.dir/meter_context_factory.cc.o
[ 17%] Building CXX object extra/opentelemetry-cpp/opentelemetry-cpp-1.23.0/sdk/src/logs/CMakeFiles/opentelemetry_logs.dir/event_logger.cc.o
[ 17%] Building CXX object extra/opentelemetry-cpp/opentelemetry-cpp-1.23.0/sdk/src/metrics/CMakeFiles/opentelemetry_metrics.dir/metric_reader.cc.o
[ 17%] Building CXX object extra/opentelemetry-cpp/opentelemetry-cpp-1.23.0/sdk/src/metrics/CMakeFiles/opentelemetry_metrics.dir/export/periodic_exporting_metric_reader.cc.o
[ 17%] Building CXX object extra/opentelemetry-cpp/opentelemetry-cpp-1.23.0/sdk/src/trace/CMakeFiles/opentelemetry_trace.dir/samplers/trace_id_ratio_factory.cc.o
[ 17%] Building CXX object extra/opentelemetry-cpp/opentelemetry-cpp-1.23.0/sdk/src/metrics/CMakeFiles/opentelemetry_metrics.dir/export/periodic_exporting_metric_reader_factory.cc.o
[ 17%] Building CXX object extra/opentelemetry-cpp/opentelemetry-cpp-1.23.0/sdk/src/metrics/CMakeFiles/opentelemetry_metrics.dir/export/periodic_exporting_metric_reader_options.cc.o
[ 17%] Building CXX object extra/opentelemetry-cpp/opentelemetry-cpp-1.23.0/sdk/src/trace/CMakeFiles/opentelemetry_trace.dir/random_id_generator.cc.o
[ 17%] Building CXX object extra/opentelemetry-cpp/opentelemetry-cpp-1.23.0/sdk/src/trace/CMakeFiles/opentelemetry_trace.dir/random_id_generator_factory.cc.o
[ 17%] Building CXX object extra/opentelemetry-cpp/opentelemetry-cpp-1.23.0/sdk/src/metrics/CMakeFiles/opentelemetry_metrics.dir/state/filtered_ordered_attribute_map.cc.o
[ 17%] Building CXX object extra/opentelemetry-cpp/opentelemetry-cpp-1.23.0/sdk/src/metrics/CMakeFiles/opentelemetry_metrics.dir/state/sync_metric_storage.cc.o
[ 17%] Building CXX object extra/opentelemetry-cpp/opentelemetry-cpp-1.23.0/sdk/src/logs/CMakeFiles/opentelemetry_logs.dir/logger_config.cc.o
[ 17%] Building CXX object extra/opentelemetry-cpp/opentelemetry-cpp-1.23.0/sdk/src/metrics/CMakeFiles/opentelemetry_metrics.dir/state/metric_collector.cc.o
[ 17%] Building CXX object extra/opentelemetry-cpp/opentelemetry-cpp-1.23.0/sdk/src/logs/CMakeFiles/opentelemetry_logs.dir/batch_log_record_processor_factory.cc.o
[ 17%] Building CXX object extra/opentelemetry-cpp/opentelemetry-cpp-1.23.0/sdk/src/logs/CMakeFiles/opentelemetry_logs.dir/batch_log_record_processor.cc.o
[ 17%] Building CXX object extra/opentelemetry-cpp/opentelemetry-cpp-1.23.0/sdk/src/logs/CMakeFiles/opentelemetry_logs.dir/logger_context.cc.o
[ 17%] Building CXX object extra/opentelemetry-cpp/opentelemetry-cpp-1.23.0/sdk/src/metrics/CMakeFiles/opentelemetry_metrics.dir/state/observable_registry.cc.o
[ 17%] Building CXX object extra/opentelemetry-cpp/opentelemetry-cpp-1.23.0/sdk/src/logs/CMakeFiles/opentelemetry_logs.dir/simple_log_record_processor_factory.cc.o
[ 17%] Building CXX object extra/opentelemetry-cpp/opentelemetry-cpp-1.23.0/sdk/src/metrics/CMakeFiles/opentelemetry_metrics.dir/aggregation/sum_aggregation.cc.o
[ 17%] Building CXX object extra/opentelemetry-cpp/opentelemetry-cpp-1.23.0/sdk/src/trace/CMakeFiles/opentelemetry_trace.dir/tracer_config.cc.o
[ 17%] Building CXX object extra/opentelemetry-cpp/opentelemetry-cpp-1.23.0/sdk/src/metrics/CMakeFiles/opentelemetry_metrics.dir/aggregation/base2_exponential_histogram_aggregation.cc.o
[ 17%] Building CXX object extra/opentelemetry-cpp/opentelemetry-cpp-1.23.0/sdk/src/metrics/CMakeFiles/opentelemetry_metrics.dir/state/temporal_metric_storage.cc.o
[ 17%] Building CXX object extra/opentelemetry-cpp/opentelemetry-cpp-1.23.0/sdk/src/metrics/CMakeFiles/opentelemetry_metrics.dir/aggregation/lastvalue_aggregation.cc.o
[ 17%] Built target strings_zh_hans
[ 17%] Building CXX object extra/opentelemetry-cpp/opentelemetry-cpp-1.23.0/sdk/src/metrics/CMakeFiles/opentelemetry_metrics.dir/data/circular_buffer.cc.o
[ 17%] Building CXX object extra/opentelemetry-cpp/opentelemetry-cpp-1.23.0/sdk/src/metrics/CMakeFiles/opentelemetry_metrics.dir/exemplar/reservoir.cc.o
[ 17%] Building CXX object extra/opentelemetry-cpp/opentelemetry-cpp-1.23.0/sdk/src/logs/CMakeFiles/opentelemetry_logs.dir/logger_context_factory.cc.o
[ 17%] Building CXX object extra/opentelemetry-cpp/opentelemetry-cpp-1.23.0/sdk/src/metrics/CMakeFiles/opentelemetry_metrics.dir/aggregation/histogram_aggregation.cc.o
[ 17%] Building CXX object extra/opentelemetry-cpp/opentelemetry-cpp-1.23.0/sdk/src/logs/CMakeFiles/opentelemetry_logs.dir/multi_recordable.cc.o
[ 17%] Building CXX object extra/opentelemetry-cpp/opentelemetry-cpp-1.23.0/sdk/src/logs/CMakeFiles/opentelemetry_logs.dir/multi_log_record_processor.cc.o
[ 17%] Building CXX object extra/opentelemetry-cpp/opentelemetry-cpp-1.23.0/sdk/src/metrics/CMakeFiles/opentelemetry_metrics.dir/aggregation/base2_exponential_histogram_indexer.cc.o
[ 17%] Building CXX object extra/opentelemetry-cpp/opentelemetry-cpp-1.23.0/sdk/src/metrics/CMakeFiles/opentelemetry_metrics.dir/view/instrument_selector_factory.cc.o
[ 17%] Building CXX object extra/abseil/abseil-cpp-20250814.1/absl/random/CMakeFiles/absl_random_internal_randen.dir/internal/randen.cc.o
[ 17%] Built target kmip_serialization_buffer_test
[ 17%] Building CXX object extra/opentelemetry-cpp/opentelemetry-cpp-1.23.0/sdk/src/metrics/CMakeFiles/opentelemetry_metrics.dir/view/view_registry_factory.cc.o
[ 18%] Building CXX object extra/abseil/abseil-cpp-20250814.1/absl/debugging/CMakeFiles/absl_debugging_internal.dir/internal/elf_mem_image.cc.o
[ 18%] Building CXX object extra/opentelemetry-cpp/opentelemetry-cpp-1.23.0/sdk/src/logs/CMakeFiles/opentelemetry_logs.dir/read_write_log_record.cc.o
[ 18%] Building CXX object extra/opentelemetry-cpp/opentelemetry-cpp-1.23.0/sdk/src/metrics/CMakeFiles/opentelemetry_metrics.dir/view/view_factory.cc.o
[ 18%] Building CXX object extra/opentelemetry-cpp/opentelemetry-cpp-1.23.0/sdk/src/metrics/CMakeFiles/opentelemetry_metrics.dir/view/meter_selector_factory.cc.o
[ 18%] Building CXX object extra/opentelemetry-cpp/opentelemetry-cpp-1.23.0/sdk/src/logs/CMakeFiles/opentelemetry_logs.dir/multi_log_record_processor_factory.cc.o
[ 18%] Building CXX object extra/opentelemetry-cpp/opentelemetry-cpp-1.23.0/sdk/src/metrics/CMakeFiles/opentelemetry_metrics.dir/sync_instruments.cc.o
[ 18%] Building CXX object extra/opentelemetry-cpp/opentelemetry-cpp-1.23.0/sdk/src/logs/CMakeFiles/opentelemetry_logs.dir/readable_log_record.cc.o
[ 18%] Linking CXX shared library ../../library_output_directory/libicuuc.so
[ 18%] Building CXX object strings/CMakeFiles/strings_objlib.dir/collations.cc.o
[ 19%] Built target do_cno_huffman_generator
[ 19%] Building CXX object strings/CMakeFiles/strings_objlib.dir/ctype-big5.cc.o
[ 19%] Building CXX object strings/CMakeFiles/strings_objlib.dir/collations_internal.cc.o
[ 19%] Building CXX object strings/CMakeFiles/strings_objlib.dir/ctype-eucjpms.cc.o
[ 19%] Building CXX object strings/CMakeFiles/strings_objlib.dir/ctype-czech.cc.o
[ 19%] Building CXX object strings/CMakeFiles/strings_objlib.dir/ctype-gb2312.cc.o
[ 19%] Building CXX object strings/CMakeFiles/strings_objlib.dir/ctype-latin1.cc.o
[ 19%] Building CXX object strings/CMakeFiles/strings_objlib.dir/ctype-bin.cc.o
[ 19%] Building CXX object strings/CMakeFiles/strings_objlib.dir/ctype-euc_kr.cc.o
[ 19%] Linking CXX static library libopentelemetry_trace.a
[ 19%] Building CXX object strings/CMakeFiles/strings_objlib.dir/ctype-sjis.cc.o
[ 19%] Building CXX object strings/CMakeFiles/strings_objlib.dir/ctype-ucs2.cc.o
[ 19%] Building CXX object strings/CMakeFiles/strings_objlib.dir/ctype-simple.cc.o
[ 19%] Building CXX object strings/CMakeFiles/strings_objlib.dir/ctype-mb.cc.o
[ 19%] Building CXX object strings/CMakeFiles/strings_objlib.dir/ctype-gbk.cc.o
[ 19%] Building CXX object strings/CMakeFiles/strings_objlib.dir/ctype-extra.cc.o
[ 19%] Building CXX object strings/CMakeFiles/strings_objlib.dir/ctype-gb18030.cc.o
[ 19%] Building CXX object strings/CMakeFiles/strings_objlib.dir/ctype-tis620.cc.o
[ 19%] Building CXX object strings/CMakeFiles/strings_objlib.dir/dtoa.cc.o
[ 19%] Building CXX object strings/CMakeFiles/strings_objlib.dir/ctype-uca.cc.o
[ 19%] Building CXX object strings/CMakeFiles/strings_objlib.dir/ctype-cp932.cc.o
[ 19%] Building CXX object strings/CMakeFiles/strings_objlib.dir/ctype.cc.o
[ 19%] Building CXX object strings/CMakeFiles/strings_objlib.dir/ctype-utf8.cc.o
[ 19%] Building CXX object strings/CMakeFiles/strings_objlib.dir/my_strchr.cc.o
[ 19%] Building CXX object strings/CMakeFiles/strings_objlib.dir/ctype-win1250ch.cc.o
[ 19%] Building CXX object strings/CMakeFiles/strings_objlib.dir/int2str.cc.o
[ 19%] Building CXX object strings/CMakeFiles/strings_objlib.dir/my_strtoll10.cc.o
[ 19%] Building CXX object strings/CMakeFiles/strings_objlib.dir/ctype-ujis.cc.o
[ 19%] Building CXX object strings/CMakeFiles/strings_objlib.dir/my_uctype.cc.o
[ 19%] Building CXX object strings/CMakeFiles/strings_objlib.dir/uca900_zh_tbls.cc.o
[ 19%] Building CXX object strings/CMakeFiles/strings_objlib.dir/xml.cc.o
[ 19%] Building CXX object strings/CMakeFiles/strings_objlib.dir/sql_chars.cc.o
[ 19%] Building CXX object strings/CMakeFiles/strings_objlib.dir/str_alloc.cc.o
[ 19%] Building CXX object strings/CMakeFiles/strings_objlib.dir/uca900_ja_tbls.cc.o
[ 19%] Linking CXX shared library ../../../../../library_output_directory/libabsl_random_internal_randen.so
[ 19%] Linking CXX shared library ../../../../../library_output_directory/libabsl_debugging_internal.so
[ 19%] Built target fido2
[ 19%] Linking CXX static library libopentelemetry_logs.a
[ 19%] Built target abi_check
[ 19%] Linking CXX static library libopentelemetry_metrics.a
[ 19%] Built target absl_cordz_functions
[ 19%] Building C object extra/libcno/CMakeFiles/cno.dir/libcno-208939f540957a35b337dacdd5c5e34d51821bd2/cno/core.c.o
[ 19%] Building C object extra/libcno/CMakeFiles/cno.dir/libcno-208939f540957a35b337dacdd5c5e34d51821bd2/cno/common.c.o
[ 19%] Building C object extra/libcno/CMakeFiles/cno.dir/libcno-208939f540957a35b337dacdd5c5e34d51821bd2/cno/hpack.c.o
[ 19%] Building C object extra/libcno/CMakeFiles/cno.dir/libcno-208939f540957a35b337dacdd5c5e34d51821bd2/picohttpparser/picohttpparser.c.o
[ 19%] Built target kmip_core_test
[ 19%] Built target absl_random_seed_gen_exception
[ 19%] Built target absl_throw_delegate
[ 19%] Built target absl_scoped_set_env
[ 19%] Built target strings_objlib
[ 20%] Linking C static library libcno.a
[ 20%] Built target absl_base
[ 20%] Built target mysql_binlog_event_standalone
[ 20%] Linking CXX static library ../archive_output_directory/libstrings.a
[ 20%] Linking CXX shared library ../library_output_directory/libstrings_shared.so
[ 20%] Built target demo_pp_activate
[ 20%] Built target kmipclient
[ 20%] Building CXX object extra/abseil/abseil-cpp-20250814.1/absl/numeric/CMakeFiles/absl_int128.dir/int128.cc.o
[ 20%] Building CXX object extra/abseil/abseil-cpp-20250814.1/absl/base/CMakeFiles/absl_malloc_internal.dir/internal/low_level_alloc.cc.o
[ 20%] Building CXX object extra/abseil/abseil-cpp-20250814.1/absl/strings/CMakeFiles/absl_string_view.dir/string_view.cc.o
[ 20%] Building CXX object extra/abseil/abseil-cpp-20250814.1/absl/strings/CMakeFiles/absl_strings_internal.dir/internal/escaping.cc.o
[ 20%] Building CXX object extra/abseil/abseil-cpp-20250814.1/absl/base/CMakeFiles/absl_tracing_internal.dir/internal/tracing.cc.o
[ 20%] Building CXX object extra/abseil/abseil-cpp-20250814.1/absl/strings/CMakeFiles/absl_strings_internal.dir/internal/ostringstream.cc.o
[ 20%] Building CXX object extra/abseil/abseil-cpp-20250814.1/absl/debugging/CMakeFiles/absl_decode_rust_punycode.dir/internal/decode_rust_punycode.cc.o
[ 20%] Building CXX object extra/abseil/abseil-cpp-20250814.1/absl/log/CMakeFiles/absl_log_internal_conditions.dir/internal/conditions.cc.o
[ 20%] Building CXX object extra/abseil/abseil-cpp-20250814.1/absl/strings/CMakeFiles/absl_strings_internal.dir/internal/utf8.cc.o
[ 20%] Building CXX object extra/abseil/abseil-cpp-20250814.1/absl/hash/CMakeFiles/absl_city.dir/internal/city.cc.o
[ 20%] Building CXX object extra/abseil/abseil-cpp-20250814.1/absl/crc/CMakeFiles/absl_crc_cpu_detect.dir/internal/cpu_detect.cc.o
[ 20%] Built target demo_pp_get_secret
[ 20%] Built target routing_connections
[ 20%] Built target cno
[ 20%] Built target demo_pp_revoke
[ 20%] Building CXX object extra/libkmip/kmipclient/CMakeFiles/example_get_name.dir/examples/example_get_name.cpp.o
[ 20%] Building CXX object extra/libkmip/kmipclient/CMakeFiles/example_activate.dir/examples/example_activate.cpp.o
[ 20%] Building CXX object extra/libkmip/kmipclient/CMakeFiles/example_destroy.dir/examples/example_destroy.cpp.o
[ 20%] Building CXX object extra/libkmip/kmipclient/CMakeFiles/example_register_secret.dir/examples/example_register_secret.cpp.o
[ 20%] Building CXX object extra/libkmip/kmipclient/CMakeFiles/example_get_logger.dir/examples/example_get_logger.cpp.o
[ 20%] Building CXX object extra/libkmip/kmipclient/CMakeFiles/example_get.dir/examples/example_get.cpp.o
[ 20%] Built target absl_random_internal_randen
[ 20%] Building CXX object extra/libkmip/kmipclient/CMakeFiles/example_create_aes.dir/examples/example_create_aes.cpp.o
[ 20%] Building CXX object extra/libkmip/kmipclient/CMakeFiles/example_get_secret.dir/examples/example_get_secret.cpp.o
[ 20%] Building CXX object extra/libkmip/kmipclient/CMakeFiles/example_revoke.dir/examples/example_revoke.cpp.o
[ 20%] Building CXX object extra/libkmip/kmipclient/CMakeFiles/example_get_tls_verify.dir/examples/example_get_tls_verify.cpp.o
[ 20%] Building CXX object extra/libkmip/kmipclient/CMakeFiles/example_locate.dir/examples/example_locate.cpp.o
[ 20%] Built target absl_debugging_internal
[ 20%] Building CXX object extra/libkmip/kmipclient/CMakeFiles/example_locate_by_group.dir/examples/example_locate_by_group.cpp.o
[ 20%] Building CXX object extra/libkmip/kmipclient/CMakeFiles/example_query_server_info.dir/examples/example_query_server_info.cpp.o
[ 20%] Building CXX object extra/libkmip/kmipclient/CMakeFiles/example_get_attributes.dir/examples/example_get_attributes.cpp.o
[ 20%] Building CXX object extra/libkmip/kmipclient/CMakeFiles/example_get_all_ids.dir/examples/example_get_all_ids.cpp.o
[ 20%] Building CXX object extra/libkmip/kmipclient/CMakeFiles/example_supported_versions.dir/examples/example_supported_versions.cpp.o
[ 20%] Building CXX object extra/libkmip/kmipclient/CMakeFiles/example_register_key.dir/examples/example_register_key.cpp.o
[ 20%] Building CXX object extra/libkmip/kmipclient/CMakeFiles/example_pool.dir/examples/example_pool.cpp.o
[ 20%] Linking CXX shared library ../../../../../library_output_directory/libabsl_tracing_internal.so
[ 20%] Linking CXX shared library ../../../../../library_output_directory/libabsl_string_view.so
[ 20%] Linking CXX shared library ../../../../../library_output_directory/libabsl_int128.so
[ 20%] Linking CXX shared library ../../../../../library_output_directory/libabsl_decode_rust_punycode.so
[ 20%] Linking CXX shared library ../../../../../library_output_directory/libabsl_log_internal_conditions.so
[ 20%] Linking CXX shared library ../../../../../library_output_directory/libabsl_crc_cpu_detect.so
[ 20%] Building CXX object router/src/connection_pool/src/CMakeFiles/connection_pool.dir/connection_pool.cc.o
[ 20%] Building CXX object router/src/connection_pool/src/CMakeFiles/connection_pool.dir/connection_pool_component.cc.o
[ 20%] Built target kmip_parser_test
[ 20%] Linking CXX shared library ../../../../../library_output_directory/libabsl_city.so
[ 20%] Built target demo_pp_get_name
[ 20%] Built target demo_pp_locate
[ 20%] Linking CXX shared library ../../../../../library_output_directory/libabsl_malloc_internal.so
[ 20%] Built target demo_pp_get
[ 20%] Linking CXX shared library ../../../../../library_output_directory/libabsl_strings_internal.so
[ 20%] Linking CXX executable example_activate
[ 20%] Built target demo_pp_register
[ 20%] Built target demo_pp_create
[ 20%] Built target demo_pp_register_secret
[ 20%] Linking CXX executable example_register_secret
[ 20%] Linking CXX executable example_destroy
[ 20%] Linking CXX executable example_get
[ 20%] Built target demo_pp_all_secrets
[ 20%] Linking CXX executable example_get_name
[ 20%] Linking CXX executable example_get_secret
[ 20%] Linking CXX executable example_get_tls_verify
[ 20%] Built target demo_pp_all
[ 20%] Linking CXX executable example_locate
[ 20%] Linking CXX executable example_get_logger
[ 20%] Linking CXX executable example_locate_by_group
[ 20%] Linking CXX executable example_revoke
[ 20%] Linking CXX executable example_create_aes
[ 20%] Linking CXX executable example_query_server_info
[ 20%] Linking CXX executable example_register_key
[ 20%] Linking CXX executable example_pool
[ 20%] Linking CXX executable example_get_all_ids
[ 20%] Built target demo_pp_destroy
[ 20%] Linking CXX executable example_get_attributes
[ 20%] Linking CXX executable example_supported_versions
[ 20%] Linking CXX shared library ../../../../library_output_directory/libmysqlrouter_connection_pool.so
[ 20%] Built target absl_tracing_internal
[ 20%] Built target absl_string_view
[ 20%] Built target absl_decode_rust_punycode
[ 20%] Built target strings
[ 20%] Built target absl_city
[ 20%] Building CXX object extra/abseil/abseil-cpp-20250814.1/absl/debugging/CMakeFiles/absl_demangle_rust.dir/internal/demangle_rust.cc.o
[ 20%] Building CXX object strings/CMakeFiles/conf_to_src.dir/conf_to_src.cc.o
[ 20%] Linking CXX static library ../archive_output_directory/libmysys.a
[ 20%] Built target absl_crc_cpu_detect
[ 20%] Built target absl_log_internal_conditions
[ 20%] Built target absl_int128
[ 20%] Built target absl_strings_internal
[ 20%] Built target absl_malloc_internal
[ 20%] Built target strings_shared
[ 20%] Linking CXX shared library ../../../../../library_output_directory/libabsl_demangle_rust.so
[ 20%] Linking CXX executable ../runtime_output_directory/conf_to_src
[ 20%] Building CXX object extra/abseil/abseil-cpp-20250814.1/absl/crc/CMakeFiles/absl_crc_internal.dir/internal/crc_x86_arm_combined.cc.o
[ 20%] Building CXX object extra/abseil/abseil-cpp-20250814.1/absl/crc/CMakeFiles/absl_crc_internal.dir/internal/crc.cc.o
[ 20%] Built target opentelemetry_trace
[ 20%] Built target opentelemetry_logs
[ 20%] Building CXX object extra/abseil/abseil-cpp-20250814.1/absl/strings/CMakeFiles/absl_strings.dir/escaping.cc.o
[ 20%] Building CXX object extra/abseil/abseil-cpp-20250814.1/absl/strings/CMakeFiles/absl_strings.dir/ascii.cc.o
[ 20%] Building CXX object extra/abseil/abseil-cpp-20250814.1/absl/strings/CMakeFiles/absl_strings.dir/charconv.cc.o
[ 20%] Building CXX object extra/abseil/abseil-cpp-20250814.1/absl/debugging/CMakeFiles/absl_stacktrace.dir/stacktrace.cc.o
[ 20%] Building CXX object extra/abseil/abseil-cpp-20250814.1/absl/strings/CMakeFiles/absl_strings.dir/internal/stringify_sink.cc.o
[ 20%] Building CXX object extra/abseil/abseil-cpp-20250814.1/absl/synchronization/CMakeFiles/absl_graphcycles_internal.dir/internal/graphcycles.cc.o
[ 20%] Building CXX object extra/abseil/abseil-cpp-20250814.1/absl/strings/CMakeFiles/absl_strings.dir/internal/damerau_levenshtein_distance.cc.o
[ 20%] Building CXX object extra/abseil/abseil-cpp-20250814.1/absl/strings/CMakeFiles/absl_strings.dir/internal/memutil.cc.o
[ 20%] Building CXX object extra/abseil/abseil-cpp-20250814.1/absl/strings/CMakeFiles/absl_strings.dir/internal/charconv_parse.cc.o
[ 20%] Building CXX object extra/abseil/abseil-cpp-20250814.1/absl/base/CMakeFiles/absl_poison.dir/internal/poison.cc.o
[ 20%] Building CXX object extra/abseil/abseil-cpp-20250814.1/absl/strings/CMakeFiles/absl_strings.dir/internal/charconv_bigint.cc.o
[ 20%] Building CXX object extra/abseil/abseil-cpp-20250814.1/absl/strings/CMakeFiles/absl_strings.dir/str_cat.cc.o
[ 20%] Building CXX object extra/abseil/abseil-cpp-20250814.1/absl/strings/CMakeFiles/absl_strings.dir/str_replace.cc.o
[ 20%] Building CXX object extra/abseil/abseil-cpp-20250814.1/absl/strings/CMakeFiles/absl_strings.dir/match.cc.o
[ 20%] Building CXX object extra/abseil/abseil-cpp-20250814.1/absl/strings/CMakeFiles/absl_strings.dir/str_split.cc.o
[ 20%] Building CXX object extra/abseil/abseil-cpp-20250814.1/absl/strings/CMakeFiles/absl_strings.dir/substitute.cc.o
[ 20%] Building CXX object extra/abseil/abseil-cpp-20250814.1/absl/strings/CMakeFiles/absl_strings.dir/numbers.cc.o
[ 20%] Building CXX object extra/opentelemetry-cpp/opentelemetry-cpp-1.23.0/exporters/memory/CMakeFiles/opentelemetry_exporter_in_memory.dir/src/in_memory_span_exporter_factory.cc.o
[ 20%] Building CXX object extra/opentelemetry-cpp/opentelemetry-cpp-1.23.0/exporters/ostream/CMakeFiles/opentelemetry_exporter_ostream_logs.dir/src/log_record_exporter.cc.o
[ 20%] Building CXX object extra/opentelemetry-cpp/opentelemetry-cpp-1.23.0/exporters/ostream/CMakeFiles/opentelemetry_exporter_ostream_logs.dir/src/log_record_exporter_factory.cc.o
[ 20%] Building CXX object extra/opentelemetry-cpp/opentelemetry-cpp-1.23.0/exporters/ostream/CMakeFiles/opentelemetry_exporter_ostream_span.dir/src/span_exporter_factory.cc.o
[ 21%] Linking CXX shared library ../../../../../library_output_directory/libabsl_crc_internal.so
[ 21%] Building CXX object extra/opentelemetry-cpp/opentelemetry-cpp-1.23.0/exporters/ostream/CMakeFiles/opentelemetry_exporter_ostream_span.dir/src/span_exporter.cc.o
[ 21%] Linking CXX shared library ../../../../../library_output_directory/libabsl_poison.so
[ 21%] Linking CXX shared library ../../../../../library_output_directory/libabsl_stacktrace.so
[ 21%] Linking CXX shared library ../../../../../library_output_directory/libabsl_graphcycles_internal.so
[ 21%] Linking CXX shared library ../../../../../library_output_directory/libabsl_strings.so
[ 21%] Built target absl_demangle_rust
[ 21%] Linking CXX static library libopentelemetry_exporter_ostream_logs.a
[ 21%] Linking CXX static library libopentelemetry_exporter_in_memory.a
[ 21%] Linking CXX static library libopentelemetry_exporter_ostream_span.a
[ 21%] Building CXX object extra/abseil/abseil-cpp-20250814.1/absl/debugging/CMakeFiles/absl_demangle_internal.dir/internal/demangle.cc.o
[ 21%] Built target absl_poison
[ 21%] Built target mysys
[ 21%] Linking CXX shared library ../../../../../library_output_directory/libabsl_demangle_internal.so
[ 21%] Built target icuuc
[ 21%] Built target absl_crc_internal
[ 21%] Building CXX object utilities/CMakeFiles/comp_err.dir/comp_err.cc.o
[ 21%] Built target absl_stacktrace
[ 21%] Building CXX object utilities/CMakeFiles/comp_client_err.dir/comp_client_err.cc.o
[ 21%] Building CXX object mysys/CMakeFiles/thr_lock.dir/thr_lock.cc.o
[ 21%] Building CXX object mysys/CMakeFiles/mf_iocache_test.dir/mf_iocache.cc.o
[ 21%] Building CXX object utilities/CMakeFiles/comp_client_err.dir/__/libmysql/errmsg.cc.o
[ 21%] Built target opentelemetry_exporter_ostream_logs
[ 21%] Building CXX object utilities/CMakeFiles/my_print_defaults.dir/my_print_defaults.cc.o
[ 21%] Built target absl_graphcycles_internal
[ 21%] Built target connection_pool
[ 21%] Building CXX object extra/icu/CMakeFiles/icui18n.dir/icu-release-77-1/source/i18n/anytrans.cpp.o
[ 21%] Building CXX object extra/icu/CMakeFiles/icui18n.dir/icu-release-77-1/source/i18n/alphaindex.cpp.o
[ 21%] Built target opentelemetry_exporter_in_memory
[ 21%] Building CXX object extra/icu/CMakeFiles/icui18n.dir/icu-release-77-1/source/i18n/basictz.cpp.o
[ 21%] Building CXX object extra/icu/CMakeFiles/icui18n.dir/icu-release-77-1/source/i18n/astro.cpp.o
[ 21%] Building CXX object extra/icu/CMakeFiles/icui18n.dir/icu-release-77-1/source/i18n/casetrn.cpp.o
[ 21%] Building CXX object extra/icu/CMakeFiles/icui18n.dir/icu-release-77-1/source/i18n/cecal.cpp.o
[ 21%] Building CXX object extra/icu/CMakeFiles/icui18n.dir/icu-release-77-1/source/i18n/calendar.cpp.o
[ 21%] Building CXX object extra/icu/CMakeFiles/icui18n.dir/icu-release-77-1/source/i18n/buddhcal.cpp.o
[ 21%] Building CXX object extra/icu/CMakeFiles/icui18n.dir/icu-release-77-1/source/i18n/brktrans.cpp.o
[ 21%] Building CXX object extra/icu/CMakeFiles/icui18n.dir/icu-release-77-1/source/i18n/bocsu.cpp.o
[ 21%] Building CXX object extra/icu/CMakeFiles/icui18n.dir/icu-release-77-1/source/i18n/collationbuilder.cpp.o
[ 21%] Building CXX object extra/icu/CMakeFiles/icui18n.dir/icu-release-77-1/source/i18n/coleitr.cpp.o
[ 21%] Building CXX object extra/icu/CMakeFiles/icui18n.dir/icu-release-77-1/source/i18n/chnsecal.cpp.o
[ 21%] Building CXX object extra/icu/CMakeFiles/icui18n.dir/icu-release-77-1/source/i18n/collationdatabuilder.cpp.o
[ 21%] Building CXX object extra/icu/CMakeFiles/icui18n.dir/icu-release-77-1/source/i18n/collationfastlatinbuilder.cpp.o
[ 21%] Building CXX object extra/icu/CMakeFiles/icui18n.dir/icu-release-77-1/source/i18n/coll.cpp.o
[ 21%] Building CXX object extra/icu/CMakeFiles/icui18n.dir/icu-release-77-1/source/i18n/choicfmt.cpp.o
[ 21%] Building CXX object extra/icu/CMakeFiles/icui18n.dir/icu-release-77-1/source/i18n/collation.cpp.o
[ 21%] Building CXX object extra/icu/CMakeFiles/icui18n.dir/icu-release-77-1/source/i18n/collationdatareader.cpp.o
[ 21%] Building CXX object extra/icu/CMakeFiles/icui18n.dir/icu-release-77-1/source/i18n/collationdata.cpp.o
[ 21%] Building CXX object extra/icu/CMakeFiles/icui18n.dir/icu-release-77-1/source/i18n/collationcompare.cpp.o
[ 21%] Built target conf_to_src
[ 21%] Building CXX object extra/icu/CMakeFiles/icui18n.dir/icu-release-77-1/source/i18n/collationdatawriter.cpp.o
[ 21%] Building CXX object extra/icu/CMakeFiles/icui18n.dir/icu-release-77-1/source/i18n/collationroot.cpp.o
[ 21%] Building CXX object extra/icu/CMakeFiles/icui18n.dir/icu-release-77-1/source/i18n/collationrootelements.cpp.o
[ 21%] Building CXX object extra/icu/CMakeFiles/icui18n.dir/icu-release-77-1/source/i18n/collationsettings.cpp.o
[ 21%] Building CXX object extra/icu/CMakeFiles/icui18n.dir/icu-release-77-1/source/i18n/collationtailoring.cpp.o
[ 21%] Building CXX object extra/icu/CMakeFiles/icui18n.dir/icu-release-77-1/source/i18n/collationweights.cpp.o
[ 21%] Building CXX object extra/icu/CMakeFiles/icui18n.dir/icu-release-77-1/source/i18n/collationfastlatin.cpp.o
[ 21%] Building CXX object extra/icu/CMakeFiles/icui18n.dir/icu-release-77-1/source/i18n/collationfcd.cpp.o
[ 21%] Building CXX object extra/icu/CMakeFiles/icui18n.dir/icu-release-77-1/source/i18n/cpdtrans.cpp.o
[ 21%] Building CXX object extra/icu/CMakeFiles/icui18n.dir/icu-release-77-1/source/i18n/csr2022.cpp.o
[ 21%] Building CXX object extra/icu/CMakeFiles/icui18n.dir/icu-release-77-1/source/i18n/csdetect.cpp.o
[ 21%] Building CXX object extra/icu/CMakeFiles/icui18n.dir/icu-release-77-1/source/i18n/collationruleparser.cpp.o
[ 21%] Building CXX object extra/icu/CMakeFiles/icui18n.dir/icu-release-77-1/source/i18n/collationiterator.cpp.o
[ 21%] Building CXX object extra/icu/CMakeFiles/icui18n.dir/icu-release-77-1/source/i18n/compactdecimalformat.cpp.o
[ 21%] Building CXX object extra/icu/CMakeFiles/icui18n.dir/icu-release-77-1/source/i18n/collationkeys.cpp.o
[ 21%] Building CXX object extra/icu/CMakeFiles/icui18n.dir/icu-release-77-1/source/i18n/csrecog.cpp.o
[ 21%] Building CXX object extra/icu/CMakeFiles/icui18n.dir/icu-release-77-1/source/i18n/collationsets.cpp.o
[ 21%] Building CXX object extra/icu/CMakeFiles/icui18n.dir/icu-release-77-1/source/i18n/csrmbcs.cpp.o
[ 21%] Building CXX object extra/icu/CMakeFiles/icui18n.dir/icu-release-77-1/source/i18n/csrucode.cpp.o
[ 21%] Building CXX object extra/icu/CMakeFiles/icui18n.dir/icu-release-77-1/source/i18n/csrsbcs.cpp.o
[ 21%] Building CXX object extra/icu/CMakeFiles/icui18n.dir/icu-release-77-1/source/i18n/csrutf8.cpp.o
[ 21%] Building CXX object extra/icu/CMakeFiles/icui18n.dir/icu-release-77-1/source/i18n/coptccal.cpp.o
[ 21%] Building CXX object extra/icu/CMakeFiles/icui18n.dir/icu-release-77-1/source/i18n/csmatch.cpp.o
[ 21%] Building CXX object extra/icu/CMakeFiles/icui18n.dir/icu-release-77-1/source/i18n/curramt.cpp.o
[ 22%] Building CXX object extra/icu/CMakeFiles/icui18n.dir/icu-release-77-1/source/i18n/currpinf.cpp.o
[ 22%] Linking CXX executable ../runtime_output_directory/thr_lock
[ 22%] Linking CXX executable ../runtime_output_directory/comp_err
[ 22%] Building CXX object extra/icu/CMakeFiles/icui18n.dir/icu-release-77-1/source/i18n/currfmt.cpp.o
[ 22%] Linking CXX executable ../runtime_output_directory/comp_client_err
[ 22%] Built target opentelemetry_exporter_ostream_span
[ 22%] Linking CXX executable ../runtime_output_directory/mf_iocache_test
[ 22%] Linking CXX executable ../runtime_output_directory/my_print_defaults
[ 22%] Building CXX object extra/icu/CMakeFiles/icui18n.dir/icu-release-77-1/source/i18n/dangical.cpp.o
[ 22%] Building CXX object extra/icu/CMakeFiles/icui18n.dir/icu-release-77-1/source/i18n/currunit.cpp.o
[ 22%] Building CXX object extra/icu/CMakeFiles/icui18n.dir/icu-release-77-1/source/i18n/datefmt.cpp.o
[ 22%] Building CXX object extra/icu/CMakeFiles/icui18n.dir/icu-release-77-1/source/i18n/decimfmt.cpp.o
[ 22%] Building CXX object extra/icu/CMakeFiles/icui18n.dir/icu-release-77-1/source/i18n/dayperiodrules.cpp.o
[ 22%] Building CXX object extra/icu/CMakeFiles/icui18n.dir/icu-release-77-1/source/i18n/dcfmtsym.cpp.o
[ 22%] Building CXX object extra/icu/CMakeFiles/icui18n.dir/icu-release-77-1/source/i18n/decNumber.cpp.o
[ 22%] Building CXX object extra/icu/CMakeFiles/icui18n.dir/icu-release-77-1/source/i18n/double-conversion-fast-dtoa.cpp.o
[ 22%] Building CXX object extra/icu/CMakeFiles/icui18n.dir/icu-release-77-1/source/i18n/double-conversion-string-to-double.cpp.o
[ 22%] Building CXX object extra/icu/CMakeFiles/icui18n.dir/icu-release-77-1/source/i18n/decContext.cpp.o
[ 22%] Building CXX object extra/icu/CMakeFiles/icui18n.dir/icu-release-77-1/source/i18n/double-conversion-bignum-dtoa.cpp.o
[ 22%] Building CXX object extra/icu/CMakeFiles/icui18n.dir/icu-release-77-1/source/i18n/double-conversion-cached-powers.cpp.o
[ 22%] Built target absl_strings
[ 22%] Building CXX object extra/icu/CMakeFiles/icui18n.dir/icu-release-77-1/source/i18n/displayoptions.cpp.o
[ 22%] Building CXX object extra/icu/CMakeFiles/icui18n.dir/icu-release-77-1/source/i18n/dtfmtsym.cpp.o
[ 22%] Building CXX object extra/icu/CMakeFiles/icui18n.dir/icu-release-77-1/source/i18n/double-conversion-strtod.cpp.o
[ 22%] Building CXX object extra/icu/CMakeFiles/icui18n.dir/icu-release-77-1/source/i18n/double-conversion-bignum.cpp.o
[ 22%] Building CXX object extra/icu/CMakeFiles/icui18n.dir/icu-release-77-1/source/i18n/double-conversion-double-to-string.cpp.o
[ 22%] Building CXX object extra/icu/CMakeFiles/icui18n.dir/icu-release-77-1/source/i18n/dtitvfmt.cpp.o
[ 22%] Building CXX object extra/icu/CMakeFiles/icui18n.dir/icu-release-77-1/source/i18n/dtitvinf.cpp.o
[ 22%] Building CXX object extra/icu/CMakeFiles/icui18n.dir/icu-release-77-1/source/i18n/dtptngen.cpp.o
[ 22%] Building CXX object extra/icu/CMakeFiles/icui18n.dir/icu-release-77-1/source/i18n/erarules.cpp.o
[ 22%] Building CXX object extra/icu/CMakeFiles/icui18n.dir/icu-release-77-1/source/i18n/dtrule.cpp.o
[ 22%] Building CXX object extra/icu/CMakeFiles/icui18n.dir/icu-release-77-1/source/i18n/ethpccal.cpp.o
[ 22%] Building CXX object extra/icu/CMakeFiles/icui18n.dir/icu-release-77-1/source/i18n/fmtable.cpp.o
[ 22%] Building CXX object extra/icu/CMakeFiles/icui18n.dir/icu-release-77-1/source/i18n/esctrn.cpp.o
[ 22%] Building CXX object extra/icu/CMakeFiles/icui18n.dir/icu-release-77-1/source/i18n/format.cpp.o
[ 22%] Built target example_get
[ 22%] Building CXX object extra/icu/CMakeFiles/icui18n.dir/icu-release-77-1/source/i18n/fmtable_cnv.cpp.o
[ 22%] Building CXX object extra/icu/CMakeFiles/icui18n.dir/icu-release-77-1/source/i18n/formattedval_iterimpl.cpp.o
[ 22%] Building CXX object extra/icu/CMakeFiles/icui18n.dir/icu-release-77-1/source/i18n/formattedval_sbimpl.cpp.o
[ 22%] Building CXX object extra/icu/CMakeFiles/icui18n.dir/icu-release-77-1/source/i18n/formatted_string_builder.cpp.o
[ 22%] Building CXX object extra/icu/CMakeFiles/icui18n.dir/icu-release-77-1/source/i18n/fphdlimp.cpp.o
[ 22%] Building CXX object extra/icu/CMakeFiles/icui18n.dir/icu-release-77-1/source/i18n/fpositer.cpp.o
[ 22%] Building CXX object extra/icu/CMakeFiles/icui18n.dir/icu-release-77-1/source/i18n/funcrepl.cpp.o
[ 22%] Building CXX object extra/icu/CMakeFiles/icui18n.dir/icu-release-77-1/source/i18n/gregocal.cpp.o
[ 22%] Building CXX object extra/icu/CMakeFiles/icui18n.dir/icu-release-77-1/source/i18n/formattedvalue.cpp.o
[ 22%] Building CXX object extra/icu/CMakeFiles/icui18n.dir/icu-release-77-1/source/i18n/indiancal.cpp.o
[ 22%] Building CXX object extra/icu/CMakeFiles/icui18n.dir/icu-release-77-1/source/i18n/inputext.cpp.o
[ 22%] Building CXX object extra/icu/CMakeFiles/icui18n.dir/icu-release-77-1/source/i18n/gender.cpp.o
[ 22%] Building CXX object extra/icu/CMakeFiles/icui18n.dir/icu-release-77-1/source/i18n/iso8601cal.cpp.o
[ 22%] Building CXX object extra/icu/CMakeFiles/icui18n.dir/icu-release-77-1/source/i18n/listformatter.cpp.o
[ 22%] Building CXX object extra/icu/CMakeFiles/icui18n.dir/icu-release-77-1/source/i18n/hebrwcal.cpp.o
[ 22%] Building CXX object extra/icu/CMakeFiles/icui18n.dir/icu-release-77-1/source/i18n/gregoimp.cpp.o
[ 22%] Building CXX object extra/icu/CMakeFiles/icui18n.dir/icu-release-77-1/source/i18n/measure.cpp.o
[ 22%] Building CXX object extra/icu/CMakeFiles/icui18n.dir/icu-release-77-1/source/i18n/measunit.cpp.o
[ 23%] Building CXX object extra/icu/CMakeFiles/icui18n.dir/icu-release-77-1/source/i18n/measunit_extra.cpp.o
[ 23%] Building CXX object extra/icu/CMakeFiles/icui18n.dir/icu-release-77-1/source/i18n/islamcal.cpp.o
[ 23%] Building CXX object extra/icu/CMakeFiles/icui18n.dir/icu-release-77-1/source/i18n/messageformat2.cpp.o
[ 23%] Building CXX object extra/icu/CMakeFiles/icui18n.dir/icu-release-77-1/source/i18n/messageformat2_checker.cpp.o
[ 23%] Building CXX object extra/icu/CMakeFiles/icui18n.dir/icu-release-77-1/source/i18n/japancal.cpp.o
[ 23%] Building CXX object extra/icu/CMakeFiles/icui18n.dir/icu-release-77-1/source/i18n/messageformat2_evaluation.cpp.o
[ 23%] Building CXX object extra/icu/CMakeFiles/icui18n.dir/icu-release-77-1/source/i18n/measfmt.cpp.o
[ 23%] Building CXX object extra/icu/CMakeFiles/icui18n.dir/icu-release-77-1/source/i18n/messageformat2_formatter.cpp.o
[ 23%] Building CXX object extra/icu/CMakeFiles/icui18n.dir/icu-release-77-1/source/i18n/messageformat2_arguments.cpp.o
[ 23%] Building CXX object extra/icu/CMakeFiles/icui18n.dir/icu-release-77-1/source/i18n/messageformat2_data_model.cpp.o
[ 23%] Building CXX object extra/icu/CMakeFiles/icui18n.dir/icu-release-77-1/source/i18n/messageformat2_function_registry.cpp.o
[ 23%] Building CXX object extra/icu/CMakeFiles/icui18n.dir/icu-release-77-1/source/i18n/messageformat2_parser.cpp.o
[ 23%] Building CXX object extra/icu/CMakeFiles/icui18n.dir/icu-release-77-1/source/i18n/messageformat2_errors.cpp.o
[ 23%] Building CXX object extra/icu/CMakeFiles/icui18n.dir/icu-release-77-1/source/i18n/messageformat2_formattable.cpp.o
[ 23%] Built target example_create_aes
[ 23%] Building CXX object extra/protobuf/protobuf-24.4/third_party/utf8_range/CMakeFiles/utf8_validity.dir/utf8_validity.cc.o
[ 23%] Building CXX object extra/abseil/abseil-cpp-20250814.1/absl/hash/CMakeFiles/absl_hash.dir/internal/hash.cc.o
[ 23%] Building CXX object extra/icu/CMakeFiles/icui18n.dir/icu-release-77-1/source/i18n/msgfmt.cpp.o
[ 23%] Building CXX object extra/icu/CMakeFiles/icui18n.dir/icu-release-77-1/source/i18n/name2uni.cpp.o
[ 23%] Building CXX object extra/icu/CMakeFiles/icui18n.dir/icu-release-77-1/source/i18n/messageformat2_serializer.cpp.o
[ 23%] Building CXX object extra/abseil/abseil-cpp-20250814.1/absl/strings/CMakeFiles/absl_str_format_internal.dir/internal/str_format/bind.cc.o
[ 23%] Building CXX object extra/icu/CMakeFiles/icui18n.dir/icu-release-77-1/source/i18n/nfrs.cpp.o
[ 23%] Building CXX object extra/icu/CMakeFiles/icui18n.dir/icu-release-77-1/source/i18n/nfrule.cpp.o
[ 23%] Building CXX object extra/abseil/abseil-cpp-20250814.1/absl/strings/CMakeFiles/absl_str_format_internal.dir/internal/str_format/arg.cc.o
[ 23%] Building CXX object extra/abseil/abseil-cpp-20250814.1/absl/log/CMakeFiles/absl_log_internal_fnmatch.dir/internal/fnmatch.cc.o
[ 23%] Building CXX object extra/abseil/abseil-cpp-20250814.1/absl/time/CMakeFiles/absl_time.dir/clock.cc.o
[ 23%] Building CXX object extra/abseil/abseil-cpp-20250814.1/absl/random/CMakeFiles/absl_random_distributions.dir/discrete_distribution.cc.o
[ 24%] Building CXX object extra/abseil/abseil-cpp-20250814.1/absl/strings/CMakeFiles/absl_str_format_internal.dir/internal/str_format/extension.cc.o
[ 23%] Building CXX object extra/abseil/abseil-cpp-20250814.1/absl/time/CMakeFiles/absl_time.dir/civil_time.cc.o
[ 24%] Building CXX object extra/abseil/abseil-cpp-20250814.1/absl/random/CMakeFiles/absl_random_distributions.dir/gaussian_distribution.cc.o
[ 24%] Building CXX object extra/abseil/abseil-cpp-20250814.1/absl/strings/CMakeFiles/absl_str_format_internal.dir/internal/str_format/parser.cc.o
[ 24%] Building CXX object extra/abseil/abseil-cpp-20250814.1/absl/random/CMakeFiles/absl_random_internal_seed_material.dir/internal/seed_material.cc.o
[ 24%] Building CXX object extra/abseil/abseil-cpp-20250814.1/absl/time/CMakeFiles/absl_time.dir/format.cc.o
[ 24%] Building CXX object extra/abseil/abseil-cpp-20250814.1/absl/log/CMakeFiles/absl_log_internal_proto.dir/internal/proto.cc.o
[ 24%] Building CXX object extra/abseil/abseil-cpp-20250814.1/absl/strings/CMakeFiles/absl_str_format_internal.dir/internal/str_format/float_conversion.cc.o
[ 24%] Building CXX object extra/icu/CMakeFiles/icui18n.dir/icu-release-77-1/source/i18n/nfsubs.cpp.o
[ 24%] Building CXX object extra/abseil/abseil-cpp-20250814.1/absl/strings/CMakeFiles/absl_str_format_internal.dir/internal/str_format/output.cc.o
[ 24%] Building CXX object extra/abseil/abseil-cpp-20250814.1/absl/flags/CMakeFiles/absl_flags_commandlineflag.dir/commandlineflag.cc.o
[ 24%] Building CXX object extra/abseil/abseil-cpp-20250814.1/absl/time/CMakeFiles/absl_time.dir/duration.cc.o
[ 24%] Building CXX object extra/abseil/abseil-cpp-20250814.1/absl/time/CMakeFiles/absl_time.dir/time.cc.o
[ 24%] Built target absl_demangle_internal
[ 24%] Building CXX object extra/icu/CMakeFiles/icui18n.dir/icu-release-77-1/source/i18n/nortrans.cpp.o
[ 24%] Building CXX object extra/icu/CMakeFiles/icui18n.dir/icu-release-77-1/source/i18n/number_affixutils.cpp.o
[ 24%] Building CXX object extra/icu/CMakeFiles/icui18n.dir/icu-release-77-1/source/i18n/number_currencysymbols.cpp.o
[ 24%] Building CXX object extra/icu/CMakeFiles/icui18n.dir/icu-release-77-1/source/i18n/number_compact.cpp.o
[ 24%] Building CXX object extra/icu/CMakeFiles/icui18n.dir/icu-release-77-1/source/i18n/nultrans.cpp.o
[ 24%] Building CXX object extra/icu/CMakeFiles/icui18n.dir/icu-release-77-1/source/i18n/number_capi.cpp.o
[ 24%] Building CXX object extra/icu/CMakeFiles/icui18n.dir/icu-release-77-1/source/i18n/number_asformat.cpp.o
[ 24%] Building CXX object extra/icu/CMakeFiles/icui18n.dir/icu-release-77-1/source/i18n/number_decimalquantity.cpp.o
[ 24%] Building CXX object extra/icu/CMakeFiles/icui18n.dir/icu-release-77-1/source/i18n/number_formatimpl.cpp.o
[ 24%] Building CXX object extra/icu/CMakeFiles/icui18n.dir/icu-release-77-1/source/i18n/number_grouping.cpp.o
[ 24%] Building CXX object extra/icu/CMakeFiles/icui18n.dir/icu-release-77-1/source/i18n/number_decimfmtprops.cpp.o
[ 24%] Building CXX object extra/icu/CMakeFiles/icui18n.dir/icu-release-77-1/source/i18n/number_fluent.cpp.o
[ 24%] Building CXX object extra/icu/CMakeFiles/icui18n.dir/icu-release-77-1/source/i18n/number_multiplier.cpp.o
[ 24%] Building CXX object extra/icu/CMakeFiles/icui18n.dir/icu-release-77-1/source/i18n/number_integerwidth.cpp.o
[ 24%] Building CXX object extra/icu/CMakeFiles/icui18n.dir/icu-release-77-1/source/i18n/number_output.cpp.o
[ 24%] Building CXX object extra/icu/CMakeFiles/icui18n.dir/icu-release-77-1/source/i18n/number_scientific.cpp.o
[ 24%] Building CXX object extra/icu/CMakeFiles/icui18n.dir/icu-release-77-1/source/i18n/number_rounding.cpp.o
[ 24%] Building CXX object extra/icu/CMakeFiles/icui18n.dir/icu-release-77-1/source/i18n/number_patternstring.cpp.o
[ 24%] Building CXX object extra/icu/CMakeFiles/icui18n.dir/icu-release-77-1/source/i18n/number_simple.cpp.o
[ 24%] Building CXX object extra/icu/CMakeFiles/icui18n.dir/icu-release-77-1/source/i18n/number_modifiers.cpp.o
[ 24%] Building CXX object extra/icu/CMakeFiles/icui18n.dir/icu-release-77-1/source/i18n/number_longnames.cpp.o
[ 24%] Building CXX object extra/icu/CMakeFiles/icui18n.dir/icu-release-77-1/source/i18n/number_mapper.cpp.o
[ 24%] Building CXX object extra/icu/CMakeFiles/icui18n.dir/icu-release-77-1/source/i18n/number_utils.cpp.o
[ 24%] Building CXX object extra/icu/CMakeFiles/icui18n.dir/icu-release-77-1/source/i18n/number_notation.cpp.o
[ 24%] Building CXX object extra/icu/CMakeFiles/icui18n.dir/icu-release-77-1/source/i18n/number_padding.cpp.o
[ 24%] Building CXX object extra/icu/CMakeFiles/icui18n.dir/icu-release-77-1/source/i18n/number_skeletons.cpp.o
[ 24%] Building CXX object extra/icu/CMakeFiles/icui18n.dir/icu-release-77-1/source/i18n/number_usageprefs.cpp.o
[ 24%] Building CXX object extra/icu/CMakeFiles/icui18n.dir/icu-release-77-1/source/i18n/numparse_impl.cpp.o
[ 24%] Building CXX object extra/icu/CMakeFiles/icui18n.dir/icu-release-77-1/source/i18n/number_symbolswrapper.cpp.o
[ 24%] Building CXX object extra/icu/CMakeFiles/icui18n.dir/icu-release-77-1/source/i18n/number_patternmodifier.cpp.o
[ 25%] Building CXX object extra/icu/CMakeFiles/icui18n.dir/icu-release-77-1/source/i18n/numfmt.cpp.o
[ 25%] Building CXX object extra/icu/CMakeFiles/icui18n.dir/icu-release-77-1/source/i18n/numparse_affixes.cpp.o
[ 25%] Building CXX object extra/icu/CMakeFiles/icui18n.dir/icu-release-77-1/source/i18n/numparse_currency.cpp.o
[ 25%] Building CXX object extra/icu/CMakeFiles/icui18n.dir/icu-release-77-1/source/i18n/numparse_scientific.cpp.o
[ 25%] Linking CXX static library libutf8_validity.a
[ 25%] Building CXX object extra/icu/CMakeFiles/icui18n.dir/icu-release-77-1/source/i18n/numparse_parsednumber.cpp.o
[ 25%] Building CXX object extra/icu/CMakeFiles/icui18n.dir/icu-release-77-1/source/i18n/numparse_symbols.cpp.o
[ 25%] Building CXX object extra/icu/CMakeFiles/icui18n.dir/icu-release-77-1/source/i18n/numparse_decimal.cpp.o
[ 25%] Building CXX object extra/icu/CMakeFiles/icui18n.dir/icu-release-77-1/source/i18n/numparse_compositions.cpp.o
[ 25%] Building CXX object extra/icu/CMakeFiles/icui18n.dir/icu-release-77-1/source/i18n/numparse_validators.cpp.o
[ 25%] Building CXX object extra/icu/CMakeFiles/icui18n.dir/icu-release-77-1/source/i18n/numrange_fluent.cpp.o
[ 25%] Building CXX object extra/icu/CMakeFiles/icui18n.dir/icu-release-77-1/source/i18n/numrange_impl.cpp.o
[ 25%] Linking CXX shared library ../../../../../library_output_directory/libabsl_random_distributions.so
[ 25%] Building CXX object extra/icu/CMakeFiles/icui18n.dir/icu-release-77-1/source/i18n/numsys.cpp.o
[ 25%] Linking CXX shared library ../../../../../library_output_directory/libabsl_log_internal_fnmatch.so
[ 25%] Building CXX object extra/icu/CMakeFiles/icui18n.dir/icu-release-77-1/source/i18n/numrange_capi.cpp.o
[ 25%] Linking CXX shared library ../../../../../library_output_directory/libabsl_hash.so
[ 25%] Building CXX object extra/icu/CMakeFiles/icui18n.dir/icu-release-77-1/source/i18n/pluralranges.cpp.o
[ 25%] Building CXX object extra/icu/CMakeFiles/icui18n.dir/icu-release-77-1/source/i18n/olsontz.cpp.o
[ 25%] Building CXX object extra/icu/CMakeFiles/icui18n.dir/icu-release-77-1/source/i18n/plurfmt.cpp.o
[ 25%] Building CXX object extra/abseil/abseil-cpp-20250814.1/absl/debugging/CMakeFiles/absl_symbolize.dir/symbolize.cc.o
[ 25%] Linking CXX shared library ../../../../../library_output_directory/libabsl_flags_commandlineflag.so
[ 25%] Building CXX object extra/icu/CMakeFiles/icui18n.dir/icu-release-77-1/source/i18n/persncal.cpp.o
[ 25%] Linking CXX shared library ../../../../../library_output_directory/libabsl_log_internal_proto.so
[ 25%] Linking CXX shared library ../../../../../library_output_directory/libabsl_random_internal_seed_material.so
[ 25%] Linking CXX shared library ../../../../../library_output_directory/libabsl_str_format_internal.so
[ 25%] Building CXX object extra/icu/CMakeFiles/icui18n.dir/icu-release-77-1/source/i18n/quant.cpp.o
[ 26%] Linking CXX shared library ../../../../../library_output_directory/libabsl_time.so
[ 26%] Building CXX object extra/icu/CMakeFiles/icui18n.dir/icu-release-77-1/source/i18n/quantityformatter.cpp.o
[ 26%] Building CXX object extra/icu/CMakeFiles/icui18n.dir/icu-release-77-1/source/i18n/plurrule.cpp.o
[ 26%] Building CXX object extra/icu/CMakeFiles/icui18n.dir/icu-release-77-1/source/i18n/rbt_pars.cpp.o
[ 26%] Building CXX object extra/icu/CMakeFiles/icui18n.dir/icu-release-77-1/source/i18n/rbt_set.cpp.o
[ 26%] Building CXX object extra/icu/CMakeFiles/icui18n.dir/icu-release-77-1/source/i18n/rbnf.cpp.o
[ 26%] Building CXX object extra/icu/CMakeFiles/icui18n.dir/icu-release-77-1/source/i18n/regeximp.cpp.o
[ 26%] Building CXX object extra/icu/CMakeFiles/icui18n.dir/icu-release-77-1/source/i18n/rbt.cpp.o
[ 26%] Building CXX object extra/icu/CMakeFiles/icui18n.dir/icu-release-77-1/source/i18n/rbt_data.cpp.o
[ 26%] Building CXX object extra/icu/CMakeFiles/icui18n.dir/icu-release-77-1/source/i18n/rbtz.cpp.o
[ 26%] Building CXX object extra/icu/CMakeFiles/icui18n.dir/icu-release-77-1/source/i18n/rbt_rule.cpp.o
[ 26%] Building CXX object extra/icu/CMakeFiles/icui18n.dir/icu-release-77-1/source/i18n/regexst.cpp.o
[ 26%] Building CXX object extra/icu/CMakeFiles/icui18n.dir/icu-release-77-1/source/i18n/regexcmp.cpp.o
[ 26%] Building CXX object extra/icu/CMakeFiles/icui18n.dir/icu-release-77-1/source/i18n/regextxt.cpp.o
[ 26%] Building CXX object extra/icu/CMakeFiles/icui18n.dir/icu-release-77-1/source/i18n/reldtfmt.cpp.o
[ 26%] Building CXX object extra/icu/CMakeFiles/icui18n.dir/icu-release-77-1/source/i18n/region.cpp.o
[ 26%] Building CXX object extra/icu/CMakeFiles/icui18n.dir/icu-release-77-1/source/i18n/repattrn.cpp.o
[ 26%] Building CXX object extra/icu/CMakeFiles/icui18n.dir/icu-release-77-1/source/i18n/remtrans.cpp.o
[ 26%] Building CXX object extra/icu/CMakeFiles/icui18n.dir/icu-release-77-1/source/i18n/scientificnumberformatter.cpp.o
[ 26%] Building CXX object extra/icu/CMakeFiles/icui18n.dir/icu-release-77-1/source/i18n/rematch.cpp.o
[ 26%] Building CXX object extra/icu/CMakeFiles/icui18n.dir/icu-release-77-1/source/i18n/reldatefmt.cpp.o
[ 26%] Building CXX object extra/icu/CMakeFiles/icui18n.dir/icu-release-77-1/source/i18n/rulebasedcollator.cpp.o
[ 26%] Built target example_destroy
[ 26%] Building CXX object extra/icu/CMakeFiles/icui18n.dir/icu-release-77-1/source/i18n/search.cpp.o
[ 26%] Building CXX object extra/icu/CMakeFiles/icui18n.dir/icu-release-77-1/source/i18n/selfmt.cpp.o
[ 26%] Building CXX object extra/icu/CMakeFiles/icui18n.dir/icu-release-77-1/source/i18n/scriptset.cpp.o
[ 26%] Building CXX object extra/icu/CMakeFiles/icui18n.dir/icu-release-77-1/source/i18n/sharedbreakiterator.cpp.o
[ 26%] Building CXX object extra/icu/CMakeFiles/icui18n.dir/icu-release-77-1/source/i18n/simpletz.cpp.o
[ 26%] Building CXX object extra/icu/CMakeFiles/icui18n.dir/icu-release-77-1/source/i18n/smpdtfmt.cpp.o
[ 27%] Building CXX object extra/icu/CMakeFiles/icui18n.dir/icu-release-77-1/source/i18n/sortkey.cpp.o
[ 27%] Building CXX object extra/icu/CMakeFiles/icui18n.dir/icu-release-77-1/source/i18n/smpdtfst.cpp.o
[ 27%] Building CXX object extra/icu/CMakeFiles/icui18n.dir/icu-release-77-1/source/i18n/standardplural.cpp.o
[ 27%] Building CXX object extra/icu/CMakeFiles/icui18n.dir/icu-release-77-1/source/i18n/string_segment.cpp.o
[ 27%] Building CXX object extra/icu/CMakeFiles/icui18n.dir/icu-release-77-1/source/i18n/strmatch.cpp.o
[ 27%] Built target example_get_secret
[ 27%] Built target example_supported_versions
[ 27%] Building CXX object extra/icu/CMakeFiles/icui18n.dir/icu-release-77-1/source/i18n/stsearch.cpp.o
[ 27%] Building CXX object extra/icu/CMakeFiles/icui18n.dir/icu-release-77-1/source/i18n/strrepl.cpp.o
[ 27%] Building CXX object extra/icu/CMakeFiles/icui18n.dir/icu-release-77-1/source/i18n/timezone.cpp.o
[ 27%] Building CXX object extra/icu/CMakeFiles/icui18n.dir/icu-release-77-1/source/i18n/titletrn.cpp.o
[ 27%] Building CXX object extra/icu/CMakeFiles/icui18n.dir/icu-release-77-1/source/i18n/tmutfmt.cpp.o
[ 27%] Building CXX object extra/icu/CMakeFiles/icui18n.dir/icu-release-77-1/source/i18n/tolowtrn.cpp.o
[ 27%] Building CXX object extra/icu/CMakeFiles/icui18n.dir/icu-release-77-1/source/i18n/taiwncal.cpp.o
[ 27%] Building CXX object extra/icu/CMakeFiles/icui18n.dir/icu-release-77-1/source/i18n/tmutamt.cpp.o
[ 27%] Building CXX object extra/icu/CMakeFiles/icui18n.dir/icu-release-77-1/source/i18n/tmunit.cpp.o
[ 27%] Linking CXX shared library ../../../../../library_output_directory/libabsl_symbolize.so
[ 27%] Building CXX object extra/icu/CMakeFiles/icui18n.dir/icu-release-77-1/source/i18n/tzfmt.cpp.o
[ 27%] Building CXX object extra/icu/CMakeFiles/icui18n.dir/icu-release-77-1/source/i18n/toupptrn.cpp.o
[ 27%] Building CXX object extra/icu/CMakeFiles/icui18n.dir/icu-release-77-1/source/i18n/tznames.cpp.o
[ 27%] Built target example_register_secret
[ 27%] Building CXX object extra/icu/CMakeFiles/icui18n.dir/icu-release-77-1/source/i18n/tznames_impl.cpp.o
[ 27%] Building CXX object extra/icu/CMakeFiles/icui18n.dir/icu-release-77-1/source/i18n/tridpars.cpp.o
[ 27%] Building CXX object extra/icu/CMakeFiles/icui18n.dir/icu-release-77-1/source/i18n/transreg.cpp.o
[ 27%] Building CXX object extra/icu/CMakeFiles/icui18n.dir/icu-release-77-1/source/i18n/tztrans.cpp.o
[ 27%] Building CXX object extra/icu/CMakeFiles/icui18n.dir/icu-release-77-1/source/i18n/translit.cpp.o
[ 27%] Building CXX object extra/icu/CMakeFiles/icui18n.dir/icu-release-77-1/source/i18n/tzgnames.cpp.o
[ 27%] Building CXX object extra/icu/CMakeFiles/icui18n.dir/icu-release-77-1/source/i18n/tzrule.cpp.o
[ 27%] Building CXX object extra/icu/CMakeFiles/icui18n.dir/icu-release-77-1/source/i18n/ucal.cpp.o
[ 27%] Building CXX object extra/icu/CMakeFiles/icui18n.dir/icu-release-77-1/source/i18n/ucln_in.cpp.o
[ 27%] Built target utf8_validity
[ 27%] Building CXX object extra/icu/CMakeFiles/icui18n.dir/icu-release-77-1/source/i18n/ucol_res.cpp.o
[ 27%] Building CXX object extra/icu/CMakeFiles/icui18n.dir/icu-release-77-1/source/i18n/ucol.cpp.o
[ 27%] Building CXX object extra/icu/CMakeFiles/icui18n.dir/icu-release-77-1/source/i18n/udatpg.cpp.o
[ 27%] Building CXX object extra/icu/CMakeFiles/icui18n.dir/icu-release-77-1/source/i18n/udat.cpp.o
[ 27%] Building CXX object extra/icu/CMakeFiles/icui18n.dir/icu-release-77-1/source/i18n/ucol_sit.cpp.o
[ 27%] Building CXX object extra/icu/CMakeFiles/icui18n.dir/icu-release-77-1/source/i18n/ucsdet.cpp.o
[ 27%] Building CXX object extra/icu/CMakeFiles/icui18n.dir/icu-release-77-1/source/i18n/ucoleitr.cpp.o
[ 27%] Building CXX object extra/icu/CMakeFiles/icui18n.dir/icu-release-77-1/source/i18n/ufieldpositer.cpp.o
[ 27%] Building CXX object extra/icu/CMakeFiles/icui18n.dir/icu-release-77-1/source/i18n/udateintervalformat.cpp.o
[ 27%] Building CXX object extra/icu/CMakeFiles/icui18n.dir/icu-release-77-1/source/i18n/uitercollationiterator.cpp.o
[ 27%] Building CXX object extra/icu/CMakeFiles/icui18n.dir/icu-release-77-1/source/i18n/ulistformatter.cpp.o
[ 27%] Building CXX object extra/icu/CMakeFiles/icui18n.dir/icu-release-77-1/source/i18n/ulocdata.cpp.o
[ 27%] Built target example_get_tls_verify
[ 27%] Building CXX object extra/icu/CMakeFiles/icui18n.dir/icu-release-77-1/source/i18n/unesctrn.cpp.o
[ 27%] Building CXX object extra/icu/CMakeFiles/icui18n.dir/icu-release-77-1/source/i18n/uni2name.cpp.o
[ 27%] Building CXX object extra/icu/CMakeFiles/icui18n.dir/icu-release-77-1/source/i18n/units_converter.cpp.o
[ 27%] Building CXX object extra/icu/CMakeFiles/icui18n.dir/icu-release-77-1/source/i18n/unumsys.cpp.o
[ 27%] Building CXX object extra/icu/CMakeFiles/icui18n.dir/icu-release-77-1/source/i18n/umsg.cpp.o
[ 27%] Building CXX object extra/icu/CMakeFiles/icui18n.dir/icu-release-77-1/source/i18n/upluralrules.cpp.o
[ 27%] Building CXX object extra/icu/CMakeFiles/icui18n.dir/icu-release-77-1/source/i18n/units_router.cpp.o
[ 27%] Building CXX object extra/icu/CMakeFiles/icui18n.dir/icu-release-77-1/source/i18n/units_data.cpp.o
[ 27%] Building CXX object extra/icu/CMakeFiles/icui18n.dir/icu-release-77-1/source/i18n/unum.cpp.o
[ 28%] Built target example_locate
[ 28%] Building CXX object extra/icu/CMakeFiles/icui18n.dir/icu-release-77-1/source/i18n/uregex.cpp.o
[ 28%] Building CXX object extra/icu/CMakeFiles/icui18n.dir/icu-release-77-1/source/i18n/units_complexconverter.cpp.o
[ 28%] Built target example_register_key
[ 28%] Built target example_revoke
[ 28%] Building CXX object extra/icu/CMakeFiles/icui18n.dir/icu-release-77-1/source/i18n/uregion.cpp.o
[ 28%] Building CXX object extra/icu/CMakeFiles/icui18n.dir/icu-release-77-1/source/i18n/uspoof.cpp.o
[ 28%] Building CXX object extra/icu/CMakeFiles/icui18n.dir/icu-release-77-1/source/i18n/usearch.cpp.o
[ 28%] Building CXX object extra/icu/CMakeFiles/icui18n.dir/icu-release-77-1/source/i18n/uspoof_build.cpp.o
[ 28%] Building CXX object extra/icu/CMakeFiles/icui18n.dir/icu-release-77-1/source/i18n/uregexc.cpp.o
[ 28%] Building CXX object extra/icu/CMakeFiles/icui18n.dir/icu-release-77-1/source/i18n/uspoof_conf.cpp.o
[ 28%] Built target example_get_all_ids
[ 28%] Building CXX object extra/icu/CMakeFiles/icui18n.dir/icu-release-77-1/source/i18n/utrans.cpp.o
[ 28%] Building CXX object extra/icu/CMakeFiles/icui18n.dir/icu-release-77-1/source/i18n/utf16collationiterator.cpp.o
[ 28%] Building CXX object extra/icu/CMakeFiles/icui18n.dir/icu-release-77-1/source/i18n/uspoof_impl.cpp.o
[ 28%] Building CXX object extra/icu/CMakeFiles/icui18n.dir/icu-release-77-1/source/i18n/utf8collationiterator.cpp.o
[ 28%] Building CXX object extra/icu/CMakeFiles/icui18n.dir/icu-release-77-1/source/i18n/vtzone.cpp.o
[ 28%] Building CXX object extra/icu/CMakeFiles/icui18n.dir/icu-release-77-1/source/i18n/zonemeta.cpp.o
[ 28%] Building CXX object extra/icu/CMakeFiles/icui18n.dir/icu-release-77-1/source/i18n/utmscale.cpp.o
[ 28%] Building CXX object extra/icu/CMakeFiles/icui18n.dir/icu-release-77-1/source/i18n/ztrans.cpp.o
[ 28%] Built target example_query_server_info
[ 28%] Building CXX object extra/icu/CMakeFiles/icui18n.dir/icu-release-77-1/source/i18n/vzone.cpp.o
[ 28%] Building CXX object extra/icu/CMakeFiles/icui18n.dir/icu-release-77-1/source/i18n/zrule.cpp.o
[ 28%] Built target example_activate
[ 28%] Built target example_locate_by_group
[ 28%] Built target absl_hash
[ 28%] Built target example_get_name
[ 28%] Built target example_get_logger
[ 28%] Built target absl_log_internal_proto
[ 28%] Built target example_pool
[ 28%] Built target example_get_attributes
[ 28%] Building CXX object extra/abseil/abseil-cpp-20250814.1/absl/log/CMakeFiles/absl_log_internal_structured_proto.dir/internal/structured_proto.cc.o
[ 28%] Linking CXX shared library ../../library_output_directory/libicui18n.so
[ 28%] Built target absl_log_internal_fnmatch
[ 28%] Built target thr_lock
[ 28%] Built target absl_random_internal_seed_material
[ 28%] Built target absl_random_distributions
[ 28%] Built target absl_flags_commandlineflag
[ 28%] Linking CXX shared library ../../../../../library_output_directory/libabsl_log_internal_structured_proto.so
[ 28%] Building CXX object extra/abseil/abseil-cpp-20250814.1/absl/flags/CMakeFiles/absl_flags_private_handle_accessor.dir/internal/private_handle_accessor.cc.o
[ 28%] Built target absl_time
[ 28%] Built target absl_symbolize
[ 28%] Built target absl_str_format_internal
[ 28%] Built target mf_iocache_test
[ 28%] Building CXX object extra/abseil/abseil-cpp-20250814.1/absl/synchronization/CMakeFiles/absl_kernel_timeout_internal.dir/internal/kernel_timeout.cc.o
[ 28%] Building CXX object extra/abseil/abseil-cpp-20250814.1/absl/log/CMakeFiles/absl_log_internal_globals.dir/internal/globals.cc.o
[ 28%] Built target comp_err
[ 28%] Building CXX object extra/abseil/abseil-cpp-20250814.1/absl/log/CMakeFiles/absl_log_entry.dir/log_entry.cc.o
[ 28%] Linking CXX shared library ../../../../../library_output_directory/libabsl_flags_private_handle_accessor.so
[ 28%] Building CXX object extra/abseil/abseil-cpp-20250814.1/absl/debugging/CMakeFiles/absl_examine_stack.dir/internal/examine_stack.cc.o
[ 28%] Building CXX object extra/abseil/abseil-cpp-20250814.1/absl/flags/CMakeFiles/absl_flags_marshalling.dir/marshalling.cc.o
[ 28%] Building CXX object extra/abseil/abseil-cpp-20250814.1/absl/crc/CMakeFiles/absl_crc32c.dir/internal/crc_memcpy_fallback.cc.o
[ 28%] Building CXX object extra/abseil/abseil-cpp-20250814.1/absl/random/CMakeFiles/absl_random_internal_distribution_test_util.dir/internal/distribution_test_util.cc.o
[ 28%] Building CXX object extra/abseil/abseil-cpp-20250814.1/absl/crc/CMakeFiles/absl_crc32c.dir/internal/crc_memcpy_x86_arm_combined.cc.o
[ 28%] Building CXX object extra/abseil/abseil-cpp-20250814.1/absl/crc/CMakeFiles/absl_crc32c.dir/internal/crc_non_temporal_memcpy.cc.o
[ 28%] Building CXX object extra/abseil/abseil-cpp-20250814.1/absl/crc/CMakeFiles/absl_crc32c.dir/crc32c.cc.o
[ 28%] Building CXX object extra/abseil/abseil-cpp-20250814.1/absl/random/CMakeFiles/absl_random_internal_distribution_test_util.dir/internal/chi_square.cc.o
[ 28%] Built target comp_client_err
[ 28%] Generating ../include/mysqld_error.h, ../include/mysqld_ername.h, ../include/mysqld_errmsg.h, ../share/english/errmsg.sys
[ 28%] Linking CXX shared library ../../../../../library_output_directory/libabsl_kernel_timeout_internal.so
[ 28%] Linking CXX shared library ../../../../../library_output_directory/libabsl_log_internal_globals.so
[ 28%] Linking CXX shared library ../../../../../library_output_directory/libabsl_log_entry.so
[ 28%] Linking CXX shared library ../../../../../library_output_directory/libabsl_examine_stack.so
[ 28%] Generating ../include/mysqlclient_ername.h
[ 28%] Linking CXX shared library ../../../../../library_output_directory/libabsl_flags_marshalling.so
[ 28%] Linking CXX shared library ../../../../../library_output_directory/libabsl_random_internal_distribution_test_util.so
[ 28%] Linking CXX shared library ../../../../../library_output_directory/libabsl_crc32c.so
[ 28%] Built target GenClientError
[ 28%] Built target absl_log_internal_structured_proto
[ 28%] Built target my_print_defaults
[ 28%] Built target absl_flags_private_handle_accessor
[ 28%] Built target absl_examine_stack
[ 28%] Building CXX object extra/abseil/abseil-cpp-20250814.1/absl/debugging/CMakeFiles/absl_failure_signal_handler.dir/failure_signal_handler.cc.o
[ 28%] Built target absl_kernel_timeout_internal
[ 28%] Built target absl_log_entry
[ 28%] Built target absl_log_internal_globals
[ 28%] Built target opentelemetry_metrics
[ 28%] Built target absl_crc32c
[ 28%] Built target absl_flags_marshalling
[ 28%] Built target absl_random_internal_distribution_test_util
[ 28%] Building CXX object extra/abseil/abseil-cpp-20250814.1/absl/synchronization/CMakeFiles/absl_synchronization.dir/barrier.cc.o
[ 28%] Building CXX object extra/abseil/abseil-cpp-20250814.1/absl/synchronization/CMakeFiles/absl_synchronization.dir/internal/create_thread_identity.cc.o
[ 28%] Building CXX object extra/abseil/abseil-cpp-20250814.1/absl/synchronization/CMakeFiles/absl_synchronization.dir/blocking_counter.cc.o
[ 28%] Linking CXX shared library ../../../../../library_output_directory/libabsl_failure_signal_handler.so
[ 28%] Building CXX object extra/abseil/abseil-cpp-20250814.1/absl/synchronization/CMakeFiles/absl_synchronization.dir/internal/futex_waiter.cc.o
[ 28%] Building CXX object extra/abseil/abseil-cpp-20250814.1/absl/synchronization/CMakeFiles/absl_synchronization.dir/internal/per_thread_sem.cc.o
[ 28%] Building CXX object extra/abseil/abseil-cpp-20250814.1/absl/synchronization/CMakeFiles/absl_synchronization.dir/internal/pthread_waiter.cc.o
[ 28%] Building CXX object extra/abseil/abseil-cpp-20250814.1/absl/log/CMakeFiles/absl_log_sink.dir/log_sink.cc.o
[ 28%] Building CXX object extra/abseil/abseil-cpp-20250814.1/absl/synchronization/CMakeFiles/absl_synchronization.dir/internal/sem_waiter.cc.o
[ 28%] Building CXX object extra/abseil/abseil-cpp-20250814.1/absl/synchronization/CMakeFiles/absl_synchronization.dir/internal/win32_waiter.cc.o
[ 28%] Building CXX object extra/abseil/abseil-cpp-20250814.1/absl/synchronization/CMakeFiles/absl_synchronization.dir/internal/waiter_base.cc.o
[ 28%] Building CXX object extra/abseil/abseil-cpp-20250814.1/absl/synchronization/CMakeFiles/absl_synchronization.dir/internal/stdcpp_waiter.cc.o
[ 28%] Building CXX object extra/abseil/abseil-cpp-20250814.1/absl/synchronization/CMakeFiles/absl_synchronization.dir/mutex.cc.o
[ 28%] Building CXX object extra/abseil/abseil-cpp-20250814.1/absl/synchronization/CMakeFiles/absl_synchronization.dir/notification.cc.o
[ 28%] Building CXX object extra/abseil/abseil-cpp-20250814.1/absl/log/CMakeFiles/absl_log_internal_format.dir/internal/log_format.cc.o
[ 28%] Building CXX object extra/opentelemetry-cpp/opentelemetry-cpp-1.23.0/exporters/memory/CMakeFiles/opentelemetry_exporter_in_memory_metric.dir/src/in_memory_metric_exporter_factory.cc.o
[ 28%] Building CXX object extra/opentelemetry-cpp/opentelemetry-cpp-1.23.0/exporters/memory/CMakeFiles/opentelemetry_exporter_in_memory_metric.dir/src/in_memory_metric_data.cc.o
[ 28%] Building CXX object extra/abseil/abseil-cpp-20250814.1/absl/crc/CMakeFiles/absl_crc_cord_state.dir/internal/crc_cord_state.cc.o
[ 28%] Building CXX object extra/opentelemetry-cpp/opentelemetry-cpp-1.23.0/exporters/ostream/CMakeFiles/opentelemetry_exporter_ostream_metrics.dir/src/metric_exporter.cc.o
[ 28%] Building CXX object extra/opentelemetry-cpp/opentelemetry-cpp-1.23.0/exporters/ostream/CMakeFiles/opentelemetry_exporter_ostream_metrics.dir/src/metric_exporter_factory.cc.o
[ 28%] Linking CXX shared library ../../../../../library_output_directory/libabsl_log_sink.so
[ 28%] Linking CXX shared library ../../../../../library_output_directory/libabsl_synchronization.so
[ 28%] Linking CXX shared library ../../../../../library_output_directory/libabsl_log_internal_format.so
[ 28%] Linking CXX shared library ../../../../../library_output_directory/libabsl_crc_cord_state.so
[ 28%] Linking CXX static library libopentelemetry_exporter_in_memory_metric.a
[ 28%] Linking CXX static library libopentelemetry_exporter_ostream_metrics.a
[ 28%] Built target absl_failure_signal_handler
[ 28%] Built target absl_log_sink
[ 28%] Built target opentelemetry_exporter_ostream_metrics
[ 28%] Built target opentelemetry_exporter_in_memory_metric
[ 28%] Built target absl_crc_cord_state
[ 28%] Built target absl_log_internal_format
[ 28%] Built target absl_synchronization
[ 28%] Building CXX object extra/abseil/abseil-cpp-20250814.1/absl/strings/CMakeFiles/absl_cord_internal.dir/internal/cord_rep_btree_navigator.cc.o
[ 28%] Building CXX object extra/abseil/abseil-cpp-20250814.1/absl/strings/CMakeFiles/absl_cord_internal.dir/internal/cord_rep_crc.cc.o
[ 28%] Building CXX object extra/abseil/abseil-cpp-20250814.1/absl/strings/CMakeFiles/absl_cord_internal.dir/internal/cord_rep_btree.cc.o
[ 28%] Building CXX object extra/abseil/abseil-cpp-20250814.1/absl/strings/CMakeFiles/absl_cord_internal.dir/internal/cord_internal.cc.o
[ 28%] Building CXX object extra/abseil/abseil-cpp-20250814.1/absl/strings/CMakeFiles/absl_cord_internal.dir/internal/cord_rep_btree_reader.cc.o
[ 28%] Building CXX object extra/abseil/abseil-cpp-20250814.1/absl/strings/CMakeFiles/absl_cord_internal.dir/internal/cord_rep_consume.cc.o
[ 29%] Building CXX object extra/abseil/abseil-cpp-20250814.1/absl/container/CMakeFiles/absl_hashtablez_sampler.dir/internal/hashtablez_sampler_force_weak_definition.cc.o
[ 29%] Building CXX object extra/abseil/abseil-cpp-20250814.1/absl/container/CMakeFiles/absl_hashtablez_sampler.dir/internal/hashtablez_sampler.cc.o
[ 29%] Building CXX object extra/abseil/abseil-cpp-20250814.1/absl/strings/CMakeFiles/absl_cordz_handle.dir/internal/cordz_handle.cc.o
[ 29%] Building CXX object extra/abseil/abseil-cpp-20250814.1/absl/flags/CMakeFiles/absl_flags_program_name.dir/internal/program_name.cc.o
[ 29%] Building CXX object extra/abseil/abseil-cpp-20250814.1/absl/random/CMakeFiles/absl_random_internal_entropy_pool.dir/internal/entropy_pool.cc.o
[ 29%] Building CXX object extra/abseil/abseil-cpp-20250814.1/absl/log/CMakeFiles/absl_vlog_config_internal.dir/internal/vlog_config.cc.o
[ 29%] Linking CXX shared library ../../../../../library_output_directory/libabsl_cord_internal.so
[ 29%] Linking CXX shared library ../../../../../library_output_directory/libabsl_hashtablez_sampler.so
[ 29%] Linking CXX shared library ../../../../../library_output_directory/libabsl_cordz_handle.so
[ 29%] Linking CXX shared library ../../../../../library_output_directory/libabsl_flags_program_name.so
[ 29%] Linking CXX shared library ../../../../../library_output_directory/libabsl_random_internal_entropy_pool.so
[ 29%] Linking CXX shared library ../../../../../library_output_directory/libabsl_vlog_config_internal.so
[ 29%] Built target GenError
[ 29%] Building CXX object storage/blackhole/CMakeFiles/blackhole.dir/ha_blackhole.cc.o
[ 29%] Building CXX object storage/archive/CMakeFiles/archive.dir/azio.cc.o
[ 29%] Building CXX object storage/csv/CMakeFiles/csv.dir/transparent_file.cc.o
[ 29%] Building CXX object storage/csv/CMakeFiles/csv.dir/ha_tina.cc.o
[ 29%] Building CXX object storage/heap/CMakeFiles/heap_library.dir/_rectest.cc.o
[ 29%] Building CXX object libs/mysql/binlog/event/CMakeFiles/mysql_binlog_event.dir/binary_log_funcs.cpp.o
[ 29%] Building CXX object libs/mysql/binlog/event/CMakeFiles/mysql_binlog_event.dir/codecs/binary.cpp.o
[ 30%] Building CXX object storage/archive/CMakeFiles/archive.dir/ha_archive.cc.o
[ 30%] Building CXX object storage/heap/CMakeFiles/heap_library.dir/hp_clear.cc.o
[ 30%] Building CXX object libs/mysql/binlog/event/CMakeFiles/mysql_binlog_event.dir/codecs/factory.cpp.o
[ 30%] Building CXX object libs/mysql/binlog/event/CMakeFiles/mysql_binlog_event.dir/control_events.cpp.o
[ 30%] Building CXX object storage/heap/CMakeFiles/heap_library.dir/hp_block.cc.o
[ 30%] Building CXX object storage/federated/CMakeFiles/federated.dir/ha_federated.cc.o
[ 30%] Building CXX object libs/mysql/binlog/event/CMakeFiles/mysql_binlog_event.dir/event_reader.cpp.o
[ 30%] Building CXX object storage/heap/CMakeFiles/heap_library.dir/hp_close.cc.o
[ 30%] Building CXX object libs/mysql/binlog/event/CMakeFiles/mysql_binlog_event.dir/binlog_event.cpp.o
[ 30%] Building CXX object storage/myisammrg/CMakeFiles/myisammrg.dir/ha_myisammrg.cc.o
[ 30%] Building CXX object storage/temptable/CMakeFiles/temptable.dir/src/allocator.cc.o
[ 30%] Building CXX object include/CMakeFiles/installed_headers.dir/installed_headers.cc.o
[ 30%] Building CXX object storage/temptable/CMakeFiles/temptable.dir/src/handler.cc.o
[ 30%] Building CXX object components/library_mysys/CMakeFiles/library_mysys.dir/my_memory.cc.o
[ 30%] Building CXX object libs/mysql/binlog/event/CMakeFiles/mysql_binlog_event.dir/trx_boundary_parser.cpp.o
[ 30%] Building CXX object storage/temptable/CMakeFiles/temptable.dir/src/column.cc.o
[ 30%] Building CXX object storage/myisammrg/CMakeFiles/myisammrg.dir/myrg_close.cc.o
[ 30%] Building CXX object storage/myisammrg/CMakeFiles/myisammrg.dir/myrg_create.cc.o
[ 30%] Building CXX object storage/myisammrg/CMakeFiles/myisammrg.dir/myrg_extra.cc.o
[ 30%] Building CXX object libs/mysql/binlog/event/CMakeFiles/mysql_binlog_event.dir/rows_event.cpp.o
[ 30%] Building CXX object libmysql/authentication_ldap/CMakeFiles/authentication_ldap_sasl_client.dir/auth_ldap_sasl_client.cc.o
[ 30%] Building CXX object storage/heap/CMakeFiles/heap_library.dir/hp_delete.cc.o
[ 30%] Building CXX object plugin/audit_null/CMakeFiles/audit_null.dir/audit_null.cc.o
[ 30%] Building CXX object components/libminchassis/CMakeFiles/minchassis.dir/component_common.cc.o
[ 30%] Building CXX object storage/heap/CMakeFiles/heap_library.dir/hp_create.cc.o
[ 30%] Building CXX object storage/temptable/CMakeFiles/temptable.dir/src/block.cc.o
[ 30%] Building CXX object libs/mysql/binlog/event/CMakeFiles/mysql_binlog_event.dir/load_data_events.cpp.o
[ 30%] Building CXX object storage/heap/CMakeFiles/heap_library.dir/hp_extra.cc.o
[ 30%] Building CXX object libs/mysql/binlog/event/CMakeFiles/mysql_binlog_event.dir/statement_events.cpp.o
[ 30%] Building CXX object storage/myisammrg/CMakeFiles/myisammrg.dir/myrg_delete.cc.o
[ 30%] Building CXX object plugin/fulltext/CMakeFiles/ngram_parser.dir/ngram_parser/plugin_ngram.cc.o
[ 30%] Building CXX object components/library_mysys/CMakeFiles/library_mysys.dir/my_hex_tools.cc.o
[ 30%] Building CXX object libmysql/authentication_openid_connect_client/CMakeFiles/authentication_openid_connect_client.dir/authentication_openid_connect_client_plugin.cc.o
[ 30%] Building CXX object libmysql/authentication_oci_client/CMakeFiles/authentication_oci_client.dir/authentication_oci_client_plugin.cc.o
[ 30%] Building CXX object libmysql/CMakeFiles/clientlib_objlib.dir/libmysql.cc.o
[ 30%] Building CXX object storage/heap/CMakeFiles/heap_library.dir/hp_hash.cc.o
[ 30%] Building CXX object plugin/audit_null/CMakeFiles/test_security_context.dir/test_security_context.cc.o
[ 30%] Building CXX object plugin/auth/CMakeFiles/qa_auth_server.dir/qa_auth_server.cc.o
[ 30%] Building CXX object storage/heap/CMakeFiles/heap_library.dir/hp_dspace.cc.o
[ 30%] Building CXX object libmysql/authentication_native_password/CMakeFiles/mysql_native_password.dir/mysql_native_password.cc.o
[ 30%] Building CXX object plugin/auth/CMakeFiles/auth_test_plugin.dir/test_plugin.cc.o
[ 30%] Building CXX object storage/innobase/CMakeFiles/innodb_zipdecompress.dir/buf/buf.cc.o
[ 30%] Building CXX object storage/example/CMakeFiles/example.dir/ha_example.cc.o
[ 30%] Building CXX object sql/server_component/CMakeFiles/mysql_server_component_services.dir/audit_api_message_service_imp.cc.o
[ 30%] Building CXX object plugin/auth/CMakeFiles/auth.dir/dialog.cc.o
[ 30%] Building CXX object plugin/auth/CMakeFiles/qa_auth_client.dir/qa_auth_client.cc.o
[ 30%] Building CXX object plugin/auth/CMakeFiles/qa_auth_interface.dir/qa_auth_interface.cc.o
[ 30%] Building CXX object plugin/auth/CMakeFiles/auth_socket.dir/auth_socket.cc.o
[ 30%] Building CXX object plugin/auth_openid_connect/CMakeFiles/auth_openid_connect.dir/src/plugin_openid_connect.cc.o
[ 30%] Building CXX object storage/myisam/CMakeFiles/myisam_library.dir/array.cc.o
[ 30%] Building CXX object plugin/fulltext/CMakeFiles/ftexample.dir/example/plugin_example.cc.o
[ 30%] Building CXX object plugin/auth/CMakeFiles/mysql_no_login.dir/mysql_no_login.cc.o
[ 30%] Building CXX object plugin/auth_ldap/CMakeFiles/authentication_ldap_simple.dir/src/log_client.cc.o
[ 30%] Building CXX object plugin/procfs/CMakeFiles/procfs.dir/procfs.cc.o
[ 30%] Building CXX object plugin/daemon_example/CMakeFiles/daemon_example.dir/daemon_example.cc.o
[ 30%] Building CXX object storage/perfschema/CMakeFiles/perfschema.dir/cursor_by_account.cc.o
[ 30%] Building CXX object plugin/pfs_table_plugin/CMakeFiles/pfs_example_plugin_employee.dir/pfs_example_employee_name.cc.o
[ 30%] Building CXX object storage/secondary_engine_mock/CMakeFiles/mock.dir/ha_mock.cc.o
[ 30%] Building CXX object plugin/ddl_rewriter/CMakeFiles/ddl_rewriter.dir/ddl_rewriter_plugin.cc.o
[ 30%] Building CXX object plugin/semisync/CMakeFiles/semisync_source.dir/semisync.cc.o
[ 30%] Building CXX object plugin/auth_ldap/CMakeFiles/authentication_ldap_sasl.dir/src/log_client.cc.o
[ 30%] Building CXX object plugin/test_service_sql_api/CMakeFiles/test_session_in_thd.dir/test_session_in_thd.cc.o
[ 30%] Building CXX object plugin/password_validation/CMakeFiles/validate_password.dir/validate_password.cc.o
[ 30%] Building CXX object libs/mysql/binlog/event/CMakeFiles/mysql_binlog_event.dir/compression/compressor.cpp.o
[ 30%] Building CXX object plugin/clone/CMakeFiles/clone.dir/src/clone_plugin.cc.o
[ 30%] Building CXX object plugin/rewrite_example/CMakeFiles/rewrite_example.dir/rewrite_example.cc.o
[ 30%] Building CXX object plugin/keyring_udf/CMakeFiles/keyring_udf.dir/keyring_udf.cc.o
[ 30%] Building CXX object plugin/semisync/CMakeFiles/semisync_replica.dir/semisync.cc.o
[ 30%] Building CXX object plugin/test_plugins/CMakeFiles/conflicting_variables.dir/conflicting_variables.cc.o
[ 30%] Building CXX object plugin/test_service_sql_api/CMakeFiles/test_x_sessions_deinit.dir/test_x_sessions_deinit.cc.o
[ 30%] Building CXX object libs/mysql/binlog/event/CMakeFiles/mysql_binlog_event.dir/compression/base.cpp.o
[ 30%] Building CXX object plugin/replication_observers_example/CMakeFiles/replication_observers_example.dir/gr_message_service_example.cc.o
[ 30%] Building CXX object plugin/test_service_sql_api/CMakeFiles/test_session_detach.dir/test_session_detach.cc.o
[ 30%] Building CXX object plugin/test_service_sql_api/CMakeFiles/test_x_sessions_init.dir/test_x_sessions_init.cc.o
[ 30%] Building CXX object plugin/rewriter/CMakeFiles/rewriter.dir/rewriter.cc.o
[ 30%] Building CXX object storage/myisammrg/CMakeFiles/myisammrg.dir/myrg_open.cc.o
[ 30%] Building CXX object plugin/test_service_sql_api/CMakeFiles/test_session_info.dir/test_session_info.cc.o
[ 30%] Building CXX object plugin/test_service_sql_api/CMakeFiles/test_session_attach.dir/test_session_attach.cc.o
[ 30%] Building CXX object storage/myisammrg/CMakeFiles/myisammrg.dir/myrg_locking.cc.o
[ 30%] Building CXX object components/library_mysys/CMakeFiles/library_mysys.dir/my_base64_encode.cc.o
[ 30%] Building CXX object plugin/auth_openid_connect/CMakeFiles/auth_openid_connect.dir/src/config.cc.o
[ 30%] Building CXX object plugin/clone/CMakeFiles/clone.dir/src/clone_client.cc.o
[ 30%] Building CXX object storage/myisam/CMakeFiles/myisam_library.dir/my_lock.cc.o
[ 30%] Building CXX object storage/perfschema/CMakeFiles/perfschema.dir/pfs_stat.cc.o
[ 30%] Building CXX object plugin/rewriter/CMakeFiles/rewriter.dir/rewriter_plugin.cc.o
[ 30%] Building CXX object plugin/auth_openid_connect/CMakeFiles/auth_openid_connect.dir/src/jwk.cc.o
[ 30%] Building CXX object storage/perfschema/CMakeFiles/perfschema.dir/cursor_by_host.cc.o
[ 30%] Building CXX object components/libminchassis/CMakeFiles/minchassis.dir/dynamic_loader.cc.o
[ 30%] Building CXX object storage/perfschema/CMakeFiles/perfschema.dir/cursor_by_error_log.cc.o
[ 30%] Linking CXX shared module ../../plugin_output_directory/qa_auth_client.so
[ 30%] Building CXX object libs/mysql/binlog/event/CMakeFiles/mysql_binlog_event.dir/compression/decompress_status.cpp.o
[ 30%] Building CXX object plugin/replication_observers_example/CMakeFiles/replication_observers_example.dir/replication_observers_example.cc.o
[ 30%] Building CXX object plugin/rewriter/CMakeFiles/rewriter.dir/rewriter_udf.cc.o
[ 30%] Building CXX object components/library_mysys/CMakeFiles/library_mysys.dir/option_tracker_usage.cc.o
[ 30%] Building CXX object storage/myisammrg/CMakeFiles/myisammrg.dir/myrg_info.cc.o
[ 30%] Linking CXX shared module ../../plugin_output_directory/auth_test_plugin.so
[ 30%] Building CXX object plugin/auth_openid_connect/CMakeFiles/auth_openid_connect.dir/src/jwks.cc.o
[ 30%] Building CXX object plugin/pfs_table_plugin/CMakeFiles/pfs_example_plugin_employee.dir/pfs_example_employee_salary.cc.o
[ 30%] Linking CXX shared module ../../plugin_output_directory/qa_auth_interface.so
[ 30%] Building CXX object plugin/pfs_table_plugin/CMakeFiles/pfs_example_plugin_employee.dir/pfs_example_machine.cc.o
[ 30%] Linking CXX shared module ../../plugin_output_directory/libdaemon_example.so
[ 30%] Linking CXX shared module ../../plugin_output_directory/authentication_openid_connect_client.so
[ 30%] Building CXX object components/library_mysys/CMakeFiles/library_mysys.dir/my_system.cc.o
[ 30%] Linking CXX static library libarchive.a
[ 30%] Building CXX object sql/server_component/CMakeFiles/mysql_server_component_services.dir/backup_lock_service.cc.o
[ 30%] Linking CXX static library libngram_parser.a
[ 30%] Building CXX object plugin/replication_observers_example/CMakeFiles/replication_observers_example.dir/src/binlog/service/iterator/tests/pfs.cc.o
[ 30%] Building CXX object libmysql/authentication_ldap/CMakeFiles/authentication_ldap_sasl_client.dir/auth_ldap_sasl_mechanism.cc.o
[ 30%] Building CXX object storage/innobase/CMakeFiles/innodb_zipdecompress.dir/buf/checksum.cc.o
[ 30%] Linking CXX shared module ../../plugin_output_directory/auth_socket.so
[ 30%] Building CXX object storage/heap/CMakeFiles/heap_library.dir/hp_info.cc.o
[ 30%] Building CXX object plugin/pfs_table_plugin/CMakeFiles/pfs_example_plugin_employee.dir/pfs_example_machines_by_emp_by_mtype.cc.o
[ 30%] Linking CXX shared module ../../plugin_output_directory/test_security_context.so
[ 30%] Linking CXX shared module ../../plugin_output_directory/authentication_oci_client.so
[ 30%] Linking CXX shared module ../../plugin_output_directory/qa_auth_server.so
[ 30%] Linking CXX shared module ../../plugin_output_directory/mysql_native_password.so
[ 30%] Building CXX object components/libminchassis/CMakeFiles/minchassis.dir/dynamic_loader_scheme_file.cc.o
[ 30%] Linking CXX shared module ../../plugin_output_directory/auth.so
[ 30%] Building CXX object plugin/semisync/CMakeFiles/semisync_source.dir/semisync_source.cc.o
[ 30%] Building CXX object plugin/auth_ldap/CMakeFiles/authentication_ldap_sasl.dir/src/connection.cc.o
[ 30%] Linking CXX static library libfederated.a
[ 31%] Building CXX object plugin/auth_ldap/CMakeFiles/authentication_ldap_sasl.dir/src/plugin_common.cc.o
[ 31%] Linking CXX shared module ../../plugin_output_directory/validate_password.so
[ 31%] Linking CXX static library libblackhole.a
[ 31%] Linking CXX static library libcsv.a
[ 31%] Linking CXX shared module ../../plugin_output_directory/adt_null.so
[ 31%] Building CXX object libmysql/CMakeFiles/clientlib_objlib.dir/dns_srv.cc.o
[ 31%] Building CXX object plugin/auth_ldap/CMakeFiles/authentication_ldap_sasl.dir/src/auth_ldap_impl.cc.o
[ 31%] Linking CXX shared module ../../plugin_output_directory/mysql_no_login.so
[ 31%] Building CXX object libmysql/CMakeFiles/clientlib_objlib.dir/errmsg.cc.o
[ 31%] Linking CXX shared module ../../plugin_output_directory/libtest_session_in_thd.so
[ 31%] Building CXX object plugin/ddl_rewriter/CMakeFiles/ddl_rewriter.dir/ddl_rewriter.cc.o
[ 31%] Linking CXX shared module ../../plugin_output_directory/rewrite_example.so
[ 31%] Linking CXX shared module ../../plugin_output_directory/libtest_session_attach.so
[ 31%] Building CXX object libmysql/CMakeFiles/clientlib_objlib.dir/__/sql-common/client.cc.o
[ 31%] Linking CXX shared module ../../plugin_output_directory/libtest_x_sessions_init.so
[ 31%] Linking CXX shared module ../../plugin_output_directory/conflicting_variables.so
[ 31%] Building CXX object storage/myisammrg/CMakeFiles/myisammrg.dir/myrg_panic.cc.o
[ 31%] Building CXX object storage/myisam/CMakeFiles/myisam_library.dir/my_redel.cc.o
[ 31%] Linking CXX shared module ../../plugin_output_directory/libtest_session_detach.so
[ 31%] Building CXX object storage/temptable/CMakeFiles/temptable.dir/src/index.cc.o
[ 31%] Linking CXX shared module ../../plugin_output_directory/ha_example.so
[ 31%] Linking CXX shared module ../../plugin_output_directory/libtest_x_sessions_deinit.so
[ 31%] Building CXX object storage/temptable/CMakeFiles/temptable.dir/src/indexed_cells.cc.o
[ 32%] Building CXX object storage/myisam/CMakeFiles/myisam_library.dir/ft_boolean_search.cc.o
[ 32%] Linking CXX shared module ../../plugin_output_directory/mypluglib.so
[ 32%] Building CXX object plugin/auth_openid_connect/CMakeFiles/auth_openid_connect.dir/src/udf.cc.o
[ 32%] Building CXX object sql/server_component/CMakeFiles/mysql_server_component_services.dir/bulk_data_service.cc.o
[ 32%] Building CXX object storage/myisam/CMakeFiles/myisam_library.dir/queues.cc.o
[ 32%] Linking CXX shared module ../../plugin_output_directory/libtest_session_info.so
[ 32%] Building CXX object plugin/auth_openid_connect/CMakeFiles/auth_openid_connect.dir/src/psi_openid_connect.cc.o
[ 32%] Building CXX object plugin/semisync/CMakeFiles/semisync_replica.dir/semisync_replica.cc.o
[ 32%] Building CXX object plugin/auth_ldap/CMakeFiles/authentication_ldap_simple.dir/src/plugin_common.cc.o
[ 32%] Linking CXX shared module ../../plugin_output_directory/keyring_udf.so
[ 32%] Building CXX object sql/server_component/CMakeFiles/mysql_server_component_services.dir/clone_protocol_service.cc.o
[ 32%] Building CXX object storage/temptable/CMakeFiles/temptable.dir/src/memutils.cc.o
[ 32%] Linking CXX shared module ../../plugin_output_directory/procfs.so
[ 32%] Building CXX object storage/myisam/CMakeFiles/myisam_library.dir/ft_nlq_search.cc.o
[ 32%] Linking CXX shared module ../../plugin_output_directory/ha_mock.so
[ 32%] Building CXX object sql/server_component/CMakeFiles/mysql_server_component_services.dir/component_status_var_service.cc.o
[ 32%] Building CXX object storage/innobase/CMakeFiles/innodb_zipdecompress.dir/dict/dict.cc.o
[ 32%] Building CXX object libs/mysql/binlog/event/CMakeFiles/mysql_binlog_event.dir/compression/decompressor.cpp.o
[ 32%] Building CXX object storage/innobase/CMakeFiles/innodb_zipdecompress.dir/dict/mem.cc.o
[ 32%] Building CXX object libmysql/authentication_ldap/CMakeFiles/authentication_ldap_sasl_client.dir/log_client.cc.o
[ 32%] Building CXX object libmysql/authentication_ldap/CMakeFiles/authentication_ldap_sasl_client.dir/auth_ldap_kerberos.cc.o
[ 32%] Building CXX object plugin/rewriter/CMakeFiles/rewriter.dir/rule.cc.o
[ 32%] Building CXX object storage/perfschema/CMakeFiles/perfschema.dir/cursor_by_thread.cc.o
[ 32%] Building CXX object sql/server_component/CMakeFiles/mysql_server_component_services.dir/component_sys_var_service.cc.o
[ 32%] Building CXX object plugin/clone/CMakeFiles/clone.dir/src/clone_server.cc.o
[ 32%] Building CXX object components/library_mysys/CMakeFiles/library_mysys.dir/my_system_api/my_system_api_common.cc.o
[ 32%] Building CXX object libs/mysql/binlog/event/CMakeFiles/mysql_binlog_event.dir/compression/factory.cpp.o
[ 32%] Building CXX object libmysql/CMakeFiles/clientlib_objlib.dir/__/sql-common/client_plugin.cc.o
[ 32%] Built target absl_cordz_handle
[ 32%] Built target absl_cord_internal
[ 32%] Building CXX object storage/heap/CMakeFiles/heap_library.dir/hp_open.cc.o
[ 32%] Building CXX object storage/temptable/CMakeFiles/temptable.dir/src/plugin.cc.o
[ 32%] Building CXX object storage/myisammrg/CMakeFiles/myisammrg.dir/myrg_queue.cc.o
[ 32%] Building CXX object plugin/auth_openid_connect/CMakeFiles/auth_openid_connect.dir/src/id_token.cc.o
[ 32%] Built target absl_random_internal_entropy_pool
[ 32%] Building CXX object plugin/replication_observers_example/CMakeFiles/replication_observers_example.dir/src/binlog/service/iterator/tests/status_vars.cc.o
[ 32%] Building CXX object libmysql/authentication_ldap/CMakeFiles/authentication_ldap_sasl_client.dir/krb5_interface.cc.o
[ 32%] Building CXX object storage/heap/CMakeFiles/heap_library.dir/hp_panic.cc.o
[ 32%] Building CXX object plugin/pfs_table_plugin/CMakeFiles/pfs_example_plugin_employee.dir/pfs_example_plugin_employee.cc.o
[ 32%] Built target absl_flags_program_name
[ 32%] Building CXX object storage/perfschema/CMakeFiles/perfschema.dir/cursor_by_user.cc.o
[ 32%] Building CXX object storage/perfschema/CMakeFiles/perfschema.dir/cursor_by_thread_connect_attr.cc.o
[ 32%] Building CXX object components/libminchassis/CMakeFiles/minchassis.dir/mc_psi_system_service.cc.o
[ 32%] Building CXX object components/library_mysys/CMakeFiles/library_mysys.dir/my_system_api/my_system_api_cgroup.cc.o
[ 32%] Building CXX object plugin/clone/CMakeFiles/clone.dir/src/clone_status.cc.o
[ 32%] Building CXX object components/library_mysys/CMakeFiles/library_mysys.dir/my_system_api/my_system_api_linux.cc.o
[ 32%] Building CXX object plugin/semisync/CMakeFiles/semisync_replica.dir/semisync_replica_plugin.cc.o
[ 32%] Built target absl_hashtablez_sampler
[ 32%] Building CXX object plugin/semisync/CMakeFiles/semisync_source.dir/semisync_source_ack_receiver.cc.o
[ 33%] Building CXX object storage/temptable/CMakeFiles/temptable.dir/src/result.cc.o
[ 33%] Building CXX object plugin/semisync/CMakeFiles/semisync_source.dir/semisync_source_plugin.cc.o
[ 33%] Building CXX object storage/innobase/CMakeFiles/innodb_zipdecompress.dir/mem/memory.cc.o
[ 33%] Building CXX object storage/innobase/CMakeFiles/innodb_zipdecompress.dir/os/file.cc.o
[ 33%] Building CXX object storage/perfschema/CMakeFiles/perfschema.dir/ha_perfschema.cc.o
[ 33%] Building CXX object libmysql/CMakeFiles/clientlib_objlib.dir/__/sql-common/client_authentication.cc.o
[ 33%] Building CXX object storage/heap/CMakeFiles/heap_library.dir/hp_record.cc.o
[ 33%] Building CXX object libs/mysql/binlog/event/CMakeFiles/mysql_binlog_event.dir/compression/none_comp.cpp.o
[ 33%] Built target absl_vlog_config_internal
[ 33%] Building CXX object storage/myisammrg/CMakeFiles/myisammrg.dir/myrg_range.cc.o
[ 33%] Building CXX object libs/mysql/binlog/event/CMakeFiles/mysql_binlog_event.dir/compression/none_dec.cpp.o
[ 33%] Building CXX object libs/mysql/binlog/event/CMakeFiles/mysql_binlog_event.dir/compression/payload_event_buffer_istream.cpp.o
[ 33%] Built target ngram_parser
[ 33%] Building CXX object storage/myisam/CMakeFiles/myisam_library.dir/ft_parser.cc.o
[ 33%] Linking CXX shared module ../../plugin_output_directory/ddl_rewriter.so
[ 33%] Building CXX object plugin/auth_ldap/CMakeFiles/authentication_ldap_sasl.dir/src/pool.cc.o
[ 33%] Built target qa_auth_client
[ 33%] Building CXX object plugin/rewriter/CMakeFiles/rewriter.dir/services.cc.o
[ 33%] Built target qa_auth_interface
[ 33%] Building CXX object plugin/auth_ldap/CMakeFiles/authentication_ldap_simple.dir/src/plugin_simple.cc.o
[ 33%] Building CXX object storage/myisammrg/CMakeFiles/myisammrg.dir/myrg_rfirst.cc.o
[ 33%] Building CXX object storage/myisammrg/CMakeFiles/myisammrg.dir/myrg_records.cc.o
[ 33%] Linking CXX executable ../runtime_output_directory/installed_headers
[ 33%] Building CXX object storage/myisam/CMakeFiles/myisam_library.dir/ft_update.cc.o
[ 33%] Building CXX object storage/myisam/CMakeFiles/myisam_library.dir/ft_static.cc.o
[ 33%] Building CXX object storage/heap/CMakeFiles/heap_library.dir/hp_rlast.cc.o
[ 33%] Building CXX object storage/myisam/CMakeFiles/myisam_library.dir/mi_cache.cc.o
[ 33%] Building CXX object storage/myisam/CMakeFiles/myisam_library.dir/ft_stopwords.cc.o
[ 33%] Built target test_security_context
[ 33%] Building CXX object components/libminchassis/CMakeFiles/minchassis.dir/minimal_chassis.cc.o
[ 33%] Building CXX object storage/heap/CMakeFiles/heap_library.dir/hp_rename.cc.o
[ 33%] Built target archive
[ 33%] Building CXX object storage/heap/CMakeFiles/heap_library.dir/hp_rfirst.cc.o
[ 33%] Building CXX object components/libminchassis/CMakeFiles/minchassis.dir/mc_rwlock_service.cc.o
[ 33%] Linking CXX shared module ../../plugin_output_directory/authentication_ldap_sasl_client.so
[ 33%] Building CXX object storage/heap/CMakeFiles/heap_library.dir/hp_rkey.cc.o
[ 33%] Building CXX object storage/innobase/CMakeFiles/innodb_zipdecompress.dir/rem/rec.cc.o
[ 33%] Building CXX object storage/innobase/CMakeFiles/innodb_zipdecompress.dir/rem/rem0wrec.cc.o
[ 33%] Building CXX object storage/innobase/CMakeFiles/innodb_zipdecompress.dir/ut/crc32.cc.o
[ 33%] Built target mysql_no_login
[ 33%] Linking CXX shared module ../../plugin_output_directory/replication_observers_example_plugin.so
[ 33%] Linking CXX shared module ../../plugin_output_directory/pfs_example_plugin_employee.so
[ 33%] Building CXX object plugin/clone/CMakeFiles/clone.dir/src/clone_local.cc.o
[ 33%] Building CXX object plugin/auth_ldap/CMakeFiles/authentication_ldap_simple.dir/src/auth_ldap_impl.cc.o
[ 33%] Building CXX object sql/server_component/CMakeFiles/mysql_server_component_services.dir/debug_keyword_service_imp.cc.o
[ 33%] Built target conflicting_variables
[ 33%] Building CXX object plugin/clone/CMakeFiles/clone.dir/src/clone_os.cc.o
[ 33%] Building CXX object plugin/clone/CMakeFiles/clone.dir/src/clone_hton.cc.o
[ 33%] Building CXX object storage/myisam/CMakeFiles/myisam_library.dir/mi_changed.cc.o
[ 33%] Built target auth
[ 33%] Building CXX object components/libminchassis/CMakeFiles/minchassis.dir/minimal_chassis_runtime_error_imp.cc.o
[ 33%] Building CXX object storage/temptable/CMakeFiles/temptable.dir/src/row.cc.o
[ 33%] Building CXX object storage/temptable/CMakeFiles/temptable.dir/src/table.cc.o
[ 33%] Linking CXX static library liblibrary_mysys.a
[ 33%] Building CXX object storage/myisam/CMakeFiles/myisam_library.dir/mi_check.cc.o
[ 33%] Built target auth_socket
[ 33%] Building CXX object libs/mysql/binlog/event/CMakeFiles/mysql_binlog_event.dir/compression/zstd_comp.cpp.o
[ 33%] Building CXX object libmysql/CMakeFiles/clientlib_objlib.dir/__/sql-common/net_serv.cc.o
[ 33%] Built target audit_null
[ 33%] Building CXX object plugin/test_service_sql_api/CMakeFiles/test_sql_complex.dir/test_sql_complex.cc.o
[ 33%] Building CXX object libmysql/CMakeFiles/clientlib_objlib.dir/__/sql-common/compression.cc.o
[ 33%] Building CXX object components/libminchassis/CMakeFiles/minchassis.dir/my_metadata.cc.o
[ 33%] Building CXX object storage/heap/CMakeFiles/heap_library.dir/hp_rnext.cc.o
[ 33%] Built target qa_auth_server
[ 33%] Building CXX object storage/innobase/CMakeFiles/innodb_zipdecompress.dir/page/zipdecompress.cc.o
[ 33%] Building CXX object libmysql/CMakeFiles/clientlib_objlib.dir/__/sql-common/get_password.cc.o
[ 33%] Building CXX object libmysql/CMakeFiles/clientlib_objlib.dir/__/sql-common/bind_params.cc.o
[ 33%] Linking CXX shared module ../../plugin_output_directory/auth_openid_connect.so
[ 33%] Building CXX object storage/innobase/CMakeFiles/innodb_zipdecompress.dir/os/os0thread.cc.o
[ 33%] Building CXX object libs/mysql/binlog/event/CMakeFiles/mysql_binlog_event.dir/compression/zstd_dec.cpp.o
[ 33%] Building CXX object storage/perfschema/CMakeFiles/perfschema.dir/terminology_use_previous.cc.o
[ 33%] Building CXX object storage/heap/CMakeFiles/heap_library.dir/hp_rprev.cc.o
[ 33%] Building CXX object storage/myisammrg/CMakeFiles/myisammrg.dir/myrg_rkey.cc.o
[ 33%] Building CXX object storage/heap/CMakeFiles/heap_library.dir/hp_rrnd.cc.o
[ 33%] Building CXX object libmysql/CMakeFiles/clientlib_objlib.dir/__/sql/auth/sha2_password_common.cc.o
[ 33%] Building CXX object libmysql/CMakeFiles/clientlib_objlib.dir/__/sql/auth/password.cc.o
[ 33%] Building CXX object plugin/test_service_sql_api/CMakeFiles/test_sql_all_col_types.dir/test_sql_all_col_types.cc.o
[ 33%] Building CXX object storage/innobase/CMakeFiles/innodb_zipdecompress.dir/ut/ut.cc.o
[ 33%] Linking CXX shared module ../../plugin_output_directory/semisync_replica.so
[ 33%] Building CXX object plugin/test_service_sql_api/CMakeFiles/test_sql_2_sessions.dir/test_sql_2_sessions.cc.o
[ 33%] Built target blackhole
[ 33%] Building CXX object storage/perfschema/CMakeFiles/perfschema.dir/pfs.cc.o
[ 33%] Building CXX object storage/innobase/CMakeFiles/innodb_zipdecompress.dir/ut/ut0new.cc.o
[ 33%] Building CXX object storage/myisam/CMakeFiles/myisam_library.dir/mi_checksum.cc.o
[ 33%] Built target rewrite_example
[ 33%] Building CXX object plugin/test_service_sql_api/CMakeFiles/test_sql_shutdown.dir/test_sql_shutdown.cc.o
[ 33%] Building CXX object components/libminchassis/CMakeFiles/minchassis.dir/mysql_component.cc.o
[ 33%] Building CXX object plugin/test_service_sql_api/CMakeFiles/test_sql_processlist.dir/test_sql_processlist.cc.o
[ 33%] Building CXX object storage/heap/CMakeFiles/heap_library.dir/hp_scan.cc.o
[ 33%] Building CXX object storage/myisam/CMakeFiles/myisam_library.dir/mi_close.cc.o
[ 33%] Building CXX object components/libminchassis/CMakeFiles/minchassis.dir/mysql_service_implementation.cc.o
[ 33%] Built target ftexample
[ 33%] Linking CXX shared module ../../plugin_output_directory/semisync_source.so
[ 33%] Building CXX object plugin/test_service_sql_api/CMakeFiles/test_sql_cmds_1.dir/test_sql_cmds_1.cc.o
[ 33%] Building CXX object storage/perfschema/CMakeFiles/perfschema.dir/pfs_account.cc.o
[ 33%] Building CXX object storage/heap/CMakeFiles/heap_library.dir/hp_static.cc.o
[ 33%] Building CXX object plugin/auth_ldap/CMakeFiles/authentication_ldap_simple.dir/src/pool.cc.o
[ 33%] Built target csv
[ 33%] Linking CXX shared module ../../plugin_output_directory/rewriter.so
[ 33%] Building CXX object storage/perfschema/CMakeFiles/perfschema.dir/pfs_autosize.cc.o
[ 33%] Built target federated
[ 33%] Building CXX object storage/myisam/CMakeFiles/myisam_library.dir/mi_create.cc.o
[ 33%] Building CXX object sql/server_component/CMakeFiles/mysql_server_component_services.dir/host_application_signal_imp.cc.o
[ 33%] Building CXX object plugin/auth_ldap/CMakeFiles/authentication_ldap_sasl.dir/src/plugin_sasl.cc.o
[ 33%] Built target validate_password
[ 33%] Built target test_session_in_thd
[ 33%] Building CXX object storage/perfschema/CMakeFiles/perfschema.dir/pfs_builtin_memory.cc.o
[ 33%] Building CXX object plugin/test_service_sql_api/CMakeFiles/test_sql_sleep_is_connected.dir/test_sql_sleep_is_connected.cc.o
[ 33%] Building CXX object sql/server_component/CMakeFiles/mysql_server_component_services.dir/log_builtins.cc.o
[ 33%] Building CXX object sql/server_component/CMakeFiles/mysql_server_component_services.dir/log_builtins_filter.cc.o
[ 33%] Built target test_session_info
[ 33%] Built target test_session_attach
[ 33%] Building CXX object storage/myisam/CMakeFiles/myisam_library.dir/mi_delete_all.cc.o
[ 33%] Building CXX object libmysql/CMakeFiles/clientlib_objlib.dir/mysql_trace.cc.o
[ 34%] Building CXX object storage/myisammrg/CMakeFiles/myisammrg.dir/myrg_rnext_same.cc.o
[ 34%] Building CXX object sql/server_component/CMakeFiles/mysql_server_component_services.dir/dynamic_loader_path_filter.cc.o
[ 34%] Built target test_x_sessions_deinit
[ 34%] Linking CXX shared module ../../plugin_output_directory/libtest_sql_complex.so
[ 34%] Building CXX object sql/server_component/CMakeFiles/mysql_server_component_services.dir/keyring_iterator_service_imp.cc.o
[ 34%] Building CXX object storage/myisam/CMakeFiles/myisam_library.dir/mi_delete_table.cc.o
[ 34%] Building CXX object storage/perfschema/CMakeFiles/perfschema.dir/pfs_column_values.cc.o
[ 34%] Building CXX object storage/perfschema/CMakeFiles/perfschema.dir/pfs_column_types.cc.o
[ 34%] Built target test_session_detach
[ 34%] Building CXX object storage/perfschema/CMakeFiles/perfschema.dir/pfs_data_lock.cc.o
[ 34%] Building CXX object sql/server_component/CMakeFiles/mysql_server_component_services.dir/debug_sync_service_imp.cc.o
[ 34%] Building CXX object storage/perfschema/CMakeFiles/perfschema.dir/pfs_buffer_container.cc.o
[ 34%] Building CXX object sql/server_component/CMakeFiles/mysql_server_component_services.dir/log_sink_buffer.cc.o
[ 34%] Building CXX object storage/perfschema/CMakeFiles/perfschema.dir/pfs_defaults.cc.o
[ 34%] Building CXX object storage/perfschema/CMakeFiles/perfschema.dir/pfs_con_slice.cc.o
[ 34%] Linking CXX shared module ../../plugin_output_directory/mysql_clone.so
[ 34%] Built target auth_test_plugin
[ 34%] Building CXX object storage/perfschema/CMakeFiles/perfschema.dir/pfs_engine_table.cc.o
[ 34%] Building CXX object storage/myisammrg/CMakeFiles/myisammrg.dir/myrg_rprev.cc.o
[ 34%] Building CXX object storage/myisammrg/CMakeFiles/myisammrg.dir/myrg_rnext.cc.o
[ 34%] Building CXX object sql/server_component/CMakeFiles/mysql_server_component_services.dir/log_sink_perfschema.cc.o
[ 34%] Building CXX object storage/perfschema/CMakeFiles/perfschema.dir/pfs_digest.cc.o
[ 34%] Building CXX object storage/perfschema/CMakeFiles/perfschema.dir/pfs_events_stages.cc.o
[ 34%] Linking CXX static library ../../../../archive_output_directory/libmysql_binlog_event.a
[ 34%] Building CXX object storage/perfschema/CMakeFiles/perfschema.dir/pfs_events_statements.cc.o
[ 34%] Building CXX object storage/heap/CMakeFiles/heap_library.dir/_check.cc.o
[ 34%] Building CXX object storage/perfschema/CMakeFiles/perfschema.dir/pfs_error.cc.o
[ 34%] Building CXX object plugin/auth_ldap/CMakeFiles/authentication_ldap_simple.dir/src/connection.cc.o
[ 34%] Building CXX object storage/myisammrg/CMakeFiles/myisammrg.dir/myrg_rlast.cc.o
[ 34%] Building CXX object storage/myisam/CMakeFiles/myisam_library.dir/mi_delete.cc.o
[ 34%] Building CXX object sql/server_component/CMakeFiles/mysql_server_component_services.dir/log_sink_trad.cc.o
[ 34%] Building CXX object storage/heap/CMakeFiles/heap_library.dir/hp_write.cc.o
[ 34%] Building CXX object storage/myisam/CMakeFiles/myisam_library.dir/mi_extra.cc.o
[ 34%] Building CXX object components/libminchassis/CMakeFiles/minchassis.dir/rwlock_scoped_lock.cc.o
[ 34%] Building CXX object storage/myisam/CMakeFiles/myisam_library.dir/mi_dynrec.cc.o
[ 34%] Linking CXX shared module ../../plugin_output_directory/libtest_sql_all_col_types.so
[ 34%] Linking CXX shared module ../../plugin_output_directory/libtest_sql_2_sessions.so
[ 34%] Building CXX object storage/perfschema/CMakeFiles/perfschema.dir/pfs_events_transactions.cc.o
[ 34%] Building CXX object storage/myisam/CMakeFiles/myisam_library.dir/mi_dbug.cc.o
[ 34%] Linking CXX shared module ../../plugin_output_directory/libtest_sql_shutdown.so
[ 34%] Building CXX object components/libminchassis/CMakeFiles/minchassis.dir/registry_no_lock.cc.o
[ 35%] Building CXX object components/libminchassis/CMakeFiles/minchassis.dir/registry.cc.o
[ 35%] Linking CXX static library libtemptable.a
[ 35%] Linking CXX static library libinnodb_zipdecompress.a
[ 35%] Building CXX object storage/perfschema/CMakeFiles/perfschema.dir/pfs_events_waits.cc.o
[ 35%] Building CXX object storage/myisammrg/CMakeFiles/myisammrg.dir/myrg_static.cc.o
[ 35%] Building CXX object storage/myisammrg/CMakeFiles/myisammrg.dir/myrg_rrnd.cc.o
[ 35%] Linking CXX shared module ../../plugin_output_directory/libtest_sql_cmds_1.so
[ 35%] Building CXX object sql/server_component/CMakeFiles/mysql_server_component_services.dir/mysql_cond_service.cc.o
[ 35%] Linking CXX shared module ../../plugin_output_directory/libtest_sql_processlist.so
[ 35%] Building CXX object storage/myisam/CMakeFiles/myisam_library.dir/mi_key.cc.o
[ 35%] Building CXX object storage/myisam/CMakeFiles/myisam_library.dir/mi_info.cc.o
[ 35%] Building CXX object sql/server_component/CMakeFiles/mysql_server_component_services.dir/log_source_backtrace.cc.o
[ 35%] Building CXX object plugin/test_service_sql_api/CMakeFiles/test_sql_commit.dir/test_sql_commit.cc.o
[ 35%] Building CXX object plugin/test_service_sql_api/CMakeFiles/test_sql_views_triggers.dir/test_sql_views_triggers.cc.o
[ 35%] Building CXX object storage/myisammrg/CMakeFiles/myisammrg.dir/myrg_update.cc.o
[ 35%] Building CXX object plugin/test_service_sql_api/CMakeFiles/test_sql_stored_procedures_functions.dir/test_sql_stored_procedures_functions.cc.o
[ 35%] Building CXX object plugin/test_service_sql_api/CMakeFiles/test_sql_lock.dir/test_sql_lock.cc.o
[ 35%] Built target daemon_example
[ 35%] Built target installed_headers
[ 35%] Building CXX object storage/perfschema/CMakeFiles/perfschema.dir/pfs_global.cc.o
[ 35%] Built target icui18n
[ 35%] Building CXX object sql/server_component/CMakeFiles/mysql_server_component_services.dir/mysql_connection_attributes_iterator_imp.cc.o
[ 35%] Building CXX object storage/perfschema/CMakeFiles/perfschema.dir/pfs_histogram.cc.o
[ 35%] Built target clientlib_objlib
[ 35%] Building CXX object sql/server_component/CMakeFiles/mysql_server_component_services.dir/mysql_current_thread_reader_imp.cc.o
[ 35%] Building CXX object storage/myisammrg/CMakeFiles/myisammrg.dir/myrg_write.cc.o
[ 35%] Building CXX object storage/myisam/CMakeFiles/myisam_library.dir/mi_locking.cc.o
[ 35%] Building CXX object storage/myisam/CMakeFiles/myisam_library.dir/mi_keycache.cc.o
[ 35%] Building CXX object plugin/test_service_sql_api/CMakeFiles/test_sql_replication.dir/test_sql_replication.cc.o
[ 35%] Building CXX object sql/server_component/CMakeFiles/mysql_server_component_services.dir/mysql_global_variable_attributes_service_imp.cc.o
[ 35%] Building CXX object storage/perfschema/CMakeFiles/perfschema.dir/pfs_host.cc.o
[ 35%] Linking CXX shared module ../../plugin_output_directory/authentication_ldap_sasl.so
[ 35%] Built target library_mysys
[ 35%] Built target test_x_sessions_init
[ 36%] Building CXX object plugin/test_service_sql_api/CMakeFiles/test_sql_sqlmode.dir/test_sql_sqlmode.cc.o
[ 36%] Building CXX object plugin/test_service_sql_api/CMakeFiles/test_sql_errors.dir/test_sql_errors.cc.o
[ 36%] Building CXX object sql/server_component/CMakeFiles/mysql_server_component_services.dir/mysql_mutex_service.cc.o
[ 36%] Linking CXX shared module ../../plugin_output_directory/libtest_sql_sleep_is_connected.so
[ 36%] Building CXX object storage/myisam/CMakeFiles/myisam_library.dir/mi_open.cc.o
[ 36%] Building CXX object storage/myisam/CMakeFiles/myisam_library.dir/mi_packrec.cc.o
[ 36%] Building CXX object storage/perfschema/CMakeFiles/perfschema.dir/pfs_instr_class.cc.o
[ 36%] Building CXX object storage/perfschema/CMakeFiles/perfschema.dir/pfs_instr.cc.o
[ 36%] Building CXX object storage/perfschema/CMakeFiles/perfschema.dir/pfs_memory.cc.o
[ 36%] Building CXX object storage/myisam/CMakeFiles/myisam_library.dir/mi_log.cc.o
[ 36%] Building CXX object storage/myisam/CMakeFiles/myisam_library.dir/mi_page.cc.o
[ 36%] Building CXX object storage/heap/CMakeFiles/heap_library.dir/hp_update.cc.o
[ 36%] Building CXX object storage/myisam/CMakeFiles/myisam_library.dir/mi_panic.cc.o
[ 36%] Building CXX object storage/perfschema/CMakeFiles/perfschema.dir/pfs_metrics_service_imp.cc.o
[ 36%] Building CXX object storage/myisam/CMakeFiles/myisam_library.dir/mi_preload.cc.o
[ 36%] Building CXX object storage/myisam/CMakeFiles/myisam_library.dir/mi_range.cc.o
[ 36%] Building CXX object storage/myisam/CMakeFiles/myisam_library.dir/mi_rename.cc.o
[ 36%] Built target example
[ 36%] Building CXX object sql/server_component/CMakeFiles/mysql_server_component_services.dir/mysql_runtime_error.cc.o
[ 36%] Building CXX object storage/perfschema/CMakeFiles/perfschema.dir/pfs_name.cc.o
[ 36%] Building CXX object storage/myisam/CMakeFiles/myisam_library.dir/mi_rfirst.cc.o
[ 36%] Building CXX object storage/perfschema/CMakeFiles/perfschema.dir/pfs_prepared_stmt.cc.o
[ 36%] Building CXX object storage/perfschema/CMakeFiles/perfschema.dir/pfs_plugin_table.cc.o
[ 36%] Building CXX object plugin/test_service_sql_api/CMakeFiles/test_sql_stmt.dir/test_sql_stmt.cc.o
[ 36%] Building CXX object storage/perfschema/CMakeFiles/perfschema.dir/pfs_server.cc.o
[ 36%] Building CXX object plugin/test_services/CMakeFiles/test_framework.dir/test_framework.cc.o
[ 36%] Building CXX object storage/myisam/CMakeFiles/myisam_library.dir/mi_rkey.cc.o
[ 36%] Linking CXX shared module ../../plugin_output_directory/authentication_ldap_simple.so
[ 36%] Building CXX object storage/myisam/CMakeFiles/myisam_library.dir/mi_rnext.cc.o
[ 36%] Building CXX object storage/perfschema/CMakeFiles/perfschema.dir/pfs_setup_object.cc.o
[ 36%] Building CXX object storage/perfschema/CMakeFiles/perfschema.dir/pfs_program.cc.o
[ 36%] Building CXX object plugin/test_service_sql_api/CMakeFiles/test_sql_reset_connection.dir/test_sql_reset_connection.cc.o
[ 36%] Building CXX object sql/server_component/CMakeFiles/mysql_server_component_services.dir/mysql_timestamp_imp.cc.o
[ 36%] Linking CXX shared module ../../plugin_output_directory/libtest_sql_views_triggers.so
[ 36%] Building CXX object storage/perfschema/CMakeFiles/perfschema.dir/pfs_setup_actor.cc.o
[ 36%] Building CXX object storage/myisam/CMakeFiles/myisam_library.dir/mi_rlast.cc.o
[ 36%] Building CXX object components/libminchassis/CMakeFiles/minchassis.dir/my_ref_counted.cc.o
[ 36%] Building CXX object sql/server_component/CMakeFiles/mysql_server_component_services.dir/mysql_runtime_warning.cc.o
[ 36%] Linking CXX shared module ../../plugin_output_directory/libtest_sql_commit.so
[ 36%] Built target keyring_udf
[ 36%] Building CXX object plugin/test_services/CMakeFiles/test_services_thread.dir/test_services_threaded.cc.o
[ 36%] Linking CXX shared module ../../plugin_output_directory/libtest_sql_lock.so
[ 36%] Building CXX object storage/perfschema/CMakeFiles/perfschema.dir/pfs_status.cc.o
[ 36%] Building CXX object sql/server_component/CMakeFiles/mysql_server_component_services.dir/mysql_psi_system_service.cc.o
[ 36%] Building CXX object sql/server_component/CMakeFiles/mysql_server_component_services.dir/mysql_rwlock_service.cc.o
[ 36%] Building CXX object plugin/test_services/CMakeFiles/test_services.dir/test_services.cc.o
[ 36%] Built target procfs
[ 36%] Building CXX object plugin/test_services/CMakeFiles/test_services_command_services.dir/test_services_command_services.cc.o
[ 36%] Building CXX object storage/myisam/CMakeFiles/myisam_library.dir/mi_rprev.cc.o
[ 36%] Building CXX object plugin/test_services/CMakeFiles/test_services_plugin_registry.dir/test_services_plugin_registry.cc.o
[ 36%] Building CXX object storage/myisam/CMakeFiles/myisam_library.dir/mi_rnext_same.cc.o
[ 36%] Linking CXX shared module ../../plugin_output_directory/libtest_sql_stored_procedures_functions.so
[ 36%] Building CXX object plugin/test_services/CMakeFiles/test_services_host_application_signal.dir/test_services_host_application_signal.cc.o
[ 36%] Built target mock
[ 36%] Building CXX object plugin/x/tests/components/CMakeFiles/component_mysqlx_global_reset.dir/global_status_reset.cc.o
[ 36%] Building CXX object storage/perfschema/CMakeFiles/perfschema.dir/pfs_timer.cc.o
[ 36%] Building CXX object plugin/udf_services/CMakeFiles/test_udf_services.dir/test_udf_services.cc.o
[ 36%] Building CXX object sql/server_component/CMakeFiles/mysql_server_component_services.dir/ongoing_transaction_query_service.cc.o
[ 36%] Building CXX object plugin/test_udf_wrappers/CMakeFiles/test_udf_wrappers.dir/test_udf_wrappers.cc.o
[ 36%] Linking CXX shared module ../../plugin_output_directory/libtest_sql_sqlmode.so
[ 36%] Building CXX object sql/server_component/CMakeFiles/mysql_server_component_services.dir/persistent_dynamic_loader.cc.o
[ 36%] Building CXX object components/binlog_utils_udf/CMakeFiles/component_binlog_utils_udf.dir/binlog_utils_udf.cc.o
[ 36%] Building CXX object plugin/x/tests/components/CMakeFiles/component_mysqlx_global_reset.dir/test_emit_gr_notifications.cc.o
[ 36%] Building CXX object sql/server_component/CMakeFiles/mysql_server_component_services.dir/page_track_service.cc.o
[ 36%] Linking CXX static library libmyisammrg.a
[ 36%] Building CXX object sql/server_component/CMakeFiles/mysql_server_component_services.dir/mysql_server_runnable_imp.cc.o
[ 36%] Building CXX object sql/server_component/CMakeFiles/mysql_server_component_services.dir/mysql_string_service.cc.o
[ 36%] Linking CXX shared module ../../plugin_output_directory/libtest_sql_replication.so
[ 36%] Building CXX object components/audit_api_message_emit/CMakeFiles/component_audit_api_message_emit.dir/audit_api_message_emit.cc.o
[ 36%] Building CXX object sql/server_component/CMakeFiles/mysql_server_component_services.dir/plugin_registry_service.cc.o
[ 36%] Building CXX object sql/server_component/CMakeFiles/mysql_server_component_services.dir/security_context_imp.cc.o
[ 36%] Building CXX object components/audit_log_filter/CMakeFiles/component_audit_log_filter.dir/audit_log_filter.cc.o
[ 36%] Linking CXX shared module ../../plugin_output_directory/libtest_sql_errors.so
[ 36%] Linking CXX static library libheap_library.a
[ 36%] Building CXX object sql/server_component/CMakeFiles/mysql_server_component_services.dir/server_component.cc.o
[ 36%] Building CXX object storage/myisam/CMakeFiles/myisam_library.dir/mi_rrnd.cc.o
[ 36%] Building CXX object storage/myisam/CMakeFiles/myisam_library.dir/mi_rsame.cc.o
[ 36%] Building CXX object components/audit_log_filter/CMakeFiles/component_audit_log_filter.dir/audit_log_reader.cc.o
[ 36%] Building CXX object storage/myisam/CMakeFiles/myisam_library.dir/mi_rsamepos.cc.o
[ 36%] Building CXX object sql/server_component/CMakeFiles/mysql_server_component_services.dir/system_variable_source_imp.cc.o
[ 36%] Building CXX object components/audit_log_filter/CMakeFiles/component_audit_log_filter.dir/audit_filter.cc.o
[ 36%] Building CXX object plugin/udf_services/CMakeFiles/test_udf_services.dir/services_required.cc.o
[ 36%] Building CXX object components/classic_hashing/CMakeFiles/component_classic_hashing.dir/classic_hashing.cc.o
[ 36%] Building CXX object storage/myisam/CMakeFiles/myisam_library.dir/mi_scan.cc.o
[ 36%] Linking CXX shared module ../../plugin_output_directory/libtest_framework.so
[ 36%] Linking CXX shared module ../../plugin_output_directory/libtest_sql_stmt.so
[ 36%] Building CXX object plugin/udf_services/CMakeFiles/test_udf_services.dir/test_udf_extension.cc.o
[ 36%] Building CXX object sql/server_component/CMakeFiles/mysql_server_component_services.dir/thread_cleanup_register_imp.cc.o
[ 36%] Building CXX object storage/myisam/CMakeFiles/myisam_library.dir/mi_search.cc.o
[ 36%] Linking CXX static library libminchassis.a
[ 36%] Built target semisync_replica
[ 36%] Building CXX object sql/server_component/CMakeFiles/mysql_server_component_services.dir/table_access_service.cc.o
[ 36%] Building CXX object storage/perfschema/CMakeFiles/perfschema.dir/pfs_tls_channel.cc.o
[ 36%] Building CXX object components/audit_log_filter/CMakeFiles/component_audit_log_filter.dir/audit_keyring.cc.o
[ 36%] Building CXX object components/audit_log_filter/CMakeFiles/component_audit_log_filter.dir/audit_rule.cc.o
[ 36%] Linking CXX shared module ../../plugin_output_directory/libtest_sql_reset_connection.so
[ 36%] Building CXX object components/audit_log_filter/CMakeFiles/component_audit_log_filter.dir/audit_record.cc.o
[ 36%] Linking CXX shared module ../../plugin_output_directory/test_services_command_services.so
[ 36%] Building CXX object components/audit_log_filter/CMakeFiles/component_audit_log_filter.dir/audit_rule_registry.cc.o
[ 36%] Building CXX object components/audit_log_filter/CMakeFiles/component_audit_log_filter.dir/audit_rule_parser.cc.o
[ 36%] Linking CXX shared module ../../plugin_output_directory/test_services_plugin_registry.so
[ 36%] Linking CXX shared module ../../plugin_output_directory/libtest_services_threaded.so
[ 36%] Building CXX object components/audit_log_filter/CMakeFiles/component_audit_log_filter.dir/audit_encryption.cc.o
[ 36%] Built target pfs_example_plugin_employee
[ 36%] Building CXX object storage/perfschema/CMakeFiles/perfschema.dir/pfs_variable.cc.o
[ 36%] Building CXX object components/audit_log_filter/CMakeFiles/component_audit_log_filter.dir/audit_psi_info.cc.o
[ 36%] Building CXX object components/encryption_udf/CMakeFiles/component_encryption_udf.dir/encryption_udf_component.cc.o
[ 36%] Building CXX object storage/myisam/CMakeFiles/myisam_library.dir/mi_static.cc.o
[ 36%] Linking CXX shared module ../../plugin_output_directory/libtest_services.so
[ 37%] Building CXX object storage/perfschema/CMakeFiles/perfschema.dir/pfs_user.cc.o
[ 37%] Linking CXX shared module ../../plugin_output_directory/test_udf_wrappers.so
[ 37%] Building CXX object sql/server_component/CMakeFiles/mysql_server_component_services.dir/audit_api_connection_service_imp.cc.o
[ 37%] Building CXX object components/audit_log_filter/CMakeFiles/component_audit_log_filter.dir/audit_udf.cc.o
[ 37%] Building CXX object components/audit_log_filter/CMakeFiles/component_audit_log_filter.dir/component_registry_service.cc.o
[ 37%] Linking CXX shared module ../../../../plugin_output_directory/component_mysqlx_global_reset.so
[ 37%] Building CXX object sql/server_component/CMakeFiles/mysql_server_component_services.dir/udf_metadata_imp.cc.o
[ 37%] Linking CXX shared module ../../plugin_output_directory/test_services_host_application_signal.so
[ 37%] Building CXX object components/connection_control/CMakeFiles/component_connection_control.dir/connection_control_coordinator.cc.o
[ 37%] Building CXX object components/example/CMakeFiles/component_example_component1.dir/english_greeting_service_imp.cc.o
[ 37%] Building CXX object components/example/CMakeFiles/component_example_component3.dir/example_component3.cc.o
[ 37%] Building CXX object storage/perfschema/CMakeFiles/perfschema.dir/pfs_visitor.cc.o
[ 37%] Linking CXX shared module ../../plugin_output_directory/component_audit_api_message_emit.so
[ 37%] Building CXX object storage/perfschema/CMakeFiles/perfschema.dir/mysql_server_telemetry_logs_service_imp.cc.o
[ 37%] Building CXX object storage/myisam/CMakeFiles/myisam_library.dir/mi_statrec.cc.o
[ 37%] Building CXX object components/audit_log_filter/CMakeFiles/component_audit_log_filter.dir/sys_vars.cc.o
[ 37%] Building CXX object sql/server_component/CMakeFiles/mysql_server_component_services.dir/mysql_query_attributes_imp.cc.o
[ 37%] Built target rewriter
[ 37%] Building CXX object components/example/CMakeFiles/component_example_component1.dir/example_component1.cc.o
[ 37%] Linking CXX shared module ../../plugin_output_directory/component_classic_hashing.so
[ 37%] Building CXX object sql/server_component/CMakeFiles/mysql_server_component_services.dir/mysql_server_keyring_lockable_imp.cc.o
[ 37%] Building CXX object components/example/CMakeFiles/component_test_string_service.dir/test_string_service.cc.o
[ 37%] Built target replication_observers_example
[ 37%] Linking CXX shared module ../../plugin_output_directory/component_binlog_utils_udf.so
[ 37%] Building CXX object plugin/group_replication/libmysqlgcs/CMakeFiles/mysqlgcs.dir/src/bindings/xcom/xcom/pax_msg.cc.o
[ 37%] Building CXX object components/example/CMakeFiles/component_example_component2.dir/example_component2.cc.o
[ 37%] Building CXX object plugin/udf_services/CMakeFiles/test_udf_services.dir/udf_extension_test_functions.cc.o
[ 37%] Building CXX object sql/server_component/CMakeFiles/mysql_server_component_services.dir/mysql_system_variable_update_imp.cc.o
[ 37%] Building CXX object storage/myisam/CMakeFiles/myisam_library.dir/mi_unique.cc.o
[ 37%] Built target test_sql_all_col_types
[ 37%] Building CXX object components/audit_log_filter/CMakeFiles/component_audit_log_filter.dir/audit_table/base.cc.o
[ 37%] Building CXX object plugin/group_replication/libmysqlgcs/CMakeFiles/mysqlgcs.dir/src/bindings/xcom/xcom/xcom_base.cc.o
[ 37%] Building CXX object components/connection_control/CMakeFiles/component_connection_control.dir/connection_control.cc.o
[ 37%] Building CXX object storage/perfschema/CMakeFiles/perfschema.dir/mysql_server_telemetry_logs_client_service_imp.cc.o
[ 37%] Building CXX object components/example/CMakeFiles/component_test_string_service_long.dir/test_string_service_long.cc.o
[ 37%] Building CXX object components/example/CMakeFiles/component_example_component2.dir/polish_greeting_service_imp.cc.o
[ 37%] Building CXX object components/connection_control/CMakeFiles/component_connection_control.dir/security_context_wrapper.cc.o
[ 37%] Building CXX object components/audit_log_filter/CMakeFiles/component_audit_log_filter.dir/audit_table/audit_log_filter.cc.o
[ 37%] Built target test_sql_shutdown
[ 37%] Building CXX object components/connection_control/CMakeFiles/component_connection_control.dir/connection_delay.cc.o
[ 37%] Building CXX object storage/myisam/CMakeFiles/myisam_library.dir/rt_index.cc.o
[ 37%] Building CXX object storage/myisam/CMakeFiles/myisam_library.dir/mi_write.cc.o
[ 37%] Building CXX object sql/server_component/CMakeFiles/mysql_server_component_services.dir/mysql_thd_attributes_imp.cc.o
[ 37%] Building CXX object plugin/group_replication/libmysqlgcs/CMakeFiles/mysqlgcs.dir/src/bindings/xcom/xcom/xcom_vp_str.cc.o
[ 37%] Building CXX object plugin/group_replication/libmysqlgcs/CMakeFiles/mysqlgcs.dir/src/bindings/xcom/xcom/xcom_cfg.cc.o
[ 37%] Building CXX object components/audit_log_filter/CMakeFiles/component_audit_log_filter.dir/audit_table/audit_log_user.cc.o
[ 37%] Building CXX object sql/server_component/CMakeFiles/mysql_server_component_services.dir/mysql_system_variable_reader_imp.cc.o
[ 37%] Building CXX object storage/myisam/CMakeFiles/myisam_library.dir/mi_update.cc.o
[ 37%] Building CXX object components/example/CMakeFiles/component_test_string_service_charset.dir/test_string_service_charset.cc.o
[ 37%] Built target test_sql_processlist
[ 37%] Building CXX object plugin/group_replication/libmysqlgcs/CMakeFiles/mysqlgcs.dir/src/bindings/xcom/xcom/xcom_memory.cc.o
[ 37%] Building CXX object sql/server_component/CMakeFiles/mysql_server_component_services.dir/transaction_delegate_control_imp.cc.o
[ 37%] Building CXX object components/encryption_udf/CMakeFiles/component_encryption_udf.dir/server_helpers.cc.o
[ 37%] Building CXX object components/audit_log_filter/CMakeFiles/component_audit_log_filter.dir/log_file_timestamp.cc.o
[ 37%] Building CXX object storage/perfschema/CMakeFiles/perfschema.dir/mysql_server_telemetry_metrics_service_imp.cc.o
[ 37%] Building CXX object components/example/CMakeFiles/component_example_component3.dir/example_math_wrapping_imp.cc.o
[ 37%] Building CXX object storage/perfschema/CMakeFiles/perfschema.dir/mysql_server_telemetry_traces_service_imp.cc.o
[ 38%] Building CXX object storage/myisam/CMakeFiles/myisam_library.dir/rt_key.cc.o
[ 38%] Building CXX object plugin/group_replication/libmysqlgcs/CMakeFiles/mysqlgcs.dir/src/bindings/xcom/xcom/xcom_transport.cc.o
[ 38%] Building CXX object storage/perfschema/CMakeFiles/perfschema.dir/service_pfs_resource_group.cc.o
[ 38%] Building CXX object components/audit_log_filter/CMakeFiles/component_audit_log_filter.dir/log_record_formatter/base.cc.o
[ 38%] Built target ddl_rewriter
[ 38%] Building CXX object components/example/CMakeFiles/component_test_backup_lock_service.dir/test_backup_lock_service.cc.o
[ 38%] Building CXX object components/audit_log_filter/CMakeFiles/component_audit_log_filter.dir/log_record_formatter.cc.o
[ 38%] Building CXX object sql/server_component/CMakeFiles/mysql_server_component_services.dir/mysql_audit_print_service_longlong_data_source_imp.cc.o
[ 38%] Building CXX object storage/perfschema/CMakeFiles/perfschema.dir/service_pfs_notification.cc.o
[ 38%] Building CXX object components/example/CMakeFiles/component_example_component1.dir/simple_example_math_imp.cc.o
[ 38%] Linking CXX shared module ../../plugin_output_directory/component_test_string_service.so
[ 38%] Building CXX object components/audit_log_filter/CMakeFiles/component_audit_log_filter.dir/log_record_formatter/new.cc.o
[ 38%] Building CXX object plugin/group_replication/libmysqlgcs/CMakeFiles/mysqlgcs.dir/src/bindings/xcom/xcom/xcom_msg_queue.cc.o
[ 38%] Linking CXX shared module ../../plugin_output_directory/component_example_component2.so
[ 38%] Building CXX object plugin/group_replication/libmysqlgcs/CMakeFiles/mysqlgcs.dir/src/bindings/xcom/xcom/node_address.cc.o
[ 38%] Building CXX object plugin/group_replication/libmysqlgcs/CMakeFiles/mysqlgcs.dir/src/bindings/xcom/xcom/xcom_cache.cc.o
[ 38%] Building CXX object storage/perfschema/CMakeFiles/perfschema.dir/table_accounts.cc.o
[ 38%] Built target semisync_source
[ 38%] Built target test_sql_complex
[ 38%] Built target test_sql_2_sessions
[ 38%] Linking CXX shared module ../../plugin_output_directory/component_test_string_service_long.so
[ 38%] Building CXX object components/group_replication_flow_control_stats/CMakeFiles/component_group_replication_flow_control_stats.dir/group_replication_flow_control_stats.cc.o
[ 38%] Built target authentication_openid_connect_client
[ 38%] Building CXX object components/group_replication_resource_manager/CMakeFiles/component_group_replication_resource_manager.dir/resource_manager.cc.o
[ 38%] Building CXX object storage/perfschema/CMakeFiles/perfschema.dir/table_all_instr.cc.o
[ 38%] Linking CXX shared module ../../plugin_output_directory/test_udf_services.so
[ 38%] Building CXX object components/group_replication_elect_prefers_most_updated/CMakeFiles/component_group_replication_elect_prefers_most_updated.dir/group_replication_elect_prefers_most_updated.cc.o
[ 38%] Building CXX object plugin/group_replication/libmysqlgcs/CMakeFiles/mysqlgcs.dir/src/bindings/xcom/xcom/xcom_statistics.cc.o
[ 38%] Building CXX object components/audit_log_filter/CMakeFiles/component_audit_log_filter.dir/log_record_formatter/json.cc.o
[ 38%] Building CXX object plugin/group_replication/libmysqlgcs/CMakeFiles/mysqlgcs.dir/src/bindings/xcom/xcom/app_data.cc.o
[ 38%] Building CXX object storage/myisam/CMakeFiles/myisam_library.dir/rt_mbr.cc.o
[ 38%] Building CXX object sql/server_component/CMakeFiles/mysql_server_component_services.dir/mysql_audit_print_service_double_data_source_imp.cc.o
[ 38%] Building CXX object storage/myisam/CMakeFiles/myisam_library.dir/sort.cc.o
[ 38%] Built target test_sql_commit
[ 38%] Building CXX object components/audit_log_filter/CMakeFiles/component_audit_log_filter.dir/log_writer.cc.o
[ 38%] Building CXX object components/group_replication_resource_manager/CMakeFiles/component_group_replication_resource_manager.dir/resource_manager_memory_stats.cc.o
[ 38%] Building CXX object storage/myisam/CMakeFiles/myisam_library.dir/sp_key.cc.o
[ 38%] Built target test_sql_cmds_1
[ 38%] Built target clone
[ 38%] Building CXX object components/connection_control/CMakeFiles/component_connection_control.dir/connection_control_pfs_table.cc.o
[ 38%] Linking CXX shared module ../../plugin_output_directory/component_example_component3.so
[ 38%] Building CXX object components/keyrings/common/CMakeFiles/keyring_common_objlib.dir/component_helpers/src/keyring_log_builtins_definition.cc.o
[ 38%] Building CXX object components/group_replication_resource_manager/CMakeFiles/component_group_replication_resource_manager.dir/resource_manager_channel_lag.cc.o
[ 38%] Building CXX object storage/myisam/CMakeFiles/myisam_library.dir/rt_split.cc.o
[ 38%] Building CXX object sql/server_component/CMakeFiles/mysql_server_component_services.dir/mysql_command_consumer_imp.cc.o
[ 38%] Building CXX object components/keyrings/common/CMakeFiles/keyring_common_objlib.dir/data/meta.cc.o
[ 38%] Building CXX object components/group_replication_resource_manager/CMakeFiles/component_group_replication_resource_manager.dir/resource_manager_stats_collector.cc.o
[ 38%] Building CXX object components/keyrings/common/CMakeFiles/keyring_common_objlib.dir/data/data.cc.o
[ 38%] Building CXX object sql/server_component/CMakeFiles/mysql_server_component_services.dir/mysql_command_services_imp.cc.o
[ 38%] Building CXX object sql/server_component/CMakeFiles/mysql_server_component_services.dir/mysql_command_delegates.cc.o
[ 38%] Building CXX object components/group_replication_resource_manager/CMakeFiles/component_group_replication_resource_manager.dir/resource_manager_query.cc.o
[ 38%] Building CXX object plugin/group_replication/libmysqlgcs/CMakeFiles/mysqlgcs.dir/src/bindings/xcom/xcom/xcom_recover.cc.o
[ 38%] Building CXX object plugin/group_replication/libmysqlgcs/CMakeFiles/mysqlgcs.dir/src/bindings/xcom/xcom/site_def.cc.o
[ 38%] Linking CXX shared module ../../plugin_output_directory/component_test_string_service_charset.so
[ 38%] Linking CXX shared module ../../plugin_output_directory/component_example_component1.so
[ 38%] Linking CXX shared module ../../plugin_output_directory/component_encryption_udf.so
[ 38%] Built target test_sql_stored_procedures_functions
[ 38%] Linking CXX shared module ../../plugin_output_directory/component_test_backup_lock_service.so
[ 38%] Building CXX object components/logging/CMakeFiles/component_log_filter_dragnet.dir/log_filter_dragnet.cc.o
[ 38%] Building CXX object components/logging/CMakeFiles/component_log_sink_syseventlog.dir/log_sink_syseventlog.cc.o
[ 38%] Building CXX object components/keyrings/common/CMakeFiles/keyring_common_objlib.dir/data_file/writer.cc.o
[ 38%] Building CXX object components/keyrings/common/CMakeFiles/keyring_common_objlib.dir/data_file/reader.cc.o
[ 38%] Building CXX object components/group_replication_resource_manager/CMakeFiles/component_group_replication_resource_manager.dir/resource_manager_procfs.cc.o
[ 38%] Building CXX object components/logging/CMakeFiles/component_log_sink_test.dir/log_sink_test.cc.o
[ 38%] Building CXX object components/masking_functions/CMakeFiles/component_masking_functions.dir/src/component.cpp.o
[ 38%] Built target test_sql_sleep_is_connected
[ 38%] Building CXX object components/logging/CMakeFiles/component_log_sink_json.dir/log_sink_json.cc.o
[ 38%] Building CXX object components/keyrings/common/CMakeFiles/keyring_common_objlib.dir/json_data/json_writer.cc.o
[ 38%] Linking CXX shared module ../../plugin_output_directory/component_group_replication_flow_control_stats.so
[ 38%] Building CXX object storage/perfschema/CMakeFiles/perfschema.dir/table_data_locks.cc.o
[ 38%] Building CXX object components/keyrings/common/CMakeFiles/keyring_common_objlib.dir/encryption/aes.cc.o
[ 38%] Building CXX object components/audit_log_filter/CMakeFiles/component_audit_log_filter.dir/log_writer/base.cc.o
[ 38%] Building CXX object components/keyrings/common/CMakeFiles/keyring_common_objlib.dir/json_data/json_reader.cc.o
[ 38%] Building CXX object plugin/group_replication/libmysqlgcs/CMakeFiles/mysqlgcs.dir/src/bindings/xcom/xcom/task.cc.o
[ 38%] Building CXX object components/keyrings/common/CMakeFiles/keyring_common_objlib.dir/utils/utils.cc.o
[ 38%] Building CXX object components/mysqlbackup/CMakeFiles/component_mysqlbackup.dir/mysqlbackup.cc.o
[ 38%] Built target test_framework
[ 38%] Building CXX object storage/perfschema/CMakeFiles/perfschema.dir/table_binary_log_transaction_compression_stats.cc.o
[ 38%] Building CXX object storage/perfschema/CMakeFiles/perfschema.dir/table_data_lock_waits.cc.o
[ 39%] Linking CXX shared module ../../plugin_output_directory/component_group_replication_elect_prefers_most_updated.so
[ 39%] Building CXX object components/group_replication_resource_manager/CMakeFiles/component_group_replication_resource_manager.dir/resource_manager_variables.cc.o
[ 39%] Built target heap_library
[ 39%] Building CXX object components/masking_functions/CMakeFiles/component_masking_functions.dir/src/masking_functions/bookshelf.cpp.o
[ 39%] Building CXX object sql/server_component/CMakeFiles/mysql_server_component_services.dir/storing_auto_thd.cc.o
[ 39%] Building CXX object sql/server_component/CMakeFiles/mysql_server_component_services.dir/mysql_server_event_tracking_bridge_imp.cc.o
[ 39%] Building CXX object components/masking_functions/CMakeFiles/component_masking_functions.dir/src/masking_functions/charset_string.cpp.o
[ 39%] Building CXX object sql/server_component/CMakeFiles/mysql_server_component_services.dir/mysql_status_variable_reader_imp.cc.o
[ 39%] Building CXX object plugin/group_replication/libmysqlgcs/CMakeFiles/mysqlgcs.dir/src/bindings/xcom/xcom/bitset.cc.o
[ 40%] Building CXX object sql/server_component/CMakeFiles/mysql_server_component_services.dir/set_variables_helper.cc.o
[ 40%] Building CXX object sql/server_component/CMakeFiles/mysql_server_component_services.dir/dynamic_loader_service_notification_imp.cc.o
[ 40%] Building CXX object components/masking_functions/CMakeFiles/component_masking_functions.dir/src/masking_functions/default_sql_context_builder.cpp.o
[ 40%] Building CXX object components/masking_functions/CMakeFiles/component_masking_functions.dir/src/masking_functions/charset_string_operations.cpp.o
[ 40%] Built target test_sql_views_triggers
[ 40%] Building CXX object components/audit_log_filter/CMakeFiles/component_audit_log_filter.dir/log_writer/syslog.cc.o
[ 40%] Built target test_sql_lock
[ 40%] Building CXX object components/percona_udf/CMakeFiles/component_percona_udf.dir/percona_udf.cc.o
[ 40%] Building CXX object plugin/group_replication/libmysqlgcs/CMakeFiles/mysqlgcs.dir/src/bindings/xcom/xcom/simset.cc.o
[ 40%] Building CXX object components/connection_control/CMakeFiles/component_connection_control.dir/option_usage.cc.o
[ 40%] Building CXX object storage/perfschema/CMakeFiles/perfschema.dir/table_ees_by_host_by_error.cc.o
[ 40%] Building CXX object components/audit_log_filter/CMakeFiles/component_audit_log_filter.dir/log_writer/file.cc.o
[ 40%] Building CXX object components/percona_udf/CMakeFiles/component_percona_udf.dir/fnv1a_udf.cc.o
[ 40%] Building CXX object storage/perfschema/CMakeFiles/perfschema.dir/table_ees_by_account_by_error.cc.o
[ 40%] Built target myisammrg
[ 40%] Building CXX object components/pfs_component/CMakeFiles/component_pfs_example_component_population.dir/pfs_example_component_population.cc.o
[ 40%] Built target test_services_thread
[ 40%] Building CXX object components/pfs_example/CMakeFiles/component_pfs_example.dir/pfs_example.cc.o
[ 40%] Building CXX object plugin/group_replication/libmysqlgcs/CMakeFiles/mysqlgcs.dir/src/bindings/xcom/xcom/node_set.cc.o
[ 40%] Building CXX object components/query_attributes/CMakeFiles/component_query_attributes.dir/query_attributes.cc.o
[ 40%] Building CXX object sql/server_component/CMakeFiles/mysql_server_component_services.dir/mysql_stored_program_imp.cc.o
[ 40%] Building CXX object plugin/group_replication/libmysqlgcs/CMakeFiles/mysqlgcs.dir/src/bindings/xcom/xcom/xcom_interface.cc.o
[ 40%] Built target test_sql_stmt
[ 40%] Building CXX object plugin/group_replication/libmysqlgcs/CMakeFiles/mysqlgcs.dir/src/bindings/xcom/xcom/node_list.cc.o
[ 40%] Linking CXX static library libmyisam_library.a
[ 40%] Building CXX object sql/server_component/CMakeFiles/mysql_server_component_services.dir/event_tracking_information.cc.o
[ 40%] Linking CXX shared module ../../plugin_output_directory/component_log_sink_syseventlog.so
[ 40%] Building CXX object sql/server_component/CMakeFiles/mysql_server_component_services.dir/mysql_thd_store_imp.cc.o
[ 40%] Building CXX object sql/server_component/CMakeFiles/mysql_server_component_services.dir/mysql_command_backend.cc.o
[ 40%] Linking CXX shared module ../../plugin_output_directory/component_log_filter_dragnet.so
[ 40%] Built target test_sql_sqlmode
[ 40%] Building CXX object components/masking_functions/CMakeFiles/component_masking_functions.dir/src/masking_functions/dictionary.cpp.o
[ 40%] Building CXX object storage/perfschema/CMakeFiles/perfschema.dir/table_ees_by_user_by_error.cc.o
[ 40%] Building CXX object components/reference_cache/CMakeFiles/component_reference_cache.dir/component.cc.o
[ 40%] Built target innodb_zipdecompress
[ 40%] Building CXX object storage/perfschema/CMakeFiles/perfschema.dir/table_ees_by_thread_by_error.cc.o
[ 40%] Linking CXX shared module ../../plugin_output_directory/component_log_sink_test.so
[ 40%] Built target component_example_component2
[ 40%] Building CXX object components/reference_cache/CMakeFiles/component_reference_cache.dir/channel.cc.o
[ 40%] Building CXX object plugin/group_replication/libmysqlgcs/CMakeFiles/mysqlgcs.dir/src/bindings/xcom/xcom/task_debug.cc.o
[ 40%] Building CXX object plugin/group_replication/libmysqlgcs/CMakeFiles/mysqlgcs.dir/src/bindings/xcom/xcom/sock_probe.cc.o
[ 40%] Built target component_test_string_service
[ 40%] Built target test_services_host_application_signal
[ 40%] Built target test_sql_replication
[ 40%] Building CXX object components/test/CMakeFiles/component_test_udf_registration.dir/test_udf_registration.cc.o
[ 40%] Linking CXX shared module ../../plugin_output_directory/component_log_sink_json.so
[ 40%] Linking CXX shared module ../../plugin_output_directory/component_group_replication_resource_manager.so
[ 40%] Building CXX object components/audit_log_filter/CMakeFiles/component_audit_log_filter.dir/log_writer/file_handle.cc.o
[ 40%] Built target test_sql_errors
[ 40%] Building CXX object components/audit_log_filter/CMakeFiles/component_audit_log_filter.dir/log_writer/file_name.cc.o
[ 40%] Building CXX object plugin/group_replication/libmysqlgcs/CMakeFiles/mysqlgcs.dir/src/bindings/xcom/xcom/task_net.cc.o
[ 40%] Building CXX object components/audit_log_filter/CMakeFiles/component_audit_log_filter.dir/log_writer/file_writer.cc.o
[ 40%] Building CXX object components/mysqlbackup/CMakeFiles/component_mysqlbackup.dir/backup_page_tracker.cc.o
[ 40%] Built target temptable
[ 40%] Building CXX object components/masking_functions/CMakeFiles/component_masking_functions.dir/src/masking_functions/dictionary_flusher_thread.cpp.o
[ 40%] Built target mysql_native_password
[ 40%] Building CXX object components/test/CMakeFiles/component_udf_reg_only_3_func.dir/udf_reg_only_3_func.cc.o
[ 40%] Built target test_services_command_services
[ 40%] Built target mysql_binlog_event
[ 40%] Building CXX object storage/perfschema/CMakeFiles/perfschema.dir/table_ees_global_by_error.cc.o
[ 40%] Built target test_services_plugin_registry
[ 40%] Building CXX object components/test/CMakeFiles/component_udf_reg_3_func.dir/udf_reg_3_func.cc.o
[ 40%] Building CXX object sql/server_component/CMakeFiles/mysql_server_component_services.dir/mysql_signal_handler_imp.cc.o
[ 40%] Building CXX object sql/server_component/CMakeFiles/mysql_server_component_services.dir/mysql_simple_error_log_imp.cc.o
[ 40%] Built target component_classic_hashing
[ 40%] Built target component_test_string_service_long
[ 40%] Building CXX object sql/server_component/CMakeFiles/mysql_server_component_services.dir/mysql_statement_service_imp.cc.o
[ 40%] Building CXX object components/audit_log_filter/CMakeFiles/component_audit_log_filter.dir/log_writer/file_writer_decorator_base.cc.o
[ 40%] Building CXX object components/masking_functions/CMakeFiles/component_masking_functions.dir/src/masking_functions/query_builder.cpp.o
[ 40%] Building CXX object components/reference_cache/CMakeFiles/component_reference_cache.dir/cache.cc.o
[ 40%] Built target test_udf_wrappers
[ 40%] Building CXX object components/audit_log_filter/CMakeFiles/component_audit_log_filter.dir/log_writer/file_writer_buffering.cc.o
[ 40%] Building CXX object components/replication_applier_metrics/CMakeFiles/component_replication_applier_metrics.dir/applier_metrics_pfs_table.cc.o
[ 40%] Building CXX object components/masking_functions/CMakeFiles/component_masking_functions.dir/src/masking_functions/term_cache.cpp.o
[ 40%] Building CXX object plugin/group_replication/libmysqlgcs/CMakeFiles/mysqlgcs.dir/src/bindings/xcom/xcom/synode_no.cc.o
[ 40%] Building CXX object sql/server_component/CMakeFiles/mysql_server_component_services.dir/applier_metrics_service_imp.cc.o
[ 40%] Building CXX object components/percona_udf/CMakeFiles/component_percona_udf.dir/murmur_udf.cc.o
[ 40%] Built target component_example_component1
[ 40%] Linking CXX shared module ../../plugin_output_directory/component_pfs_example.so
[ 40%] Building CXX object components/pfs_component/CMakeFiles/component_pfs_example_component_population.dir/pfs_example_continent.cc.o
[ 40%] Built target component_test_backup_lock_service
[ 40%] Building CXX object components/pfs_component/CMakeFiles/component_pfs_example_component_population.dir/pfs_example_country.cc.o
[ 40%] Linking CXX shared module ../../plugin_output_directory/component_query_attributes.so
[ 40%] Built target test_services
[ 40%] Building CXX object plugin/group_replication/libmysqlgcs/CMakeFiles/mysqlgcs.dir/src/bindings/xcom/xcom/xcom_detector.cc.o
[ 40%] Linking CXX shared module ../../plugin_output_directory/component_connection_control.so
[ 40%] Building CXX object storage/perfschema/CMakeFiles/perfschema.dir/table_esgs_by_account_by_event_name.cc.o
[ 40%] Building CXX object storage/perfschema/CMakeFiles/perfschema.dir/table_error_log.cc.o
[ 40%] Building CXX object components/replication_applier_metrics/CMakeFiles/component_replication_applier_metrics.dir/worker_metrics_pfs_table.cc.o
[ 40%] Building CXX object components/masking_functions/CMakeFiles/component_masking_functions.dir/src/masking_functions/registration_routines.cpp.o
[ 40%] Building CXX object components/masking_functions/CMakeFiles/component_masking_functions.dir/src/masking_functions/random_string_generators.cpp.o
[ 40%] Building CXX object components/test/CMakeFiles/component_udf_reg_int_func.dir/udf_reg_int_func.cc.o
[ 40%] Building CXX object storage/perfschema/CMakeFiles/perfschema.dir/table_esgs_by_thread_by_event_name.cc.o
[ 40%] Building CXX object storage/perfschema/CMakeFiles/perfschema.dir/table_esgs_by_user_by_event_name.cc.o
[ 40%] Building CXX object components/test/CMakeFiles/component_udf_unreg_3_func.dir/udf_unreg_3_func.cc.o
[ 40%] Building CXX object components/test/CMakeFiles/component_udf_reg_int_same_func.dir/udf_reg_int_same_func.cc.o
[ 40%] Built target authentication_ldap_sasl
[ 40%] Building CXX object plugin/group_replication/libmysqlgcs/CMakeFiles/mysqlgcs.dir/src/bindings/xcom/xcom/get_synode_app_data.cc.o
[ 40%] Building CXX object plugin/group_replication/libmysqlgcs/CMakeFiles/mysqlgcs.dir/src/bindings/xcom/xcom/xcom_input_request.cc.o
[ 40%] Building CXX object components/audit_log_filter/CMakeFiles/component_audit_log_filter.dir/log_writer/file_writer_encrypting.cc.o
[ 40%] Building CXX object components/audit_log_filter/CMakeFiles/component_audit_log_filter.dir/log_writer/file_writer_compressing.cc.o
[ 40%] Building CXX object storage/perfschema/CMakeFiles/perfschema.dir/table_esgs_by_host_by_event_name.cc.o
[ 40%] Building CXX object components/audit_log_filter/CMakeFiles/component_audit_log_filter.dir/json_reader/audit_json_handler.cc.o
[ 40%] Building CXX object plugin/group_replication/libmysqlgcs/CMakeFiles/mysqlgcs.dir/src/bindings/xcom/xcom/checked_data.cc.o
[ 40%] Built target keyring_common_objlib
[ 40%] Building CXX object components/test/CMakeFiles/component_udf_unreg_int_func.dir/udf_unreg_int_func.cc.o
[ 40%] Building CXX object components/audit_log_filter/CMakeFiles/component_audit_log_filter.dir/json_reader/audit_json_read_stream.cc.o
[ 40%] Building CXX object storage/perfschema/CMakeFiles/perfschema.dir/table_esmh_by_digest.cc.o
[ 40%] Building CXX object components/audit_log_filter/CMakeFiles/component_audit_log_filter.dir/json_reader/file_reader.cc.o
[ 40%] Built target minchassis
[ 40%] Building CXX object storage/perfschema/CMakeFiles/perfschema.dir/table_esgs_global_by_event_name.cc.o
[ 40%] Built target component_test_string_service_charset
[ 40%] Built target component_mysqlx_global_reset
[ 40%] Built target test_sql_reset_connection
[ 40%] Building CXX object components/test/CMakeFiles/component_udf_reg_real_func.dir/udf_reg_real_func.cc.o
[ 40%] Built target authentication_ldap_sasl_client
[ 40%] Building CXX object components/masking_functions/CMakeFiles/component_masking_functions.dir/src/masking_functions/term_cache_core.cpp.o
[ 40%] Building CXX object components/masking_functions/CMakeFiles/component_masking_functions.dir/src/masking_functions/server_helpers.cpp.o
[ 40%] Built target component_audit_api_message_emit
[ 40%] Building CXX object components/masking_functions/CMakeFiles/component_masking_functions.dir/src/masking_functions/sql_context.cpp.o
[ 40%] Building CXX object components/audit_log_filter/CMakeFiles/component_audit_log_filter.dir/json_reader/file_reader_decrypting.cc.o
[ 40%] Building CXX object components/audit_log_filter/CMakeFiles/component_audit_log_filter.dir/json_reader/file_reader_decompressing.cc.o
[ 41%] Building CXX object components/audit_log_filter/CMakeFiles/component_audit_log_filter.dir/json_reader/file_reader_decorator_base.cc.o
[ 41%] Building CXX object storage/perfschema/CMakeFiles/perfschema.dir/table_esmh_global.cc.o
[ 41%] Building CXX object sql/server_component/CMakeFiles/mysql_server_component_services.dir/mysql_library_imp.cc.o
[ 41%] Built target component_group_replication_flow_control_stats
[ 41%] Linking CXX shared module ../../plugin_output_directory/component_test_udf_registration.so
[ 41%] Building CXX object components/test/CMakeFiles/component_udf_reg_avg_func.dir/udf_reg_avg_func.cc.o
[ 41%] Linking CXX shared module ../../plugin_output_directory/component_udf_reg_only_3_func.so
[ 42%] Linking CXX shared module ../../plugin_output_directory/component_udf_reg_3_func.so
[ 42%] Building CXX object components/test/CMakeFiles/component_udf_unreg_real_func.dir/udf_unreg_real_func.cc.o
[ 42%] Linking CXX shared module ../../plugin_output_directory/component_mysqlbackup.so
[ 42%] Building CXX object storage/perfschema/CMakeFiles/perfschema.dir/table_esms_by_account_by_event_name.cc.o
[ 42%] Building CXX object storage/perfschema/CMakeFiles/perfschema.dir/table_esms_by_digest.cc.o
[ 42%] Building CXX object components/audit_log_filter/CMakeFiles/component_audit_log_filter.dir/event_field_condition/field.cc.o
[ 42%] Building C object plugin/group_replication/libmysqlgcs/CMakeFiles/mysqlgcs.dir/src/bindings/xcom/xcom/xdr_checked_data.c.o
[ 42%] Building CXX object components/masking_functions/CMakeFiles/component_masking_functions.dir/src/masking_functions/sys_vars.cpp.o
[ 42%] Building CXX object sql/server_component/CMakeFiles/mysql_server_component_services.dir/mysql_my_thread_imp.cc.o
[ 42%] Building CXX object components/audit_log_filter/CMakeFiles/component_audit_log_filter.dir/event_field_condition/or.cc.o
[ 42%] Building CXX object sql/server_component/CMakeFiles/mysql_server_component_services.dir/mysql_file_imp.cc.o
[ 42%] Building CXX object sql/server_component/CMakeFiles/mysql_server_component_services.dir/mysql_json_encode_imp.cc.o
[ 42%] Building CXX object components/replication_applier_metrics/CMakeFiles/component_replication_applier_metrics.dir/pfs_tables_handler.cc.o
[ 42%] Building CXX object components/test/CMakeFiles/component_test_sys_var_service.dir/test_sys_var_service.cc.o
[ 42%] Building CXX object components/audit_log_filter/CMakeFiles/component_audit_log_filter.dir/event_field_condition/and.cc.o
[ 42%] Building CXX object storage/perfschema/CMakeFiles/perfschema.dir/table_esms_by_program.cc.o
[ 42%] Building CXX object storage/perfschema/CMakeFiles/perfschema.dir/table_esms_by_host_by_event_name.cc.o
[ 42%] Building CXX object components/test/CMakeFiles/component_test_sys_var_service_same.dir/test_sys_var_service_same.cc.o
[ 42%] Building CXX object plugin/group_replication/libmysqlgcs/CMakeFiles/mysqlgcs.dir/src/bindings/xcom/xcom/network/network_provider_manager.cc.o
[ 42%] Building CXX object sql/server_component/CMakeFiles/mysql_server_component_services.dir/mysql_thd_kill_handler_imp.cc.o
[ 42%] Built target component_binlog_utils_udf
[ 42%] Built target component_example_component3
[ 42%] Linking CXX shared module ../../plugin_output_directory/component_reference_cache.so
[ 42%] Building CXX object plugin/group_replication/libmysqlgcs/CMakeFiles/mysqlgcs.dir/src/bindings/xcom/xcom/network/xcom_network_provider_native_lib.cc.o
[ 42%] Building CXX object components/percona_udf/CMakeFiles/component_percona_udf.dir/fnv_udf.cc.o
[ 42%] Building CXX object components/test/CMakeFiles/component_test_sys_var_service_int.dir/test_sys_var_service_int.cc.o
[ 42%] Building CXX object plugin/group_replication/libmysqlgcs/CMakeFiles/mysqlgcs.dir/src/bindings/xcom/xcom/network/xcom_network_provider.cc.o
[ 42%] Building CXX object storage/perfschema/CMakeFiles/perfschema.dir/table_esms_by_thread_by_event_name.cc.o
[ 42%] Building CXX object sql/server_component/CMakeFiles/mysql_server_component_services.dir/mysql_lock_free_hash_imp.cc.o
[ 42%] Linking CXX shared module ../../plugin_output_directory/component_pfs_example_component_population.so
[ 42%] Building CXX object storage/perfschema/CMakeFiles/perfschema.dir/table_esms_global_by_event_name.cc.o
[ 42%] Building CXX object sql/server_component/CMakeFiles/mysql_server_component_services.dir/mysql_server_attributes_imp.cc.o
[ 42%] Building CXX object components/test/CMakeFiles/component_test_sys_var_service_str.dir/test_sys_var_service_str.cc.o
[ 42%] Building CXX object storage/perfschema/CMakeFiles/perfschema.dir/table_ets_by_account_by_event_name.cc.o
[ 42%] Linking CXX shared module ../../plugin_output_directory/component_udf_reg_int_func.so
[ 42%] Linking CXX shared module ../../plugin_output_directory/component_udf_unreg_3_func.so
[ 42%] Building CXX object storage/perfschema/CMakeFiles/perfschema.dir/table_ets_by_host_by_event_name.cc.o
[ 42%] Building CXX object plugin/group_replication/libmysqlgcs/CMakeFiles/mysqlgcs.dir/src/bindings/xcom/xcom/network/xcom_network_provider_ssl_native_lib.cc.o
[ 42%] Building CXX object components/audit_log_filter/CMakeFiles/component_audit_log_filter.dir/event_field_condition/not.cc.o
[ 42%] Building CXX object plugin/group_replication/libmysqlgcs/CMakeFiles/mysqlgcs.dir/src/bindings/xcom/xcom/leader_info_data.cc.o
[ 42%] Linking CXX shared module ../../plugin_output_directory/component_udf_unreg_int_func.so
[ 42%] Building CXX object components/test/CMakeFiles/component_test_status_var_service.dir/test_status_var_service.cc.o
[ 42%] Building CXX object components/audit_log_filter/CMakeFiles/component_audit_log_filter.dir/event_field_condition/function.cc.o
[ 42%] Building CXX object components/audit_log_filter/CMakeFiles/component_audit_log_filter.dir/event_field_condition/bool.cc.o
[ 42%] Building CXX object storage/perfschema/CMakeFiles/perfschema.dir/table_esms_by_user_by_event_name.cc.o
[ 42%] Building CXX object components/audit_log_filter/CMakeFiles/component_audit_log_filter.dir/event_field_condition/variable.cc.o
[ 42%] Building CXX object components/test/CMakeFiles/component_test_status_var_service_int.dir/test_status_var_service_int.cc.o
[ 42%] Building CXX object components/audit_log_filter/CMakeFiles/component_audit_log_filter.dir/event_field_action/log.cc.o
[ 42%] Building CXX object storage/perfschema/CMakeFiles/perfschema.dir/table_ets_by_user_by_event_name.cc.o
[ 42%] Building CXX object storage/perfschema/CMakeFiles/perfschema.dir/table_ets_global_by_event_name.cc.o
[ 42%] Building CXX object components/audit_log_filter/CMakeFiles/component_audit_log_filter.dir/event_field_action/block.cc.o
[ 42%] Building CXX object components/test/CMakeFiles/component_test_status_var_service_reg_only.dir/test_status_var_service_reg_only.cc.o
[ 42%] Linking CXX shared module ../../plugin_output_directory/component_udf_reg_int_same_func.so
[ 42%] Building CXX object components/test/CMakeFiles/component_test_status_var_service_str.dir/test_status_var_service_str.cc.o
[ 42%] Linking CXX shared module ../../plugin_output_directory/component_udf_reg_real_func.so
[ 42%] Building CXX object components/masking_functions/CMakeFiles/component_masking_functions.dir/src/masking_functions/static_sql_context_builder.cpp.o
[ 42%] Building C object plugin/group_replication/libmysqlgcs/CMakeFiles/mysqlgcs.dir/xdr_gen/xcom_vp_xdr.c.o
[ 42%] Building CXX object plugin/group_replication/libmysqlgcs/CMakeFiles/mysqlgcs.dir/src/interface/gcs_logging.cc.o
[ 42%] Linking CXX shared module ../../plugin_output_directory/component_udf_unreg_real_func.so
[ 42%] Building CXX object components/audit_log_filter/CMakeFiles/component_audit_log_filter.dir/event_field_action/base.cc.o
[ 42%] Building CXX object storage/perfschema/CMakeFiles/perfschema.dir/table_ets_by_thread_by_event_name.cc.o
[ 42%] Building CXX object storage/perfschema/CMakeFiles/perfschema.dir/table_events_stages.cc.o
[ 42%] Linking CXX shared module ../../plugin_output_directory/component_udf_reg_avg_func.so
[ 42%] Building CXX object components/audit_log_filter/CMakeFiles/component_audit_log_filter.dir/event_field_action/replace_field.cc.o
[ 42%] Building CXX object plugin/group_replication/libmysqlgcs/CMakeFiles/mysqlgcs.dir/src/interface/gcs_logging_system.cc.o
[ 42%] Building CXX object plugin/group_replication/libmysqlgcs/CMakeFiles/mysqlgcs.dir/src/interface/xplatform/my_xp_cond.cc.o
[ 42%] Building CXX object components/test/CMakeFiles/component_test_status_var_service_unreg_only.dir/test_status_var_service_unreg_only.cc.o
[ 42%] Linking CXX shared module ../../plugin_output_directory/component_test_sys_var_service.so
[ 42%] Building CXX object components/masking_functions/CMakeFiles/component_masking_functions.dir/src/masking_functions/sql_escape_functions.cpp.o
[ 42%] Building CXX object plugin/group_replication/libmysqlgcs/CMakeFiles/mysqlgcs.dir/src/interface/xplatform/my_xp_thread.cc.o
[ 42%] Building CXX object storage/perfschema/CMakeFiles/perfschema.dir/table_events_transactions.cc.o
[ 42%] Building CXX object storage/perfschema/CMakeFiles/perfschema.dir/table_events_statements.cc.o
[ 42%] Building CXX object components/audit_log_filter/CMakeFiles/component_audit_log_filter.dir/event_field_action/print_query_attrs.cc.o
[ 42%] Built target test_udf_services
[ 42%] Building CXX object components/replication_applier_metrics/CMakeFiles/component_replication_applier_metrics.dir/component.cc.o
[ 43%] Building CXX object components/test/CMakeFiles/component_test_system_variable_source.dir/test_system_variable_source.cc.o
[ 43%] Building CXX object components/audit_log_filter/CMakeFiles/component_audit_log_filter.dir/event_field_action/replace_filter.cc.o
[ 43%] Building CXX object components/audit_log_filter/CMakeFiles/component_audit_log_filter.dir/event_filter_function.cc.o
[ 43%] Building CXX object storage/perfschema/CMakeFiles/perfschema.dir/table_ews_by_account_by_event_name.cc.o
[ 43%] Linking CXX shared module ../../plugin_output_directory/component_test_sys_var_service_str.so
[ 43%] Building CXX object components/audit_log_filter/CMakeFiles/component_audit_log_filter.dir/event_field_action/print_service_comp.cc.o
[ 43%] Built target component_group_replication_elect_prefers_most_updated
[ 43%] Linking CXX shared module ../../plugin_output_directory/component_test_sys_var_service_same.so
[ 43%] Linking CXX shared module ../../plugin_output_directory/component_test_sys_var_service_int.so
[ 43%] Building CXX object storage/perfschema/CMakeFiles/perfschema.dir/table_events_waits_summary.cc.o
[ 43%] Linking CXX shared module ../../plugin_output_directory/component_percona_udf.so
[ 43%] Building CXX object components/test/CMakeFiles/component_test_host_application_signal.dir/test_host_application_signal.cc.o
[ 43%] Built target component_pfs_example
[ 43%] Building CXX object storage/perfschema/CMakeFiles/perfschema.dir/table_ews_by_thread_by_event_name.cc.o
[ 43%] Building CXX object storage/perfschema/CMakeFiles/perfschema.dir/table_ews_by_host_by_event_name.cc.o
[ 43%] Building CXX object components/test/CMakeFiles/component_test_mysql_current_thread_reader.dir/test_mysql_current_thread_reader.cc.o
[ 43%] Building CXX object components/test/CMakeFiles/component_test_audit_api_message.dir/test_audit_api_message.cc.o
[ 43%] Building CXX object components/test/CMakeFiles/component_test_udf_aggregate.dir/test_udf_aggregate.cc.o
[ 43%] Built target component_query_attributes
[ 43%] Building CXX object plugin/group_replication/libmysqlgcs/CMakeFiles/mysqlgcs.dir/src/interface/gcs_view.cc.o
[ 43%] Building CXX object components/test/CMakeFiles/component_test_mysql_runtime_error.dir/test_mysql_runtime_error.cc.o
[ 43%] Building CXX object plugin/group_replication/libmysqlgcs/CMakeFiles/mysqlgcs.dir/src/interface/xplatform/my_xp_util.cc.o
[ 43%] Building CXX object storage/perfschema/CMakeFiles/perfschema.dir/table_events_waits.cc.o
[ 43%] Linking CXX shared module ../../plugin_output_directory/component_test_status_var_service_int.so
[ 43%] Linking CXX shared module ../../plugin_output_directory/component_test_status_var_service_str.so
[ 43%] Linking CXX static library libmysql_server_component_services.a
[ 43%] Building CXX object components/test/CMakeFiles/component_test_component_init_then_register.dir/test_component_init_then_register.cc.o
[ 43%] Building CXX object components/audit_log_filter/CMakeFiles/component_audit_log_filter.dir/event_filter_function/string_find.cc.o
[ 43%] Building CXX object storage/perfschema/CMakeFiles/perfschema.dir/table_ews_global_by_event_name.cc.o
[ 43%] Building CXX object plugin/group_replication/libmysqlgcs/CMakeFiles/mysqlgcs.dir/src/interface/gcs_types.cc.o
[ 44%] Building CXX object storage/perfschema/CMakeFiles/perfschema.dir/table_file_instances.cc.o
[ 44%] Building CXX object storage/perfschema/CMakeFiles/perfschema.dir/table_ews_by_user_by_event_name.cc.o
[ 44%] Building CXX object components/audit_log_filter/CMakeFiles/component_audit_log_filter.dir/event_filter_function/base.cc.o
[ 44%] Linking CXX shared module ../../plugin_output_directory/component_test_status_var_service_reg_only.so
[ 44%] Linking CXX shared module ../../plugin_output_directory/component_test_status_var_service.so
[ 44%] Building CXX object plugin/group_replication/libmysqlgcs/CMakeFiles/mysqlgcs.dir/src/interface/gcs_group_identifier.cc.o
[ 44%] Building CXX object plugin/group_replication/libmysqlgcs/CMakeFiles/mysqlgcs.dir/src/interface/xplatform/my_xp_mutex.cc.o
[ 45%] Building CXX object plugin/group_replication/libmysqlgcs/CMakeFiles/mysqlgcs.dir/src/interface/gcs_message.cc.o
[ 45%] Building CXX object components/test/CMakeFiles/component_test_component_deinit.dir/test_component_deinit.cc.o
[ 45%] Building CXX object plugin/group_replication/libmysqlgcs/CMakeFiles/mysqlgcs.dir/src/interface/gcs_psi.cc.o
[ 45%] Building CXX object storage/perfschema/CMakeFiles/perfschema.dir/table_file_summary_by_instance.cc.o
[ 45%] Building CXX object storage/perfschema/CMakeFiles/perfschema.dir/table_file_summary_by_event_name.cc.o
[ 45%] Building CXX object components/test/CMakeFiles/component_test_component_init_fail.dir/test_component_init_fail.cc.o
[ 45%] Building CXX object components/test/CMakeFiles/component_test_mysql_system_variable_set.dir/test_mysql_system_variable_set.cc.o
[ 45%] Building CXX object storage/perfschema/CMakeFiles/perfschema.dir/table_helper.cc.o
[ 45%] Building CXX object storage/perfschema/CMakeFiles/perfschema.dir/table_global_variables.cc.o
[ 45%] Building CXX object components/audit_log_filter/CMakeFiles/component_audit_log_filter.dir/event_filter_function/query_digest.cc.o
[ 45%] Building CXX object components/test/CMakeFiles/component_test_component_deinit_no_deadlock.dir/test_component_deinit_no_deadlock.cc.o
[ 45%] Building CXX object plugin/group_replication/libmysqlgcs/CMakeFiles/mysqlgcs.dir/src/gcs_interface_factory.cc.o
[ 45%] Building CXX object storage/perfschema/CMakeFiles/perfschema.dir/table_global_status.cc.o
[ 45%] Building CXX object plugin/group_replication/libmysqlgcs/CMakeFiles/mysqlgcs.dir/src/bindings/xcom/gcs_xcom_communication_interface.cc.o
[ 45%] Building CXX object plugin/group_replication/libmysqlgcs/CMakeFiles/mysqlgcs.dir/src/interface/gcs_tagged_lock.cc.o
[ 45%] Building CXX object plugin/group_replication/libmysqlgcs/CMakeFiles/mysqlgcs.dir/src/bindings/xcom/gcs_xcom_control_interface.cc.o
[ 45%] Linking CXX shared module ../../plugin_output_directory/component_replication_applier_metrics.so
[ 45%] Linking CXX shared module ../../plugin_output_directory/component_test_system_variable_source.so
[ 45%] Linking CXX shared module ../../plugin_output_directory/component_test_status_var_service_unreg_only.so
[ 45%] Building CXX object plugin/group_replication/libmysqlgcs/CMakeFiles/mysqlgcs.dir/src/bindings/xcom/gcs_xcom_group_management.cc.o
[ 45%] Building CXX object plugin/group_replication/libmysqlgcs/CMakeFiles/mysqlgcs.dir/src/bindings/xcom/gcs_internal_message_headers.cc.o
[ 45%] Building CXX object components/test/CMakeFiles/component_test_sensitive_system_variables.dir/test_sensitive_system_variables.cc.o
[ 45%] Building CXX object plugin/group_replication/libmysqlgcs/CMakeFiles/mysqlgcs.dir/src/interface/gcs_member_identifier.cc.o
[ 45%] Linking CXX shared module ../../plugin_output_directory/component_test_host_application_signal.so
[ 45%] Linking CXX shared module ../../plugin_output_directory/component_masking_functions.so
[ 45%] Linking CXX shared module ../../plugin_output_directory/component_test_mysql_current_thread_reader.so
[ 45%] Built target authentication_ldap_simple
[ 45%] Building CXX object plugin/group_replication/libmysqlgcs/CMakeFiles/mysqlgcs.dir/src/bindings/xcom/gcs_xcom_networking.cc.o
[ 45%] Building CXX object components/test/CMakeFiles/component_test_event_tracking_consumer.dir/test_event_tracking_consumer.cc.o
[ 45%] Built target authentication_oci_client
[ 45%] Building CXX object storage/perfschema/CMakeFiles/perfschema.dir/table_host_cache.cc.o
[ 45%] Building CXX object components/test/CMakeFiles/component_test_status_var_reader.dir/test_status_var_reader.cc.o
[ 45%] Linking CXX shared module ../../plugin_output_directory/component_test_udf_aggregate.so
[ 45%] Building CXX object components/test/CMakeFiles/component_test_mysql_command_services.dir/test_mysql_command_services.cc.o
[ 45%] Building CXX object components/test/CMakeFiles/component_test_mysql_thd_store_service.dir/test_mysql_thd_store_service.cc.o
[ 45%] Building CXX object plugin/group_replication/libmysqlgcs/CMakeFiles/mysqlgcs.dir/src/bindings/xcom/gcs_xcom_utils.cc.o
[ 45%] Linking CXX shared module ../../plugin_output_directory/component_test_component_init_then_register.so
[ 45%] Built target component_udf_reg_int_func
[ 45%] Linking CXX shared module ../../plugin_output_directory/component_test_mysql_runtime_error.so
[ 45%] Linking CXX shared module ../../plugin_output_directory/component_test_audit_api_message.so
[ 45%] Built target component_udf_unreg_3_func
[ 45%] Building CXX object storage/perfschema/CMakeFiles/perfschema.dir/table_hosts.cc.o
[ 45%] Building CXX object storage/perfschema/CMakeFiles/perfschema.dir/table_keyring_component_status.cc.o
[ 45%] Built target component_log_sink_syseventlog
[ 45%] Building CXX object plugin/group_replication/libmysqlgcs/CMakeFiles/mysqlgcs.dir/src/bindings/xcom/gcs_xcom_group_member_information.cc.o
[ 45%] Building CXX object components/test/CMakeFiles/component_test_session_var_service.dir/test_session_var_service.cc.o
[ 45%] Built target component_log_sink_test
[ 45%] Building CXX object plugin/group_replication/libmysqlgcs/CMakeFiles/mysqlgcs.dir/src/bindings/xcom/gcs_xcom_view_identifier.cc.o
[ 45%] Linking CXX shared module ../../plugin_output_directory/component_test_component_deinit.so
[ 45%] Built target component_log_filter_dragnet
[ 45%] Building CXX object storage/perfschema/CMakeFiles/perfschema.dir/table_log_status.cc.o
[ 45%] Building CXX object storage/perfschema/CMakeFiles/perfschema.dir/table_keyring_keys.cc.o
[ 45%] Building CXX object storage/perfschema/CMakeFiles/perfschema.dir/table_mems_by_account_by_event_name.cc.o
[ 45%] Building CXX object plugin/group_replication/libmysqlgcs/CMakeFiles/mysqlgcs.dir/src/bindings/xcom/gcs_xcom_interface.cc.o
[ 45%] Building CXX object storage/perfschema/CMakeFiles/perfschema.dir/table_mems_by_host_by_event_name.cc.o
[ 45%] Building CXX object components/test/CMakeFiles/component_test_mysql_file_service.dir/test_mysql_file_service.cc.o
[ 45%] Linking CXX shared module ../../plugin_output_directory/component_test_component_init_fail.so
[ 45%] Building CXX object plugin/group_replication/libmysqlgcs/CMakeFiles/mysqlgcs.dir/src/bindings/xcom/gcs_xcom_state_exchange.cc.o
[ 45%] Building CXX object plugin/group_replication/libmysqlgcs/CMakeFiles/mysqlgcs.dir/src/bindings/xcom/gcs_message_stages.cc.o
[ 45%] Building CXX object plugin/group_replication/libmysqlgcs/CMakeFiles/mysqlgcs.dir/src/bindings/xcom/gcs_internal_message.cc.o
[ 45%] Building CXX object components/test/CMakeFiles/component_test_mysql_signal_handler.dir/test_mysql_signal_handler.cc.o
[ 45%] Building CXX object plugin/group_replication/libmysqlgcs/CMakeFiles/mysqlgcs.dir/src/bindings/xcom/gcs_xcom_notification.cc.o
[ 45%] Linking CXX shared module ../../plugin_output_directory/component_test_component_deinit_no_deadlock.so
[ 45%] Building CXX object storage/perfschema/CMakeFiles/perfschema.dir/table_md_locks.cc.o
[ 45%] Building CXX object storage/perfschema/CMakeFiles/perfschema.dir/table_mems_global_by_event_name.cc.o
[ 45%] Linking CXX shared module ../../plugin_output_directory/component_test_mysql_system_variable_set.so
[ 45%] Built target component_udf_unreg_int_func
[ 45%] Building CXX object storage/perfschema/CMakeFiles/perfschema.dir/table_os_global_by_type.cc.o
[ 45%] Building CXX object plugin/group_replication/libmysqlgcs/CMakeFiles/mysqlgcs.dir/src/bindings/xcom/gcs_message_stage_lz4.cc.o
[ 45%] Built target auth_openid_connect
[ 45%] Building CXX object storage/perfschema/CMakeFiles/perfschema.dir/table_mems_by_user_by_event_name.cc.o
[ 45%] Linking CXX shared module ../../plugin_output_directory/component_audit_log_filter.so
[ 45%] Building CXX object plugin/group_replication/libmysqlgcs/CMakeFiles/mysqlgcs.dir/src/bindings/xcom/gcs_xcom_statistics_interface.cc.o
[ 45%] Built target component_log_sink_json
[ 45%] Built target component_test_udf_registration
[ 45%] Building CXX object storage/perfschema/CMakeFiles/perfschema.dir/table_persisted_variables.cc.o
[ 45%] Built target component_udf_unreg_real_func
[ 45%] Building CXX object plugin/group_replication/libmysqlgcs/CMakeFiles/mysqlgcs.dir/src/bindings/xcom/gcs_xcom_proxy.cc.o
[ 45%] Built target component_udf_reg_only_3_func
[ 45%] Linking CXX shared module ../../plugin_output_directory/component_test_sensitive_system_variables.so
[ 45%] Building CXX object storage/perfschema/CMakeFiles/perfschema.dir/table_mems_by_thread_by_event_name.cc.o
[ 45%] Built target component_udf_reg_real_func
[ 45%] Building CXX object storage/perfschema/CMakeFiles/perfschema.dir/table_plugin_table.cc.o
[ 45%] Built target component_udf_reg_3_func
[ 45%] Linking CXX shared module ../../plugin_output_directory/component_test_event_tracking_consumer.so
[ 45%] Building CXX object components/test_server_telemetry_logs_export/CMakeFiles/component_test_server_telemetry_logs_export.dir/server_logs_component.cc.o
[ 45%] Building CXX object storage/perfschema/CMakeFiles/perfschema.dir/table_prepared_stmt_instances.cc.o
[ 45%] Building CXX object components/test_server_telemetry_metrics/CMakeFiles/component_test_server_telemetry_metrics.dir/server_metrics_component.cc.o
[ 45%] Linking CXX shared module ../../plugin_output_directory/component_test_mysql_thd_store_service.so
[ 45%] Building CXX object plugin/group_replication/libmysqlgcs/CMakeFiles/mysqlgcs.dir/src/bindings/xcom/gcs_message_stage_split.cc.o
[ 45%] Building CXX object plugin/group_replication/libmysqlgcs/CMakeFiles/mysqlgcs.dir/src/bindings/xcom/gcs_xcom_statistics_manager.cc.o
[ 45%] Building CXX object storage/perfschema/CMakeFiles/perfschema.dir/table_performance_timers.cc.o
[ 45%] Building CXX object components/test_server_telemetry_logs_client/CMakeFiles/component_test_server_telemetry_logs_client.dir/server_logs_component.cc.o
[ 45%] Built target component_udf_reg_int_same_func
[ 45%] Linking CXX shared module ../../plugin_output_directory/component_test_status_var_reader.so
[ 45%] Building CXX object components/test_telemetry_resource_provider/CMakeFiles/component_test_telemetry_resource_provider.dir/test_telemetry_resource_provider.cc.o
[ 45%] Building CXX object components/test_server_telemetry_logs_client/CMakeFiles/component_test_server_telemetry_logs_client.dir/server_logs_helpers.cc.o
[ 45%] Building CXX object storage/perfschema/CMakeFiles/perfschema.dir/table_processlist.cc.o
[ 45%] Building CXX object storage/perfschema/CMakeFiles/perfschema.dir/table_replication_applier_configuration.cc.o
[ 45%] Building CXX object components/test_server_telemetry_traces/CMakeFiles/component_test_server_telemetry_traces.dir/server_telemetry_component.cc.o
[ 45%] Building CXX object components/test_server_telemetry_traces/CMakeFiles/component_test_server_telemetry_traces.dir/server_telemetry_data.cc.o
[ 45%] Linking CXX shared module ../../plugin_output_directory/component_test_mysql_command_services.so
[ 45%] Building CXX object plugin/group_replication/libmysqlgcs/CMakeFiles/mysqlgcs.dir/src/bindings/xcom/gcs_xcom_synode.cc.o
[ 45%] Building CXX object plugin/group_replication/libmysqlgcs/CMakeFiles/mysqlgcs.dir/src/bindings/xcom/gcs_xcom_statistics_storage_impl.cc.o
[ 45%] Building CXX object plugin/group_replication/libmysqlgcs/CMakeFiles/mysqlgcs.dir/src/bindings/xcom/gcs_xcom_communication_protocol_changer.cc.o
[ 45%] Building CXX object components/test_server_telemetry_traces/CMakeFiles/component_test_server_telemetry_traces.dir/server_telemetry_helpers.cc.o
[ 45%] Linking CXX shared module ../../plugin_output_directory/component_test_mysql_signal_handler.so
[ 45%] Linking CXX shared module ../../plugin_output_directory/component_test_session_var_service.so
[ 45%] Building CXX object plugin/group_replication/libmysqlgcs/CMakeFiles/mysqlgcs.dir/src/bindings/xcom/gcs_xcom_expels_in_progress.cc.o
[ 45%] Building CXX object components/test_telemetry_secret_provider/CMakeFiles/component_test_telemetry_secret_provider.dir/test_telemetry_secret_provider.cc.o
[ 45%] Building CXX object storage/perfschema/CMakeFiles/perfschema.dir/table_replication_applier_filters.cc.o
[ 45%] Building CXX object storage/perfschema/CMakeFiles/perfschema.dir/table_replication_applier_global_filters.cc.o
[ 45%] Building CXX object storage/perfschema/CMakeFiles/perfschema.dir/table_replication_applier_status.cc.o
[ 45%] Linking CXX shared module ../../plugin_output_directory/component_test_mysql_file_service.so
[ 45%] Building CXX object storage/perfschema/CMakeFiles/perfschema.dir/table_replication_applier_status_by_coordinator.cc.o
[ 45%] Building CXX object storage/perfschema/CMakeFiles/perfschema.dir/table_replication_applier_status_by_worker.cc.o
[ 45%] Building CXX object components/uuid_vx_udf/CMakeFiles/component_uuid_vx_udf.dir/uuid_vx_udf_component.cc.o
[ 45%] Built target component_connection_control
[ 45%] Building CXX object components/validate_password/CMakeFiles/component_validate_password.dir/validate_password_imp.cc.o
[ 45%] Built target component_test_status_var_service_str
[ 45%] Built target component_test_status_var_service_reg_only
[ 45%] Built target myisam_library
[ 45%] Building CXX object components/test/event_tracking_test/CMakeFiles/mysql_test_event_tracking.dir/event_tracking_registry.cc.o
[ 45%] Building CXX object components/test/event_tracking_test/CMakeFiles/component_test_event_tracking_producer_a.dir/event_tracking_producer_a.cc.o
[ 45%] Built target component_test_status_var_service_int
[ 45%] Built target component_test_system_variable_source
[ 45%] Building CXX object components/test/event_tracking_test/CMakeFiles/mysql_test_event_tracking.dir/event_tracking_test.cc.o
[ 45%] Building CXX object storage/perfschema/CMakeFiles/perfschema.dir/table_replication_connection_configuration.cc.o
[ 45%] Built target component_reference_cache
[ 45%] Building CXX object storage/perfschema/CMakeFiles/perfschema.dir/table_replication_connection_status.cc.o
[ 45%] Building CXX object components/test/event_tracking_test/CMakeFiles/component_test_event_tracking_consumer_a.dir/event_tracking_consumer_a.cc.o
[ 45%] Building CXX object storage/perfschema/CMakeFiles/perfschema.dir/table_replication_group_member_stats.cc.o
[ 45%] Building CXX object storage/perfschema/CMakeFiles/perfschema.dir/table_replication_group_members.cc.o
[ 45%] Building CXX object storage/perfschema/CMakeFiles/perfschema.dir/table_session_account_connect_attrs.cc.o
[ 45%] Building CXX object components/test/event_tracking_test/CMakeFiles/component_test_event_tracking_producer_b.dir/event_tracking_producer_b.cc.o
[ 45%] Linking CXX shared module ../../plugin_output_directory/component_test_telemetry_resource_provider.so
[ 45%] Building CXX object storage/perfschema/CMakeFiles/perfschema.dir/table_session_connect.cc.o
[ 45%] Building CXX object components/test/event_tracking_test/CMakeFiles/component_test_event_tracking_consumer_b.dir/event_tracking_consumer_b.cc.o
[ 45%] Built target component_test_status_var_service
[ 45%] Building CXX object components/test_server_telemetry_logs_export/CMakeFiles/component_test_server_telemetry_logs_export.dir/server_logs_helpers.cc.o
[ 45%] Building CXX object storage/perfschema/CMakeFiles/perfschema.dir/table_session_variables.cc.o
[ 45%] Built target component_test_sys_var_service
[ 45%] Building CXX object storage/perfschema/CMakeFiles/perfschema.dir/table_session_connect_attrs.cc.o
[ 45%] Building CXX object storage/perfschema/CMakeFiles/perfschema.dir/table_setup_consumers.cc.o
[ 45%] Building CXX object storage/perfschema/CMakeFiles/perfschema.dir/table_setup_actors.cc.o
[ 45%] Building CXX object components/test_server_telemetry_metrics/CMakeFiles/component_test_server_telemetry_metrics.dir/server_metrics_helpers.cc.o
[ 45%] Building CXX object storage/perfschema/CMakeFiles/perfschema.dir/table_session_status.cc.o
[ 45%] Linking CXX shared module ../../plugin_output_directory/component_test_server_telemetry_logs_client.so
[ 45%] Building CXX object storage/perfschema/CMakeFiles/perfschema.dir/table_setup_instruments.cc.o
[ 45%] Building CXX object storage/perfschema/CMakeFiles/perfschema.dir/table_setup_loggers.cc.o
[ 45%] Built target component_test_mysql_current_thread_reader
[ 45%] Building CXX object storage/perfschema/CMakeFiles/perfschema.dir/table_setup_meters.cc.o
[ 45%] Built target component_test_component_init_then_register
[ 45%] Built target component_test_status_var_service_unreg_only
[ 45%] Linking CXX shared module ../../plugin_output_directory/component_test_telemetry_secret_provider.so
[ 45%] Building CXX object storage/perfschema/CMakeFiles/perfschema.dir/table_setup_metrics.cc.o
[ 45%] Built target component_test_udf_aggregate
[ 45%] Built target component_mysqlbackup
[ 45%] Built target component_group_replication_resource_manager
[ 45%] Built target component_pfs_example_component_population
[ 46%] Building CXX object storage/perfschema/CMakeFiles/perfschema.dir/table_setup_threads.cc.o
[ 46%] Linking CXX shared module ../../plugin_output_directory/component_test_server_telemetry_traces.so
[ 46%] Building CXX object storage/perfschema/CMakeFiles/perfschema.dir/table_setup_objects.cc.o
[ 46%] Building CXX object components/test/perfschema/CMakeFiles/component_test_pfs_resource_group.dir/test_pfs_resource_group.cc.o
[ 46%] Built target component_test_mysql_runtime_error
[ 46%] Built target component_test_component_deinit_no_deadlock
[ 46%] Building CXX object components/test/statement_services/CMakeFiles/component_test_execute_prepared_statement.dir/test_execute_prepared_statement.cc.o
[ 46%] Built target component_test_component_init_fail
[ 46%] Building CXX object storage/perfschema/CMakeFiles/perfschema.dir/table_socket_summary_by_event_name.cc.o
[ 46%] Building CXX object storage/perfschema/CMakeFiles/perfschema.dir/table_socket_summary_by_instance.cc.o
[ 46%] Linking CXX shared module ../../../plugin_output_directory/component_test_event_tracking_producer_a.so
[ 46%] Building CXX object components/test/keyring_encryption_test/CMakeFiles/mysql_keyring_encryption_test.dir/options.cc.o
[ 47%] Building CXX object components/test/perfschema/CMakeFiles/component_test_pfs_notification.dir/test_pfs_notification.cc.o
[ 47%] Linking CXX executable ../../../runtime_output_directory/mysql_test_event_tracking
[ 47%] Building CXX object components/test/keyring_encryption_test/CMakeFiles/mysql_keyring_encryption_test.dir/keyring_encryption.cc.o
[ 47%] Building CXX object components/test/statement_services/CMakeFiles/component_test_execute_regular_statement.dir/test_execute_regular_statement.cc.o
[ 47%] Building CXX object components/test/event_tracking_test/CMakeFiles/component_test_event_tracking_consumer_c.dir/event_tracking_consumer_c.cc.o
[ 47%] Building CXX object components/test/keyring_encryption_test/CMakeFiles/mysql_keyring_encryption_test.dir/components.cc.o
[ 47%] Linking CXX shared module ../../../plugin_output_directory/component_test_event_tracking_producer_b.so
[ 47%] Building CXX object components/test/udf_services/CMakeFiles/component_test_udf_services.dir/test_udf_extension.cc.o
[ 47%] Building CXX object utilities/CMakeFiles/perror.dir/perror.cc.o
[ 47%] Building CXX object storage/perfschema/CMakeFiles/perfschema.dir/table_socket_instances.cc.o
[ 47%] Building CXX object client/CMakeFiles/json_client_library_objlib.dir/__/sql-common/json_binary.cc.o
[ 47%] Building CXX object utilities/CMakeFiles/ibd2sdi.dir/ibd2sdi.cc.o
[ 47%] Linking CXX shared module ../../../plugin_output_directory/component_test_event_tracking_consumer_b.so
[ 47%] Linking CXX static library libmysqlgcs.a
[ 47%] Building CXX object components/validate_password/CMakeFiles/component_validate_password.dir/option_usage.cc.o
[ 47%] Linking CXX shared module ../../../plugin_output_directory/component_test_event_tracking_consumer_a.so
[ 47%] Linking CXX shared module ../../plugin_output_directory/component_uuid_vx_udf.so
[ 47%] Building CXX object components/test/table_access/CMakeFiles/component_test_table_access.dir/test_table_access.cc.o
[ 47%] Building CXX object client/CMakeFiles/json_binlog.dir/__/sql-common/json_dom.cc.o
[ 47%] Linking CXX shared module ../../plugin_output_directory/component_test_server_telemetry_logs_export.so
[ 47%] Building CXX object client/CMakeFiles/json_client_library_objlib.dir/__/sql-common/json_hash.cc.o
[ 47%] Building CXX object utilities/CMakeFiles/innochecksum.dir/innochecksum.cc.o
[ 47%] Building CXX object client/CMakeFiles/json_binlog.dir/__/sql-common/json_binary.cc.o
[ 47%] Building CXX object utilities/CMakeFiles/range_check_err.dir/range_check_err.cc.o
[ 47%] Building CXX object extra/abseil/abseil-cpp-20250814.1/absl/log/CMakeFiles/absl_log_globals.dir/globals.cc.o
[ 47%] Building CXX object extra/abseil/abseil-cpp-20250814.1/absl/flags/CMakeFiles/absl_flags_config.dir/usage_config.cc.o
[ 47%] Building CXX object client/CMakeFiles/json_binlog.dir/__/sql-common/json_path.cc.o
[ 47%] Building CXX object sql/CMakeFiles/udf_example.dir/udf_example.cc.o
[ 47%] Building CXX object sql/CMakeFiles/mysql_tzinfo_to_sql.dir/time_zone_common.cc.o
[ 47%] Built target component_udf_reg_avg_func
[ 47%] Building CXX object sql/CMakeFiles/locking_service.dir/locking_service_udf.cc.o
[ 47%] Building CXX object extra/abseil/abseil-cpp-20250814.1/absl/strings/CMakeFiles/absl_cordz_info.dir/internal/cordz_info.cc.o
[ 47%] Building CXX object storage/heap/CMakeFiles/heap.dir/ha_heap.cc.o
[ 47%] Building CXX object extra/abseil/abseil-cpp-20250814.1/absl/random/CMakeFiles/absl_random_seed_sequences.dir/seed_sequences.cc.o
[ 47%] Built target component_test_sys_var_service_str
[ 47%] Building CXX object storage/perfschema/CMakeFiles/perfschema.dir/table_status_by_account.cc.o
[ 47%] Building CXX object storage/myisam/CMakeFiles/myisam.dir/ha_myisam.cc.o
[ 47%] Building CXX object storage/myisam/CMakeFiles/myisam_ftdump.dir/myisam_ftdump.cc.o
[ 47%] Building CXX object components/test/udf_services/CMakeFiles/component_test_udf_services.dir/test_udf_services.cc.o
[ 47%] Linking CXX shared module ../../plugin_output_directory/component_test_server_telemetry_metrics.so
[ 47%] Building CXX object client/CMakeFiles/json_client_library_objlib.dir/__/sql-common/json_path.cc.o
[ 47%] Building CXX object client/CMakeFiles/json_client_library_objlib.dir/__/sql-common/json_dom.cc.o
[ 47%] Building CXX object client/CMakeFiles/json_binlog.dir/__/sql-common/json_syntax_check.cc.o
[ 47%] Building CXX object sql/CMakeFiles/mysql_tzinfo_to_sql.dir/mysql_tzinfo_to_sql.cc.o
[ 47%] Building CXX object client/CMakeFiles/json_client_library_objlib.dir/__/sql-common/json_syntax_check.cc.o
[ 47%] Building CXX object client/CMakeFiles/json_client_library_objlib.dir/__/sql-common/sql_string.cc.o
[ 47%] Built target component_test_sys_var_service_same
[ 47%] Building CXX object client/CMakeFiles/json_client_library_objlib.dir/__/sql-common/json_schema.cc.o
[ 47%] Building CXX object storage/perfschema/CMakeFiles/perfschema.dir/table_status_by_user.cc.o
[ 47%] Linking CXX static library ../archive_output_directory/libclientlib.a
[ 47%] Built target component_percona_udf
[ 47%] Building CXX object storage/perfschema/CMakeFiles/perfschema.dir/table_sync_instances.cc.o
[ 47%] Building CXX object storage/myisam/CMakeFiles/myisamlog.dir/myisamlog.cc.o
[ 47%] Linking CXX shared module ../../../plugin_output_directory/component_test_pfs_resource_group.so
[ 47%] Building CXX object client/CMakeFiles/json_binlog.dir/__/sql-common/sql_string.cc.o
[ 47%] Building CXX object components/test/statement_services/CMakeFiles/component_test_execute_prepared_statement.dir/utils.cc.o
[ 47%] Building CXX object storage/perfschema/CMakeFiles/perfschema.dir/table_status_by_thread.cc.o
[ 47%] Built target component_test_sys_var_service_int
[ 47%] Building CXX object storage/perfschema/CMakeFiles/perfschema.dir/table_status_by_host.cc.o
[ 47%] Building CXX object storage/perfschema/CMakeFiles/perfschema.dir/table_table_handles.cc.o
[ 47%] Building CXX object storage/perfschema/CMakeFiles/perfschema.dir/table_threads.cc.o
[ 47%] Building CXX object storage/myisam/CMakeFiles/myisamchk.dir/myisamchk.cc.o
[ 47%] Building CXX object storage/perfschema/CMakeFiles/perfschema.dir/table_temporary_account_locks.cc.o
[ 47%] Building CXX object components/test/keyring_encryption_test/CMakeFiles/mysql_keyring_encryption_test.dir/__/__/keyrings/common/component_helpers/src/keyring_log_builtins_definition.cc.o
[ 47%] Linking CXX shared module ../../../plugin_output_directory/component_test_event_tracking_consumer_c.so
[ 47%] Linking CXX shared module ../../../plugin_output_directory/component_test_pfs_notification.so
[ 47%] Building CXX object storage/perfschema/CMakeFiles/perfschema.dir/table_tls_channel_status.cc.o
[ 47%] Building CXX object storage/perfschema/CMakeFiles/perfschema.dir/table_user_defined_functions.cc.o
[ 47%] Building CXX object storage/perfschema/CMakeFiles/perfschema.dir/table_tiws_by_table.cc.o
[ 47%] Building CXX object storage/perfschema/CMakeFiles/perfschema.dir/table_users.cc.o
[ 47%] Building CXX object storage/perfschema/CMakeFiles/perfschema.dir/table_uvar_by_thread.cc.o
[ 47%] Building CXX object storage/perfschema/CMakeFiles/perfschema.dir/table_tlws_by_table.cc.o
[ 47%] Linking CXX shared module ../plugin_output_directory/locking_service.so
[ 47%] Linking CXX executable ../runtime_output_directory/perror
[ 47%] Building CXX object components/test/statement_services/CMakeFiles/component_test_execute_regular_statement.dir/utils.cc.o
[ 47%] Building CXX object storage/perfschema/CMakeFiles/perfschema.dir/table_tiws_by_index_usage.cc.o
[ 47%] Built target component_test_mysql_signal_handler
[ 47%] Built target component_test_host_application_signal
[ 47%] Built target component_encryption_udf
[ 47%] Building CXX object components/test/udf_services/CMakeFiles/component_test_udf_services.dir/udf_extension_test_functions.cc.o
[ 47%] Building CXX object storage/perfschema/CMakeFiles/perfschema.dir/table_variables_info.cc.o
[ 47%] Building CXX object plugin/connection_control/CMakeFiles/connection_control.dir/connection_control_coordinator.cc.o
[ 47%] Building CXX object storage/perfschema/CMakeFiles/perfschema.dir/table_variables_by_thread.cc.o
[ 47%] Linking CXX shared library ../../../../../library_output_directory/libabsl_flags_config.so
[ 47%] Linking CXX shared module ../../../plugin_output_directory/component_test_table_access.so
[ 48%] Building CXX object plugin/connection_control/CMakeFiles/connection_control.dir/log_rate_limiter.cc.o
[ 48%] Building CXX object storage/perfschema/CMakeFiles/perfschema.dir/table_variables_metadata.cc.o
[ 48%] Building CXX object plugin/connection_control/CMakeFiles/connection_control.dir/security_context_wrapper.cc.o
[ 50%] Linking CXX static library ../../../archive_output_directory/libkeyring_common.a
[ 50%] Linking CXX executable ../runtime_output_directory/range_check_err
[ 50%] Linking CXX shared module ../../plugin_output_directory/component_validate_password.so
[ 50%] Building CXX object storage/myisam/CMakeFiles/myisampack.dir/myisampack.cc.o
[ 50%] Building CXX object storage/perfschema/CMakeFiles/perfschema.dir/table_global_variable_attributes.cc.o
[ 50%] Linking CXX shared library ../../../../../library_output_directory/libabsl_cordz_info.so
[ 50%] Linking CXX shared library ../../../../../library_output_directory/libabsl_random_seed_sequences.so
[ 50%] Built target component_replication_applier_metrics
[ 50%] Linking CXX shared module ../plugin_output_directory/udf_example.so
[ 50%] Linking CXX executable ../runtime_output_directory/innochecksum
[ 50%] Linking CXX static library libheap.a
[ 50%] Built target component_test_audit_api_message
[ 50%] Linking CXX shared library ../../../../../library_output_directory/libabsl_log_globals.so
[ 50%] Linking CXX executable ../../runtime_output_directory/myisam_ftdump
[ 50%] Linking CXX shared module ../../../plugin_output_directory/component_test_execute_prepared_statement.so
[ 51%] Linking CXX executable ../runtime_output_directory/ibd2sdi
[ 51%] Linking CXX executable ../runtime_output_directory/mysql_tzinfo_to_sql
[ 51%] Built target component_test_session_var_service
[ 51%] Linking CXX executable ../../runtime_output_directory/myisamchk
[ 51%] Built target component_test_telemetry_secret_provider
[ 51%] Linking CXX shared library ../library_output_directory/libjson_binlog.so
[ 51%] Building CXX object storage/perfschema/CMakeFiles/perfschema.dir/table_rpl_async_connection_failover_managed.cc.o
[ 51%] Building CXX object storage/perfschema/CMakeFiles/perfschema.dir/table_malloc_stats.cc.o
[ 51%] Building CXX object storage/perfschema/CMakeFiles/perfschema.dir/telemetry_pfs_metrics.cc.o
[ 51%] Linking CXX executable ../../runtime_output_directory/myisamlog
[ 51%] Built target component_test_mysql_file_service
[ 51%] Building CXX object storage/perfschema/CMakeFiles/perfschema.dir/table_replication_asynchronous_connection_failover.cc.o
[ 51%] Linking CXX static library libmyisam.a
[ 51%] Linking CXX shared module ../../../plugin_output_directory/component_test_execute_regular_statement.so
[ 51%] Built target component_test_mysql_system_variable_set
[ 51%] Linking CXX executable ../../../runtime_output_directory/mysql_keyring_encryption_test
[ 51%] Linking CXX shared module ../../../plugin_output_directory/component_test_udf_services.so
[ 51%] Built target json_client_library_objlib
[ 51%] Built target component_test_sensitive_system_variables
[ 51%] Built target component_test_telemetry_resource_provider
[ 51%] Building CXX object plugin/connection_control/CMakeFiles/connection_control.dir/option_usage.cc.o
[ 51%] Built target component_test_status_var_reader
[ 51%] Building CXX object plugin/connection_control/CMakeFiles/connection_control.dir/connection_delay.cc.o
[ 51%] Building CXX object plugin/connection_control/CMakeFiles/connection_control.dir/connection_control.cc.o
[ 51%] Linking CXX executable ../../runtime_output_directory/myisampack
[ 51%] Built target component_test_mysql_thd_store_service
[ 51%] Built target component_test_event_tracking_producer_a
[ 51%] Built target locking_service
[ 51%] Built target component_test_event_tracking_consumer
[ 51%] Built target component_test_mysql_command_services
[ 51%] Linking CXX static library ../archive_output_directory/libjson_client_library.a
[ 51%] Built target component_test_event_tracking_producer_b
[ 51%] Built target component_masking_functions
[ 51%] Built target heap
[ 51%] Linking CXX static library libperfschema.a
[ 51%] Built target component_test_server_telemetry_logs_export
[ 51%] Built target component_test_server_telemetry_logs_client
[ 51%] Built target clientlib
[ 51%] Linking CXX shared module ../../plugin_output_directory/connection_control.so
[ 51%] Built target component_test_event_tracking_consumer_a
[ 51%] Built target component_test_server_telemetry_traces
[ 51%] Built target myisam
[ 52%] Generating ../archive_output_directory/perconaserverclient_depends.c
[ 52%] Built target component_test_table_access
[ 52%] Built target component_test_server_telemetry_metrics
[ 52%] Built target component_uuid_vx_udf
[ 52%] Building C object router/src/harness/src/CMakeFiles/router_mysqlclient.dir/router_mysqlclient_dummy.c.o
[ 52%] Building C object libmysql/CMakeFiles/libmysql.dir/libmysql_dummy.c.o
[ 52%] Built target component_test_event_tracking_consumer_c
[ 52%] Built target component_test_pfs_resource_group
[ 52%] Built target component_test_event_tracking_consumer_b
[ 52%] Built target component_validate_password
[ 52%] Built target component_test_pfs_notification
[ 52%] Built target component_test_component_deinit
[ 52%] Built target absl_flags_config
[ 52%] Built target range_check_err
[ 52%] Built target udf_example
[ 52%] Building C object libmysql/CMakeFiles/perconaserverclient.dir/__/archive_output_directory/perconaserverclient_depends.c.o
[ 52%] Built target absl_cordz_info
[ 52%] Linking CXX shared library ../../../../library_output_directory/libmysqlrouter_mysqlclient.so
[ 52%] Linking CXX shared library ../library_output_directory/libperconaserverclient.so
[ 52%] Built target keyring_common
[ 52%] Built target component_test_udf_services
[ 52%] Built target component_test_execute_regular_statement
[ 52%] Built target absl_random_seed_sequences
[ 52%] Built target component_test_execute_prepared_statement
[ 52%] Building CXX object extra/abseil/abseil-cpp-20250814.1/absl/strings/CMakeFiles/absl_cord.dir/cord_analysis.cc.o
[ 52%] Building CXX object extra/abseil/abseil-cpp-20250814.1/absl/flags/CMakeFiles/absl_flags_internal.dir/internal/flag.cc.o
[ 52%] Building CXX object extra/abseil/abseil-cpp-20250814.1/absl/strings/CMakeFiles/absl_cord.dir/cord.cc.o
[ 52%] Linking CXX static library ../archive_output_directory/libperconaserverclient.a
[ 52%] Building CXX object extra/abseil/abseil-cpp-20250814.1/absl/strings/CMakeFiles/absl_cordz_sample_token.dir/internal/cordz_sample_token.cc.o
[ 52%] Building CXX object components/keyrings/keyring_file/CMakeFiles/component_keyring_file.dir/service_implementation/keyring_encryption_service_definition.cc.o
[ 52%] Building CXX object components/keyrings/keyring_kmip/CMakeFiles/component_keyring_kmip.dir/keyring_kmip.cc.o
[ 52%] Building CXX object components/keyrings/keyring_file/CMakeFiles/component_keyring_file.dir/service_implementation/keyring_reader_service_definition.cc.o
[ 52%] Building CXX object components/keyrings/keyring_file/CMakeFiles/component_keyring_file.dir/service_implementation/keyring_load_service_definition.cc.o
[ 52%] Building CXX object components/keyrings/keyring_file/CMakeFiles/component_keyring_file.dir/service_implementation/keyring_generator_service_definition.cc.o
[ 52%] Building CXX object components/keyrings/keyring_file/CMakeFiles/component_keyring_file.dir/service_implementation/keyring_keys_metadata_iterator_service_definition.cc.o
[ 52%] Building CXX object components/keyrings/keyring_file/CMakeFiles/component_keyring_file.dir/service_implementation/keyring_writer_service_definition.cc.o
[ 52%] Building CXX object components/keyrings/keyring_kmip/CMakeFiles/component_keyring_kmip.dir/config/config.cc.o
[ 52%] Building CXX object components/keyrings/keyring_file/CMakeFiles/component_keyring_file.dir/service_implementation/keyring_metadata_query_service_definition.cc.o
[ 52%] Building CXX object components/keyrings/keyring_file/CMakeFiles/component_keyring_file.dir/backend/backend.cc.o
[ 52%] Building CXX object components/keyrings/keyring_kmip/CMakeFiles/component_keyring_kmip.dir/service_implementation/keyring_generator_service_definition.cc.o
[ 52%] Building CXX object components/keyrings/keyring_kms/CMakeFiles/component_keyring_kms.dir/service_implementation/keyring_generator_service_definition.cc.o
[ 52%] Building CXX object components/keyrings/keyring_vault/CMakeFiles/component_keyring_vault.dir/config/config.cc.o
[ 52%] Building CXX object components/keyrings/keyring_file/CMakeFiles/component_keyring_file.dir/option_usage.cc.o
[ 52%] Building CXX object components/keyrings/keyring_kmip/CMakeFiles/component_keyring_kmip.dir/service_implementation/keyring_load_service_definition.cc.o
[ 52%] Building CXX object components/keyrings/keyring_kms/CMakeFiles/component_keyring_kms.dir/service_implementation/keyring_encryption_service_definition.cc.o
[ 52%] Building CXX object components/keyrings/keyring_kmip/CMakeFiles/component_keyring_kmip.dir/service_implementation/keyring_encryption_service_definition.cc.o
[ 52%] Building CXX object components/keyrings/keyring_vault/CMakeFiles/component_keyring_vault.dir/keyring_vault.cc.o
[ 52%] Building CXX object components/keyrings/keyring_file/CMakeFiles/component_keyring_file.dir/component_callbacks.cc.o
[ 52%] Building CXX object components/keyrings/keyring_file/CMakeFiles/component_keyring_file.dir/config/config.cc.o
[ 52%] Building CXX object components/keyrings/keyring_kmip/CMakeFiles/component_keyring_kmip.dir/backend/backend.cc.o
[ 52%] Building CXX object components/keyrings/keyring_kms/CMakeFiles/component_keyring_kms.dir/service_implementation/keyring_load_service_definition.cc.o
[ 52%] Building CXX object components/keyrings/keyring_kmip/CMakeFiles/component_keyring_kmip.dir/service_implementation/keyring_keys_metadata_iterator_service_definition.cc.o
[ 52%] Building CXX object components/keyrings/keyring_kms/CMakeFiles/component_keyring_kms.dir/backend/backend.cc.o
[ 52%] Building CXX object components/keyrings/keyring_file/CMakeFiles/component_keyring_file.dir/keyring_file.cc.o
[ 52%] Building CXX object components/keyrings/keyring_vault/CMakeFiles/component_keyring_vault.dir/backend/backend.cc.o
[ 52%] Building CXX object components/keyrings/keyring_kmip/CMakeFiles/component_keyring_kmip.dir/service_implementation/keyring_metadata_query_service_definition.cc.o
[ 52%] Building CXX object components/keyrings/keyring_kms/CMakeFiles/component_keyring_kms.dir/service_implementation/keyring_metadata_query_service_definition.cc.o
[ 52%] Building CXX object components/keyrings/keyring_kms/CMakeFiles/component_keyring_kms.dir/backend/kms.cc.o
[ 52%] Building CXX object components/keyrings/keyring_vault/CMakeFiles/component_keyring_vault.dir/service_implementation/keyring_keys_metadata_iterator_service_definition.cc.o
[ 52%] Building CXX object components/keyrings/keyring_kmip/CMakeFiles/component_keyring_kmip.dir/service_implementation/keyring_writer_service_definition.cc.o
[ 52%] Building CXX object components/keyrings/keyring_kms/CMakeFiles/component_keyring_kms.dir/service_implementation/keyring_reader_service_definition.cc.o
[ 52%] Building CXX object components/keyrings/keyring_kms/CMakeFiles/component_keyring_kms.dir/service_implementation/keyring_writer_service_definition.cc.o
[ 52%] Building CXX object components/keyrings/keyring_vault/CMakeFiles/component_keyring_vault.dir/backend/vault_base64.cc.o
[ 52%] Building CXX object components/keyrings/keyring_vault/CMakeFiles/component_keyring_vault.dir/service_implementation/keyring_encryption_service_definition.cc.o
[ 52%] Building CXX object components/keyrings/keyring_kms/CMakeFiles/component_keyring_kms.dir/service_implementation/keyring_keys_metadata_iterator_service_definition.cc.o
[ 52%] Building CXX object components/keyrings/keyring_kmip/CMakeFiles/component_keyring_kmip.dir/service_implementation/keyring_reader_service_definition.cc.o
[ 52%] Building CXX object components/keyrings/keyring_vault/CMakeFiles/component_keyring_vault.dir/service_implementation/keyring_generator_service_definition.cc.o
[ 52%] Building CXX object components/keyrings/keyring_vault/CMakeFiles/component_keyring_vault.dir/backend/vault_keys_container.cc.o
[ 53%] Building CXX object components/keyrings/keyring_kms/CMakeFiles/component_keyring_kms.dir/component_callbacks.cc.o
[ 53%] Building CXX object components/keyrings/keyring_vault/CMakeFiles/component_keyring_vault.dir/service_implementation/keyring_metadata_query_service_definition.cc.o
[ 53%] Building CXX object components/keyrings/keyring_vault/CMakeFiles/component_keyring_vault.dir/service_implementation/keyring_load_service_definition.cc.o
[ 53%] Building CXX object components/keyrings/keyring_vault/CMakeFiles/component_keyring_vault.dir/service_implementation/keyring_reader_service_definition.cc.o
[ 53%] Building CXX object components/keyrings/keyring_kmip/CMakeFiles/component_keyring_kmip.dir/component_callbacks.cc.o
[ 53%] Building CXX object components/keyrings/keyring_vault/CMakeFiles/component_keyring_vault.dir/service_implementation/keyring_writer_service_definition.cc.o
[ 53%] Building CXX object components/keyrings/keyring_kms/CMakeFiles/component_keyring_kms.dir/config/config.cc.o
[ 53%] Building CXX object components/keyrings/keyring_vault/CMakeFiles/component_keyring_vault.dir/component_callbacks.cc.o
[ 53%] Building CXX object components/keyrings/keyring_kms/CMakeFiles/component_keyring_kms.dir/keyring_kms.cc.o
[ 53%] Building CXX object components/keyrings/keyring_vault/CMakeFiles/component_keyring_vault.dir/backend/vault_parser_composer.cc.o
[ 53%] Building CXX object components/keyrings/keyring_vault/CMakeFiles/component_keyring_vault.dir/backend/vault_curl.cc.o
[ 53%] Built target absl_log_globals
[ 53%] Linking CXX shared library ../../../../../library_output_directory/libabsl_cordz_sample_token.so
[ 53%] Linking CXX shared library ../../../../../library_output_directory/libabsl_cord.so
[ 53%] Linking CXX shared library ../../../../../library_output_directory/libabsl_flags_internal.so
[ 53%] Building CXX object extra/abseil/abseil-cpp-20250814.1/absl/log/CMakeFiles/absl_log_internal_log_sink_set.dir/internal/log_sink_set.cc.o
[ 53%] Building CXX object extra/abseil/abseil-cpp-20250814.1/absl/log/CMakeFiles/absl_log_initialize.dir/initialize.cc.o
[ 53%] Linking CXX shared module ../../../plugin_output_directory/component_keyring_kmip.so
[ 53%] Linking CXX shared module ../../../plugin_output_directory/component_keyring_file.so
[ 53%] Linking CXX shared module ../../../plugin_output_directory/component_keyring_vault.so
[ 53%] Built target json_client_library
[ 53%] Linking CXX shared module ../../../plugin_output_directory/component_keyring_kms.so
[ 53%] Built target connection_control
[ 53%] Generating ../archive_output_directory/json_binlog_static_depends.c
[ 53%] Linking CXX shared library ../../../../../library_output_directory/libabsl_log_initialize.so
[ 53%] Linking CXX shared library ../../../../../library_output_directory/libabsl_log_internal_log_sink_set.so
[ 53%] Building CXX object client/CMakeFiles/json_client_library_main.dir/json_client_library_main.cc.o
[ 53%] Built target mysql_server_component_services
[ 53%] Built target mysqlgcs
[ 53%] Building C object client/CMakeFiles/json_binlog_static.dir/__/archive_output_directory/json_binlog_static_depends.c.o
[ 53%] Built target absl_cordz_sample_token
[ 53%] Linking CXX executable ../runtime_output_directory/json_client_library_main
[ 54%] Linking CXX static library ../archive_output_directory/libjson_binlog_static.a
[ 54%] Built target absl_log_initialize
[ 54%] Built target mysql_tzinfo_to_sql
[ 54%] Built target absl_flags_internal
[ 54%] Built target perror
[ 54%] Built target absl_cord
[ 54%] Built target myisam_ftdump
[ 54%] Built target absl_log_internal_log_sink_set
[ 54%] Built target myisamlog
[ 54%] Building CXX object extra/abseil/abseil-cpp-20250814.1/absl/status/CMakeFiles/absl_status.dir/status_payload_printer.cc.o
[ 54%] Building CXX object extra/abseil/abseil-cpp-20250814.1/absl/container/CMakeFiles/absl_raw_hash_set.dir/internal/raw_hash_set.cc.o
[ 54%] Building CXX object extra/abseil/abseil-cpp-20250814.1/absl/status/CMakeFiles/absl_status.dir/internal/status_internal.cc.o
[ 54%] Building CXX object extra/abseil/abseil-cpp-20250814.1/absl/status/CMakeFiles/absl_status.dir/status.cc.o
[ 54%] Built target myisamchk
[ 54%] Building CXX object extra/abseil/abseil-cpp-20250814.1/absl/log/CMakeFiles/absl_log_internal_message.dir/internal/log_message.cc.o
[ 54%] Built target ibd2sdi
[ 54%] Linking CXX shared library ../../../../../library_output_directory/libabsl_raw_hash_set.so
[ 54%] Linking CXX shared library ../../../../../library_output_directory/libabsl_status.so
[ 54%] Built target mysql_keyring_encryption_test
[ 54%] Linking CXX shared library ../../../../../library_output_directory/libabsl_log_internal_message.so
[ 54%] Built target json_binlog
[ 54%] Built target perconaserverclient
[ 54%] Built target myisampack
[ 54%] Built target mysql_test_event_tracking
[ 54%] Building CXX object libmysql/authentication_kerberos/CMakeFiles/authentication_kerberos_client.dir/kerberos_client_interface.cc.o
[ 54%] Building CXX object client/CMakeFiles/mysqlcheck.dir/check/mysqlcheck_core.cc.o
[ 55%] Linking CXX static library ../../../archive_output_directory/libfido_client_common.a
[ 56%] Building CXX object client/CMakeFiles/mysqltest.dir/mysqltest/error_names.cc.o
[ 56%] Building CXX object client/CMakeFiles/mysqldump.dir/mysqldump.cc.o
[ 56%] Building CXX object client/CMakeFiles/mysqlcheck.dir/multi_factor_passwordopt-vars.cc.o
[ 56%] Building CXX object client/CMakeFiles/mysqltest.dir/mysqltest.cc.o
[ 56%] Building CXX object client/CMakeFiles/mysql_config_editor.dir/mysql_config_editor.cc.o
[ 56%] Building CXX object client/CMakeFiles/mysqlcheck.dir/check/mysqlcheck.cc.o
[ 56%] Building CXX object client/CMakeFiles/mysqlshow.dir/mysqlshow.cc.o
[ 56%] Building CXX object libmysql/authentication_kerberos/CMakeFiles/authentication_kerberos_client.dir/auth_kerberos_client_io.cc.o
[ 56%] Building CXX object client/CMakeFiles/mysqlshow.dir/multi_factor_passwordopt-vars.cc.o
[ 56%] Building CXX object client/CMakeFiles/mysqltest.dir/mysqltest/expected_errors.cc.o
[ 56%] Building CXX object libmysql/authentication_kerberos/CMakeFiles/authentication_kerberos_client.dir/auth_kerberos_client_plugin.cc.o
[ 56%] Building CXX object client/CMakeFiles/mysql.dir/pattern_matcher.cc.o
[ 56%] Building CXX object client/CMakeFiles/mysqldump.dir/multi_factor_passwordopt-vars.cc.o
[ 56%] Building CXX object testclients/CMakeFiles/mysql_client_test.dir/mysql_client_test.cc.o
[ 56%] Building CXX object client/CMakeFiles/mysqldump.dir/multi_option.cc.o
[ 56%] Building CXX object client/CMakeFiles/mysql.dir/readline.cc.o
[ 56%] Building CXX object client/CMakeFiles/mysql.dir/completion_hash.cc.o
[ 56%] Building CXX object client/CMakeFiles/mysqltest.dir/mysqltest/logfile.cc.o
[ 56%] Building CXX object client/CMakeFiles/mysqltest.dir/mysqltest/regular_expressions.cc.o
[ 56%] Building CXX object client/CMakeFiles/mysqlimport.dir/mysqlimport.cc.o
[ 56%] Building CXX object client/CMakeFiles/mysql.dir/__/sql-common/net_ns.cc.o
[ 56%] Building CXX object libmysql/authentication_kerberos/CMakeFiles/authentication_kerberos_client.dir/gssapi_utility.cc.o
[ 56%] Building CXX object client/CMakeFiles/mysqltest.dir/mysqltest/expected_warnings.cc.o
[ 56%] Building CXX object client/CMakeFiles/mysqladmin.dir/mysqladmin.cc.o
[ 56%] Building CXX object client/CMakeFiles/mysql.dir/multi_factor_passwordopt-vars.cc.o
[ 56%] Building CXX object client/CMakeFiles/mysql.dir/mysql.cc.o
[ 56%] Building CXX object client/CMakeFiles/mysql.dir/multi_option.cc.o
[ 56%] Building CXX object client/CMakeFiles/mysqlimport.dir/multi_factor_passwordopt-vars.cc.o
[ 56%] Building CXX object client/CMakeFiles/mysqladmin.dir/multi_factor_passwordopt-vars.cc.o
[ 56%] Built target component_keyring_vault
[ 56%] Building CXX object client/CMakeFiles/mysqltest.dir/mysqltest/utils.cc.o
[ 56%] Building CXX object client/migrate_keyring/CMakeFiles/mysql_migrate_keyring.dir/components.cc.o
[ 56%] Building CXX object client/CMakeFiles/mysql.dir/__/sql-common/sql_string.cc.o
[ 56%] Building CXX object libmysql/authentication_kerberos/CMakeFiles/authentication_kerberos_client.dir/gssapi_authentication_client.cc.o
[ 56%] Building CXX object libmysql/authentication_kerberos/CMakeFiles/authentication_kerberos_client.dir/log_client.cc.o
[ 56%] Building CXX object libmysql/authentication_kerberos/CMakeFiles/authentication_kerberos_client.dir/kerberos_core.cc.o
[ 56%] Built target GenServerSource
[ 56%] Building CXX object client/CMakeFiles/mysqltest.dir/mysqltest/secondary_engine.cc.o
[ 56%] Building CXX object client/CMakeFiles/mysql.dir/client_query_attributes.cc.o
[ 56%] Building CXX object client/migrate_keyring/CMakeFiles/mysql_migrate_keyring.dir/__/__/components/keyrings/common/component_helpers/src/keyring_log_builtins_definition.cc.o
[ 56%] Building CXX object client/migrate_keyring/CMakeFiles/mysql_migrate_keyring.dir/migrate_keyring.cc.o
[ 56%] Building CXX object client/migrate_keyring/CMakeFiles/mysql_migrate_keyring.dir/options.cc.o
[ 56%] Building CXX object client/CMakeFiles/mysqlslap.dir/multi_factor_passwordopt-vars.cc.o
[ 56%] Building CXX object client/CMakeFiles/json_binlog_main.dir/json_binlog_main.cc.o
[ 56%] Building CXX object client/CMakeFiles/mysqltest.dir/client_query_attributes.cc.o
[ 56%] Building CXX object client/CMakeFiles/mysql.dir/common/user_registration.cc.o
[ 56%] Building CXX object client/CMakeFiles/mysqlslap.dir/mysqlslap.cc.o
[ 56%] Building CXX object client/CMakeFiles/mysql_secure_installation.dir/mysql_secure_installation.cc.o
[ 56%] Building CXX object client/migrate_keyring/CMakeFiles/mysql_migrate_keyring.dir/__/logger.cc.o
[ 56%] Built target innochecksum
[ 56%] Linking CXX executable ../runtime_output_directory/mysql_config_editor
[ 56%] Building CXX object sql/CMakeFiles/gen_lex_token.dir/gen_lex_token.cc.o
[ 56%] Building CXX object router/src/routing/src/CMakeFiles/sql_lexer.dir/sql_lexer.cc.o
[ 56%] Building CXX object router/src/routing/src/CMakeFiles/sql_lexer.dir/sql_lexer_thd.cc.o
[ 56%] Building CXX object sql/CMakeFiles/gen_keyword_list.dir/gen_keyword_list.cc.o
[ 56%] Building CXX object router/src/routing/src/CMakeFiles/sql_lexer.dir/__/__/__/__/sql/sql_lex_hash.cc.o
[ 56%] Linking CXX executable ../runtime_output_directory/mysqlshow
[ 56%] Linking CXX executable ../runtime_output_directory/json_binlog_main
[ 56%] Linking CXX executable ../runtime_output_directory/mysqldump
[ 56%] Linking CXX executable ../runtime_output_directory/mysqlimport
[ 56%] Linking CXX executable ../runtime_output_directory/mysql_secure_installation
[ 56%] Linking CXX executable ../runtime_output_directory/mysqlslap
[ 56%] Linking CXX executable ../runtime_output_directory/mysqlcheck
[ 56%] Linking CXX executable ../runtime_output_directory/mysqladmin
[ 56%] Linking CXX executable ../runtime_output_directory/mysql_client_test
[ 56%] Linking CXX shared module ../../plugin_output_directory/authentication_kerberos_client.so
[ 56%] Linking CXX executable ../../runtime_output_directory/mysql_migrate_keyring
[ 56%] Linking CXX executable ../runtime_output_directory/mysql
[ 56%] Linking CXX executable ../runtime_output_directory/mysqltest
[ 56%] Built target fido_client_common
[ 56%] Built target component_keyring_file
[ 56%] Building CXX object libmysql/fido_client/authentication_webauthn/CMakeFiles/authentication_webauthn_client.dir/webauthn_assertion.cc.o
[ 56%] Building CXX object libmysql/fido_client/authentication_webauthn/CMakeFiles/authentication_webauthn_client.dir/webauthn_client_plugin.cc.o
[ 56%] Building CXX object libmysql/fido_client/authentication_webauthn/CMakeFiles/authentication_webauthn_client.dir/webauthn_registration.cc.o
[ 56%] Built target absl_raw_hash_set
[ 56%] Built target absl_status
[ 56%] Built target absl_log_internal_message
[ 56%] Linking CXX executable ../runtime_output_directory/gen_lex_token
[ 56%] Built target component_keyring_kms
[ 56%] Built target router_mysqlclient
[ 57%] Building CXX object extra/abseil/abseil-cpp-20250814.1/absl/flags/CMakeFiles/absl_flags_reflection.dir/reflection.cc.o
[ 57%] Building CXX object extra/abseil/abseil-cpp-20250814.1/absl/profiling/CMakeFiles/absl_profile_builder.dir/internal/profile_builder.cc.o
[ 57%] Built target component_audit_log_filter
[ 57%] Built target libmysql
[ 57%] Linking CXX shared module ../../../plugin_output_directory/authentication_webauthn_client.so
[ 57%] Building CXX object extra/abseil/abseil-cpp-20250814.1/absl/status/CMakeFiles/absl_statusor.dir/statusor.cc.o
[ 57%] Building CXX object extra/abseil/abseil-cpp-20250814.1/absl/log/CMakeFiles/absl_die_if_null.dir/die_if_null.cc.o
[ 57%] Building CXX object extra/abseil/abseil-cpp-20250814.1/absl/log/CMakeFiles/absl_log_internal_check_op.dir/internal/check_op.cc.o
[ 57%] Built target json_binlog_static
[ 57%] Building CXX object router/src/harness/src/CMakeFiles/harness-library.dir/loader.cc.o
[ 57%] Building CXX object router/src/harness/src/CMakeFiles/harness-library.dir/utilities.cc.o
[ 57%] Building CXX object router/src/harness/src/CMakeFiles/harness-library.dir/access_rights.cc.o
[ 57%] Building CXX object router/src/harness/src/CMakeFiles/harness-library.dir/event_state_tracker.cc.o
[ 57%] Building CXX object router/src/harness/src/CMakeFiles/harness-library.dir/dynamic_state.cc.o
[ 57%] Building CXX object router/src/harness/src/CMakeFiles/harness-library.dir/designator.cc.o
[ 57%] Building CXX object router/src/harness/src/CMakeFiles/harness-library.dir/filesystem.cc.o
[ 57%] Building CXX object router/src/harness/src/CMakeFiles/harness-library.dir/dynamic_loader.cc.o
[ 57%] Building C object libmysql/CMakeFiles/libmysql_api_test.dir/api_test.c.o
[ 57%] Building CXX object router/src/harness/src/CMakeFiles/harness-library.dir/config_option.cc.o
[ 57%] Building CXX object router/src/harness/src/CMakeFiles/harness-library.dir/common.cc.o
[ 57%] Building CXX object router/src/harness/src/CMakeFiles/harness-library.dir/plugin_config.cc.o
[ 57%] Building CXX object router/src/harness/src/CMakeFiles/harness-library.dir/config_section_printer.cc.o
[ 57%] Building CXX object router/src/harness/src/CMakeFiles/harness-library.dir/config_parser.cc.o
[ 57%] Building CXX object router/src/harness/src/CMakeFiles/harness-library.dir/logging/consolelog_plugin.cc.o
[ 57%] Building CXX object router/src/harness/src/CMakeFiles/harness-library.dir/logging/filelog_plugin.cc.o
[ 57%] Building CXX object client/CMakeFiles/json_binlog_main_static.dir/json_binlog_main.cc.o
[ 57%] Building CXX object router/src/harness/src/CMakeFiles/harness-library.dir/logging/logger_plugin.cc.o
[ 57%] Building CXX object router/src/harness/src/CMakeFiles/harness-library.dir/loader_config.cc.o
[ 58%] Building CXX object router/src/harness/src/CMakeFiles/harness-library.dir/plugin_state.cc.o
[ 58%] Building CXX object router/src/harness/src/CMakeFiles/harness-library.dir/dim.cc.o
[ 58%] Building CXX object router/src/harness/src/CMakeFiles/harness-library.dir/builtin_plugins.cc.o
[ 58%] Building CXX object router/src/harness/src/CMakeFiles/harness-library.dir/arg_handler.cc.o
[ 58%] Building CXX object router/src/harness/src/CMakeFiles/harness-library.dir/signal_handler.cc.o
[ 58%] Building CXX object router/src/harness/src/CMakeFiles/harness-library.dir/scoped_callback.cc.o
[ 58%] Building CXX object router/src/harness/src/CMakeFiles/harness-library.dir/hostname_validator.cc.o
[ 58%] Building CXX object router/src/harness/src/CMakeFiles/harness-library.dir/string_utils.cc.o
[ 58%] Building CXX object router/src/harness/src/CMakeFiles/harness-library.dir/process_launcher.cc.o
[ 58%] Building CXX object router/src/harness/src/CMakeFiles/harness-library.dir/logging/handler.cc.o
[ 58%] Building CXX object router/src/harness/src/CMakeFiles/harness-library.dir/tls_cipher.cc.o
[ 58%] Building CXX object router/src/harness/src/CMakeFiles/harness-library.dir/sd_notify.cc.o
[ 58%] Building CXX object router/src/harness/src/CMakeFiles/harness-library.dir/mysql_router_thread.cc.o
[ 58%] Building CXX object router/src/harness/src/CMakeFiles/harness-library.dir/log_reopen.cc.o
[ 58%] Building CXX object router/src/harness/src/CMakeFiles/harness-library.dir/logging/logger.cc.o
[ 58%] Building CXX object router/src/harness/src/CMakeFiles/harness-library.dir/random_generator.cc.o
[ 58%] Building CXX object router/src/harness/src/CMakeFiles/harness-library.dir/logging/registry.cc.o
[ 58%] Building CXX object client/CMakeFiles/mysqlbinlog.dir/mysqlbinlog.cc.o
[ 58%] Linking CXX shared library ../../../../../library_output_directory/libabsl_log_internal_check_op.so
[ 58%] Linking CXX shared library ../../../../../library_output_directory/libabsl_die_if_null.so
[ 58%] Linking CXX shared library ../../../../../library_output_directory/libabsl_flags_reflection.so
[ 58%] Linking CXX shared library ../../../../../library_output_directory/libabsl_statusor.so
[ 58%] Building CXX object client/CMakeFiles/mysqlbinlog.dir/__/sql/rpl_gtid_set.cc.o
[ 58%] Building CXX object router/src/harness/src/CMakeFiles/harness-library.dir/socket_operations.cc.o
[ 58%] Built target json_binlog_main
[ 58%] Building CXX object client/CMakeFiles/mysqlbinlog.dir/__/sql/basic_istream.cc.o
[ 58%] Building CXX object client/CMakeFiles/mysqlbinlog.dir/__/sql/rpl_utility.cc.o
[ 58%] Building CXX object client/CMakeFiles/mysqlbinlog.dir/__/sql/log_event.cc.o
[ 58%] Building CXX object client/CMakeFiles/mysqlbinlog.dir/__/sql/rpl_gtid_tsid_map.cc.o
[ 58%] Building CXX object client/CMakeFiles/mysqlbinlog.dir/__/sql/rpl_tblmap.cc.o
[ 58%] Linking CXX shared library ../../../../../library_output_directory/libabsl_profile_builder.so
[ 58%] Building CXX object client/CMakeFiles/mysqlbinlog.dir/__/sql/rpl_gtid_misc.cc.o
[ 58%] Building CXX object client/CMakeFiles/mysqlbinlog.dir/__/sql/rpl_log_encryption.cc.o
[ 58%] Building CXX object router/src/harness/src/CMakeFiles/harness-library.dir/keyring/keyring_manager.cc.o
[ 58%] Building CXX object router/src/harness/src/CMakeFiles/harness-library.dir/vt100_filter.cc.o
[ 58%] Building CXX object router/src/harness/src/CMakeFiles/harness-library.dir/keyring/keyring_memory.cc.o
[ 58%] Building CXX object client/CMakeFiles/mysqlbinlog.dir/__/sql/binlog_reader.cc.o
[ 58%] Building CXX object router/src/harness/src/CMakeFiles/harness-library.dir/process_state_component.cc.o
[ 58%] Building CXX object router/src/harness/src/CMakeFiles/harness-library.dir/keyring/master_key_file.cc.o
[ 58%] Building CXX object client/CMakeFiles/mysqlbinlog.dir/__/sql/binlog_istream.cc.o
[ 58%] Building CXX object router/src/harness/src/CMakeFiles/harness-library.dir/tty.cc.o
[ 58%] Building CXX object router/src/harness/src/CMakeFiles/harness-library.dir/log_reopen_component.cc.o
[ 58%] Building CXX object router/src/harness/src/CMakeFiles/harness-library.dir/dynamic_config.cc.o
[ 58%] Building CXX object client/CMakeFiles/mysqlbinlog.dir/__/sql/rpl_gtid_specification.cc.o
[ 58%] Building CXX object router/src/harness/src/CMakeFiles/harness-library.dir/keyring/keyring_file.cc.o
[ 58%] Building CXX object router/src/harness/src/CMakeFiles/harness-library.dir/vt100.cc.o
[ 58%] Building CXX object router/src/harness/src/CMakeFiles/harness-library.dir/destination_acceptor.cc.o
[ 58%] Building CXX object router/src/harness/src/CMakeFiles/harness-library.dir/section_config_exposer.cc.o
[ 58%] Building CXX object router/src/harness/src/CMakeFiles/harness-library.dir/destination.cc.o
[ 58%] Building CXX object router/src/harness/src/CMakeFiles/harness-library.dir/destination_endpoint.cc.o
[ 58%] Building CXX object router/src/harness/src/CMakeFiles/harness-library.dir/destination_socket.cc.o
[ 58%] Building CXX object router/src/harness/src/CMakeFiles/harness-library.dir/secure_string.cc.o
[ 58%] Building CXX object router/src/harness/src/CMakeFiles/harness-library.dir/regex_matcher.cc.o
[ 58%] Building CXX object router/src/harness/src/CMakeFiles/harness-library.dir/auto_cleaner.cc.o
[ 58%] Building CXX object router/src/harness/src/CMakeFiles/harness-library.dir/resolver/resolver.cc.o
[ 59%] Building CXX object router/src/harness/src/CMakeFiles/harness-library.dir/resolver/registry.cc.o
[ 59%] Linking CXX executable ../runtime_output_directory/libmysql_api_test
[ 59%] Building CXX object router/src/harness/src/CMakeFiles/harness-library.dir/filesystem-posix.cc.o
[ 59%] Building CXX object router/src/harness/src/CMakeFiles/harness-library.dir/logging/syslog_plugin.cc.o
[ 59%] Building CXX object router/src/harness/src/CMakeFiles/harness-library.dir/utilities-posix.cc.o
[ 59%] Linking CXX executable ../runtime_output_directory/json_binlog_main_static
[ 59%] Building CXX object router/src/harness/src/CMakeFiles/harness-library.dir/configuration_update_schema.cc.o
[ 59%] Building CXX object router/src/harness/src/CMakeFiles/harness-library.dir/resolver/error_code.cc.o
[ 59%] Building CXX object router/src/harness/src/CMakeFiles/harness-library.dir/secure_memory_pool.cc.o
[ 59%] Built target json_client_library_main
[ 59%] Built target component_keyring_kmip
[ 59%] Built target gen_lex_token
[ 59%] Linking CXX executable ../runtime_output_directory/mysqlbinlog
[ 59%] Generating lex_token.h
[ 59%] Built target GenDigestServerSource
[ 59%] Built target absl_log_internal_check_op
[ 59%] Built target absl_flags_reflection
[ 59%] Built target absl_statusor
[ 59%] Built target absl_profile_builder
[ 59%] Built target absl_die_if_null
[ 59%] Built target authentication_kerberos_client
[ 59%] Linking CXX executable ../runtime_output_directory/gen_keyword_list
[ 59%] Building CXX object extra/abseil/abseil-cpp-20250814.1/absl/flags/CMakeFiles/absl_flags_usage_internal.dir/internal/usage.cc.o
[ 59%] Building CXX object extra/abseil/abseil-cpp-20250814.1/absl/log/CMakeFiles/absl_log_flags.dir/flags.cc.o
[ 59%] Building CXX object extra/abseil/abseil-cpp-20250814.1/absl/profiling/CMakeFiles/absl_hashtable_profiler.dir/hashtable.cc.o
[ 59%] Built target libmysql_api_test
[ 59%] Building CXX object extra/protobuf/protobuf-24.4/CMakeFiles/libprotobuf-lite.dir/src/google/protobuf/arenastring.cc.o
[ 59%] Building CXX object extra/protobuf/protobuf-24.4/CMakeFiles/libprotobuf-lite.dir/src/google/protobuf/arena_align.cc.o
[ 59%] Building CXX object extra/protobuf/protobuf-24.4/CMakeFiles/libprotobuf.dir/src/google/protobuf/any.pb.cc.o
[ 59%] Building CXX object extra/protobuf/protobuf-24.4/CMakeFiles/libprotobuf-lite.dir/src/google/protobuf/extension_set.cc.o
[ 59%] Building CXX object extra/protobuf/protobuf-24.4/CMakeFiles/libprotobuf-lite.dir/src/google/protobuf/arena.cc.o
[ 59%] Building CXX object extra/protobuf/protobuf-24.4/CMakeFiles/libprotobuf-lite.dir/src/google/protobuf/any_lite.cc.o
[ 59%] Building CXX object extra/protobuf/protobuf-24.4/CMakeFiles/libprotobuf-lite.dir/src/google/protobuf/generated_enum_util.cc.o
[ 59%] Building CXX object extra/protobuf/protobuf-24.4/CMakeFiles/libprotobuf-lite.dir/src/google/protobuf/arenaz_sampler.cc.o
[ 59%] Building CXX object extra/protobuf/protobuf-24.4/CMakeFiles/libprotobuf-lite.dir/src/google/protobuf/generated_message_tctable_lite.cc.o
[ 59%] Building CXX object extra/protobuf/protobuf-24.4/CMakeFiles/libprotobuf.dir/src/google/protobuf/field_mask.pb.cc.o
[ 59%] Building CXX object extra/protobuf/protobuf-24.4/CMakeFiles/libprotobuf-lite.dir/src/google/protobuf/io/io_win32.cc.o
[ 59%] Building CXX object extra/protobuf/protobuf-24.4/CMakeFiles/libprotobuf-lite.dir/src/google/protobuf/inlined_string_field.cc.o
[ 59%] Building CXX object extra/protobuf/protobuf-24.4/CMakeFiles/libprotobuf.dir/src/google/protobuf/empty.pb.cc.o
[ 59%] Building CXX object extra/protobuf/protobuf-24.4/CMakeFiles/libprotobuf.dir/src/google/protobuf/api.pb.cc.o
[ 59%] Building CXX object extra/protobuf/protobuf-24.4/CMakeFiles/libprotobuf.dir/src/google/protobuf/duration.pb.cc.o
[ 59%] Building CXX object extra/protobuf/protobuf-24.4/CMakeFiles/libprotobuf-lite.dir/src/google/protobuf/generated_message_util.cc.o
[ 59%] Building CXX object extra/protobuf/protobuf-24.4/CMakeFiles/libprotobuf-lite.dir/src/google/protobuf/implicit_weak_message.cc.o
[ 59%] Building CXX object extra/protobuf/protobuf-24.4/CMakeFiles/libprotobuf-lite.dir/src/google/protobuf/io/coded_stream.cc.o
[ 59%] Building CXX object extra/protobuf/protobuf-24.4/CMakeFiles/libprotobuf.dir/src/google/protobuf/source_context.pb.cc.o
[ 59%] Building CXX object extra/protobuf/protobuf-24.4/CMakeFiles/libprotobuf.dir/src/google/protobuf/struct.pb.cc.o
[ 59%] Building CXX object extra/protobuf/protobuf-24.4/CMakeFiles/libprotobuf-lite.dir/src/google/protobuf/io/zero_copy_stream.cc.o
[ 59%] Building CXX object extra/protobuf/protobuf-24.4/CMakeFiles/libprotobuf-lite.dir/src/google/protobuf/io/zero_copy_stream_impl.cc.o
[ 59%] Building CXX object extra/protobuf/protobuf-24.4/CMakeFiles/libprotobuf.dir/src/google/protobuf/timestamp.pb.cc.o
[ 59%] Building CXX object extra/protobuf/protobuf-24.4/CMakeFiles/libprotobuf-lite.dir/src/google/protobuf/map.cc.o
[ 59%] Building CXX object extra/protobuf/protobuf-24.4/CMakeFiles/libprotobuf-lite.dir/src/google/protobuf/port.cc.o
[ 59%] Building CXX object extra/protobuf/protobuf-24.4/CMakeFiles/libprotobuf-lite.dir/src/google/protobuf/io/zero_copy_stream_impl_lite.cc.o
[ 59%] Building CXX object extra/protobuf/protobuf-24.4/CMakeFiles/libprotobuf-lite.dir/src/google/protobuf/message_lite.cc.o
[ 59%] Building CXX object extra/protobuf/protobuf-24.4/CMakeFiles/libprotobuf-lite.dir/src/google/protobuf/repeated_field.cc.o
[ 59%] Building CXX object extra/protobuf/protobuf-24.4/CMakeFiles/libprotobuf-lite.dir/src/google/protobuf/parse_context.cc.o
[ 59%] Building CXX object extra/protobuf/protobuf-24.4/CMakeFiles/libprotobuf.dir/src/google/protobuf/any.cc.o
[ 59%] Building CXX object extra/protobuf/protobuf-24.4/CMakeFiles/libprotobuf-lite.dir/src/google/protobuf/stubs/common.cc.o
[ 59%] Building CXX object extra/protobuf/protobuf-24.4/CMakeFiles/libprotobuf.dir/src/google/protobuf/arena_align.cc.o
[ 59%] Building CXX object extra/protobuf/protobuf-24.4/CMakeFiles/libprotobuf.dir/src/google/protobuf/arenaz_sampler.cc.o
[ 59%] Building CXX object extra/protobuf/protobuf-24.4/CMakeFiles/libprotobuf.dir/src/google/protobuf/arenastring.cc.o
[ 59%] Building CXX object extra/protobuf/protobuf-24.4/CMakeFiles/libprotobuf.dir/src/google/protobuf/type.pb.cc.o
[ 59%] Building CXX object extra/protobuf/protobuf-24.4/CMakeFiles/libprotobuf-lite.dir/src/google/protobuf/raw_ptr.cc.o
[ 59%] Building CXX object extra/protobuf/protobuf-24.4/CMakeFiles/libprotobuf.dir/src/google/protobuf/wrappers.pb.cc.o
[ 59%] Building CXX object extra/protobuf/protobuf-24.4/CMakeFiles/libprotobuf.dir/src/google/protobuf/any_lite.cc.o
[ 59%] Building CXX object extra/protobuf/protobuf-24.4/CMakeFiles/libprotobuf.dir/src/google/protobuf/descriptor.cc.o
[ 59%] Building CXX object extra/protobuf/protobuf-24.4/CMakeFiles/libprotobuf-lite.dir/src/google/protobuf/repeated_ptr_field.cc.o
[ 59%] Building CXX object extra/protobuf/protobuf-24.4/CMakeFiles/libprotobuf-lite.dir/src/google/protobuf/wire_format_lite.cc.o
[ 59%] Building CXX object extra/protobuf/protobuf-24.4/CMakeFiles/libprotobuf.dir/src/google/protobuf/descriptor.pb.cc.o
[ 59%] Building CXX object extra/protobuf/protobuf-24.4/CMakeFiles/libprotobuf.dir/src/google/protobuf/arena.cc.o
[ 59%] Building CXX object extra/protobuf/protobuf-24.4/CMakeFiles/libprotobuf.dir/src/google/protobuf/dynamic_message.cc.o
[ 59%] Building CXX object extra/protobuf/protobuf-24.4/CMakeFiles/libprotobuf.dir/src/google/protobuf/extension_set.cc.o
[ 59%] Building CXX object extra/protobuf/protobuf-24.4/CMakeFiles/libprotobuf.dir/src/google/protobuf/compiler/parser.cc.o
[ 59%] Building CXX object extra/protobuf/protobuf-24.4/CMakeFiles/libprotobuf.dir/src/google/protobuf/extension_set_heavy.cc.o
[ 59%] Building CXX object extra/protobuf/protobuf-24.4/CMakeFiles/libprotobuf.dir/src/google/protobuf/feature_resolver.cc.o
[ 60%] Building CXX object extra/protobuf/protobuf-24.4/CMakeFiles/libprotobuf.dir/src/google/protobuf/compiler/importer.cc.o
[ 60%] Building CXX object extra/protobuf/protobuf-24.4/CMakeFiles/libprotobuf.dir/src/google/protobuf/cpp_features.pb.cc.o
[ 60%] Building CXX object extra/protobuf/protobuf-24.4/CMakeFiles/libprotobuf.dir/src/google/protobuf/generated_message_bases.cc.o
[ 60%] Building CXX object extra/protobuf/protobuf-24.4/CMakeFiles/libprotobuf.dir/src/google/protobuf/descriptor_database.cc.o
[ 60%] Building CXX object extra/protobuf/protobuf-24.4/CMakeFiles/libprotobuf.dir/src/google/protobuf/generated_message_tctable_gen.cc.o
[ 60%] Built target mysql_config_editor
[ 60%] Building CXX object extra/protobuf/protobuf-24.4/CMakeFiles/libprotobuf.dir/src/google/protobuf/generated_enum_util.cc.o
[ 60%] Building CXX object extra/protobuf/protobuf-24.4/CMakeFiles/libprotobuf.dir/src/google/protobuf/inlined_string_field.cc.o
[ 60%] Building CXX object extra/protobuf/protobuf-24.4/CMakeFiles/libprotobuf.dir/src/google/protobuf/generated_message_reflection.cc.o
[ 60%] Building CXX object extra/protobuf/protobuf-24.4/CMakeFiles/libprotobuf.dir/src/google/protobuf/generated_message_tctable_lite.cc.o
[ 60%] Building CXX object extra/protobuf/protobuf-24.4/CMakeFiles/libprotobuf.dir/src/google/protobuf/io/coded_stream.cc.o
[ 60%] Building CXX object extra/protobuf/protobuf-24.4/CMakeFiles/libprotobuf.dir/src/google/protobuf/generated_message_tctable_full.cc.o
[ 60%] Building CXX object extra/protobuf/protobuf-24.4/CMakeFiles/libprotobuf.dir/src/google/protobuf/generated_message_util.cc.o
[ 60%] Building CXX object extra/protobuf/protobuf-24.4/CMakeFiles/libprotobuf.dir/src/google/protobuf/io/gzip_stream.cc.o
[ 60%] Building CXX object extra/protobuf/protobuf-24.4/CMakeFiles/libprotobuf.dir/src/google/protobuf/implicit_weak_message.cc.o
[ 60%] Linking CXX shared library ../../../../../library_output_directory/libabsl_log_flags.so
[ 60%] Building CXX object extra/protobuf/protobuf-24.4/CMakeFiles/libprotobuf.dir/src/google/protobuf/io/printer.cc.o
[ 60%] Building CXX object extra/protobuf/protobuf-24.4/CMakeFiles/libprotobuf.dir/src/google/protobuf/io/io_win32.cc.o
[ 60%] Building CXX object extra/protobuf/protobuf-24.4/CMakeFiles/libprotobuf.dir/src/google/protobuf/internal_message_util.cc.o
[ 60%] Linking CXX shared library ../../../../../library_output_directory/libabsl_flags_usage_internal.so
[ 60%] Generating libmysql_api_test.out
[ 60%] Linking CXX shared library ../../../../../library_output_directory/libabsl_hashtable_profiler.so
[ 60%] Building CXX object extra/protobuf/protobuf-24.4/CMakeFiles/libprotobuf.dir/src/google/protobuf/io/zero_copy_sink.cc.o
[ 60%] Building CXX object extra/protobuf/protobuf-24.4/CMakeFiles/libprotobuf.dir/src/google/protobuf/io/tokenizer.cc.o
[ 60%] Building CXX object extra/protobuf/protobuf-24.4/CMakeFiles/libprotobuf.dir/src/google/protobuf/io/zero_copy_stream.cc.o
[ 60%] Building CXX object extra/protobuf/protobuf-24.4/CMakeFiles/libprotobuf.dir/src/google/protobuf/io/strtod.cc.o
[ 60%] Building CXX object extra/protobuf/protobuf-24.4/CMakeFiles/libprotobuf.dir/src/google/protobuf/io/zero_copy_stream_impl.cc.o
[ 60%] Linking CXX static library libsql_lexer.a
[ 60%] Building CXX object extra/protobuf/protobuf-24.4/CMakeFiles/libprotobuf.dir/src/google/protobuf/io/zero_copy_stream_impl_lite.cc.o
[ 60%] Building CXX object extra/protobuf/protobuf-24.4/CMakeFiles/libprotobuf.dir/src/google/protobuf/json/internal/untyped_message.cc.o
[ 60%] Building CXX object extra/protobuf/protobuf-24.4/CMakeFiles/libprotobuf.dir/src/google/protobuf/json/internal/parser.cc.o
[ 60%] Built target run_libmysql_api_test
[ 60%] Building CXX object extra/protobuf/protobuf-24.4/CMakeFiles/libprotobuf.dir/src/google/protobuf/json/internal/zero_copy_buffered_stream.cc.o
[ 60%] Building CXX object extra/protobuf/protobuf-24.4/CMakeFiles/libprotobuf.dir/src/google/protobuf/json/internal/lexer.cc.o
[ 60%] Building CXX object extra/protobuf/protobuf-24.4/CMakeFiles/libprotobuf.dir/src/google/protobuf/json/internal/message_path.cc.o
[ 60%] Building CXX object extra/protobuf/protobuf-24.4/CMakeFiles/libprotobuf.dir/src/google/protobuf/json/internal/writer.cc.o
[ 60%] Building CXX object extra/protobuf/protobuf-24.4/CMakeFiles/libprotobuf.dir/src/google/protobuf/json/internal/unparser.cc.o
[ 60%] Building CXX object extra/protobuf/protobuf-24.4/CMakeFiles/libprotobuf.dir/src/google/protobuf/json/json.cc.o
[ 60%] Building CXX object extra/protobuf/protobuf-24.4/CMakeFiles/libprotobuf.dir/src/google/protobuf/map.cc.o
[ 60%] Building CXX object extra/protobuf/protobuf-24.4/CMakeFiles/libprotobuf.dir/src/google/protobuf/map_field.cc.o
[ 60%] Building CXX object extra/protobuf/protobuf-24.4/CMakeFiles/libprotobuf.dir/src/google/protobuf/message_lite.cc.o
[ 60%] Building CXX object extra/protobuf/protobuf-24.4/CMakeFiles/libprotobuf.dir/src/google/protobuf/port.cc.o
[ 60%] Building CXX object extra/protobuf/protobuf-24.4/CMakeFiles/libprotobuf.dir/src/google/protobuf/reflection_mode.cc.o
[ 60%] Building CXX object extra/protobuf/protobuf-24.4/CMakeFiles/libprotobuf.dir/src/google/protobuf/message.cc.o
[ 60%] Building CXX object extra/protobuf/protobuf-24.4/CMakeFiles/libprotobuf.dir/src/google/protobuf/parse_context.cc.o
[ 60%] Building CXX object extra/protobuf/protobuf-24.4/CMakeFiles/libprotobuf.dir/src/google/protobuf/raw_ptr.cc.o
[ 60%] Building CXX object extra/protobuf/protobuf-24.4/CMakeFiles/libprotobuf.dir/src/google/protobuf/service.cc.o
[ 60%] Building CXX object extra/protobuf/protobuf-24.4/CMakeFiles/libprotobuf.dir/src/google/protobuf/stubs/common.cc.o
[ 60%] Building CXX object extra/protobuf/protobuf-24.4/CMakeFiles/libprotobuf.dir/src/google/protobuf/text_format.cc.o
[ 61%] Building CXX object extra/protobuf/protobuf-24.4/CMakeFiles/libprotobuf.dir/src/google/protobuf/reflection_ops.cc.o
[ 61%] Building CXX object extra/protobuf/protobuf-24.4/CMakeFiles/libprotobuf.dir/src/google/protobuf/repeated_field.cc.o
[ 61%] Building CXX object extra/protobuf/protobuf-24.4/CMakeFiles/libprotobuf.dir/src/google/protobuf/repeated_ptr_field.cc.o
[ 61%] Building CXX object extra/protobuf/protobuf-24.4/CMakeFiles/libprotobuf.dir/src/google/protobuf/unknown_field_set.cc.o
[ 61%] Building CXX object extra/protobuf/protobuf-24.4/CMakeFiles/libprotobuf.dir/src/google/protobuf/util/delimited_message_util.cc.o
[ 61%] Building CXX object extra/protobuf/protobuf-24.4/CMakeFiles/libprotobuf.dir/src/google/protobuf/util/field_comparator.cc.o
[ 61%] Building CXX object extra/protobuf/protobuf-24.4/CMakeFiles/libprotobuf.dir/src/google/protobuf/util/field_mask_util.cc.o
[ 61%] Building CXX object extra/protobuf/protobuf-24.4/CMakeFiles/libprotobuf.dir/src/google/protobuf/util/message_differencer.cc.o
[ 61%] Building CXX object extra/protobuf/protobuf-24.4/CMakeFiles/libprotobuf.dir/src/google/protobuf/wire_format.cc.o
[ 61%] Building CXX object extra/protobuf/protobuf-24.4/CMakeFiles/libprotobuf.dir/src/google/protobuf/wire_format_lite.cc.o
[ 61%] Building CXX object extra/protobuf/protobuf-24.4/CMakeFiles/libprotobuf.dir/src/google/protobuf/util/type_resolver_util.cc.o
[ 61%] Building CXX object extra/protobuf/protobuf-24.4/CMakeFiles/libprotobuf.dir/src/google/protobuf/util/time_util.cc.o
[ 61%] Linking CXX shared library ../../../library_output_directory/libprotobuf-lite.so
[ 61%] Built target sql_lexer
[ 61%] Built target mysqldump
[ 61%] Built target authentication_webauthn_client
[ 61%] Linking CXX shared library ../../../library_output_directory/libprotobuf.so
[ 61%] Built target absl_log_flags
[ 61%] Built target mysqlshow
[ 61%] Built target mysqlimport
[ 61%] Built target absl_flags_usage_internal
[ 61%] Built target mysql_secure_installation
[ 61%] Built target mysqladmin
[ 61%] Built target json_binlog_main_static
[ 61%] Built target mysqlslap
[ 61%] Built target absl_hashtable_profiler
[ 61%] Built target gen_keyword_list
[ 61%] Building CXX object extra/abseil/abseil-cpp-20250814.1/absl/flags/CMakeFiles/absl_flags_usage.dir/usage.cc.o
[ 61%] Built target mysqlcheck
[ 61%] Generating keyword_list.h
[ 61%] Linking CXX shared library ../../../../library_output_directory/libmysqlharness.so
[ 61%] Linking CXX shared library ../../../../../library_output_directory/libabsl_flags_usage.so
[ 61%] Built target mysql_client_test
[ 61%] Built target mysql
[ 61%] Built target perfschema
[ 61%] Built target mysql_migrate_keyring
[ 61%] Built target GenKeywordList
[ 61%] Built target mysqltest
[ 61%] Built target absl_flags_usage
[ 61%] Building CXX object extra/abseil/abseil-cpp-20250814.1/absl/flags/CMakeFiles/absl_flags_parse.dir/parse.cc.o
[ 61%] Linking CXX shared library ../../../../../library_output_directory/libabsl_flags_parse.so
[ 61%] Built target libprotobuf-lite
[ 61%] Built target absl_flags_parse
[ 61%] Built target mysqlbinlog
[ 61%] Built target harness-library
[ 61%] Building CXX object router/src/router/src/CMakeFiles/router_utils.dir/default_paths.cc.o
[ 61%] Building CXX object router/src/keepalive/CMakeFiles/keepalive.dir/src/keepalive.cc.o
[ 61%] Building CXX object router/src/openssl/src/CMakeFiles/router_openssl.dir/openssl_plugin.cc.o
[ 61%] Building CXX object router/src/router/src/CMakeFiles/router_utils.dir/keyring_info.cc.o
[ 61%] Building CXX object router/src/plugin_info/src/CMakeFiles/mysqlrouter_plugin_info.dir/library_file.cc.o
[ 61%] Building CXX object router/src/router/src/CMakeFiles/router_utils.dir/utils.cc.o
[ 61%] Building CXX object router/src/io/src/CMakeFiles/io_component.dir/io_backend.cc.o
[ 61%] Building CXX object router/src/router/src/CMakeFiles/router_utils.dir/routing_guidelines_version.cc.o
[ 61%] Building CXX object router/src/router/src/CMakeFiles/router_utils.dir/uri.cc.o
[ 61%] Building CXX object router/src/mock_host_resolver/src/CMakeFiles/mock_host_resolver.dir/mock_host_resolver_plugin.cc.o
[ 61%] Building CXX object router/src/plugin_info/src/CMakeFiles/mysqlrouter_plugin_info.dir/main.cc.o
[ 61%] Building CXX object router/src/router/src/CMakeFiles/router_mysql.dir/common/accounts_cleaner.cc.o
[ 61%] Building CXX object router/src/io/src/CMakeFiles/io_component.dir/io_component.cc.o
[ 61%] Building CXX object router/src/router/src/CMakeFiles/router_utils.dir/router_config_utils.cc.o
[ 61%] Building CXX object router/src/plugin_info/src/CMakeFiles/mysqlrouter_plugin_info.dir/plugin_info_app.cc.o
[ 61%] Building CXX object router/src/mock_host_resolver/src/CMakeFiles/mock_host_resolver.dir/mock_host_resolver_plugin_config.cc.o
[ 61%] Building CXX object router/src/plugin_info/src/CMakeFiles/mysqlrouter_plugin_info.dir/plugin.cc.o
[ 61%] Building CXX object router/src/router/src/CMakeFiles/router_mysql.dir/common/log_filter.cc.o
[ 61%] Building CXX object router/src/io/src/CMakeFiles/io_component.dir/io_thread.cc.o
[ 61%] Building CXX object router/src/connection_pool/src/CMakeFiles/connection_pool_plugin.dir/connection_pool_plugin.cc.o
[ 62%] Building CXX object router/src/router/src/CMakeFiles/router_mysql.dir/common/server_compatibility.cc.o
[ 62%] Building CXX object router/src/host_cache/src/CMakeFiles/host_cache.dir/host_cache_plugin.cc.o
[ 62%] Building CXX object router/src/host_cache/src/CMakeFiles/host_cache.dir/host_cache_plugin_config.cc.o
[ 62%] Building CXX object router/src/router/src/CMakeFiles/router_mysql.dir/common/utils_sqlstring.cc.o
[ 62%] Building CXX object router/src/io/src/CMakeFiles/io_component.dir/thread_affinity.cc.o
[ 62%] Building CXX object router/src/router/src/CMakeFiles/router_mysql.dir/common/mysql_session.cc.o
[ 62%] Building CXX object router/src/host_cache/src/CMakeFiles/host_cache.dir/host_cache.cc.o
[ 62%] Building CXX object router/src/host_cache/src/CMakeFiles/host_cache.dir/host_cache_component.cc.o
[ 62%] Linking CXX shared library ../../../plugin_output_directory/keepalive.so
[ 62%] Linking CXX shared library ../../../../plugin_output_directory/router_openssl.so
[ 62%] Linking CXX shared library ../../../../library_output_directory/libmysqlrouter_utils.so
[ 62%] Linking CXX executable ../../../../runtime_output_directory/mysqlrouter_plugin_info
[ 62%] Linking CXX shared library ../../../../library_output_directory/libmysqlrouter_io_component.so
[ 62%] Linking CXX shared library ../../../../plugin_output_directory/mock_host_resolver.so
[ 62%] Linking CXX shared library ../../../../plugin_output_directory/host_cache.so
[ 62%] Linking CXX shared library ../../../../plugin_output_directory/connection_pool.so
[ 62%] Linking CXX shared library ../../../../library_output_directory/libmysqlrouter_mysql.so
[ 62%] Built target router_openssl
[ 62%] Built target keepalive
[ 62%] Built target mock_host_resolver
[ 62%] Built target router_utils
[ 62%] Built target connection_pool_plugin
[ 62%] [BISON][match_parser] Building parser with bison 3.8.2
[ 62%] Built target host_cache
[ 62%] Building CXX object router/src/http/src/CMakeFiles/http_common.dir/base64.cc.o
[ 62%] Building CXX object router/src/http/src/CMakeFiles/http_common.dir/http/cno/callback_init.cc.o
[ 62%] Building CXX object router/src/http/src/CMakeFiles/http_common.dir/http/cno/cno_instantiation.cc.o
[ 62%] Building CXX object router/src/http/src/CMakeFiles/http_common.dir/http_auth_method_basic.cc.o
[ 62%] Building CXX object router/src/http/src/CMakeFiles/http_common.dir/http/base/headers.cc.o
[ 62%] Building CXX object router/src/http/src/CMakeFiles/http_common.dir/http/base/base_instantiation.cc.o
[ 62%] Building CXX object router/src/http/src/CMakeFiles/http_common.dir/http/cno/error_code.cc.o
[ 62%] Building CXX object router/src/http/src/CMakeFiles/http_common.dir/http/base/method.cc.o
[ 62%] Building CXX object router/src/router/src/CMakeFiles/mysqlrouter_keyring.dir/keyring_frontend.cc.o
[ 62%] Building CXX object router/src/router/src/CMakeFiles/mysqlrouter_keyring.dir/keyring_cli.cc.o
[ 62%] Building CXX object router/src/http/src/CMakeFiles/http_common.dir/http/base/http_time.cc.o
[ 62%] Building CXX object router/src/http/src/CMakeFiles/http_common.dir/http/base/status_code.cc.o
[ 62%] Building CXX object router/src/http/src/CMakeFiles/http_common.dir/http/base/uri.cc.o
[ 62%] Built target io_component
[ 62%] Built target router_mysql
[ 62%] Building CXX object router/src/io/src/CMakeFiles/io.dir/io_plugin.cc.o
[ 62%] Linking CXX shared library ../../../../library_output_directory/libmysqlrouter_http.so
[ 62%] Linking CXX executable ../../../../runtime_output_directory/mysqlrouter_keyring
[ 62%] Built target mysqlrouter_plugin_info
[ 62%] Linking CXX shared library ../../../../plugin_output_directory/io.so
[ 62%] Building CXX object router/src/routing_guidelines/src/CMakeFiles/routing_guidelines-objects.dir/parser.cc.o
[ 62%] Building CXX object router/src/routing_guidelines/src/CMakeFiles/routing_guidelines-objects.dir/rules_parser.cc.o
[ 62%] Building CXX object router/src/routing_guidelines/src/CMakeFiles/routing_guidelines-objects.dir/routing_guidelines.cc.o
[ 62%] Building CXX object router/src/routing_guidelines/src/CMakeFiles/routing_guidelines-objects.dir/utils.cc.o
[ 62%] Building CXX object router/src/routing_guidelines/src/CMakeFiles/routing_guidelines-objects.dir/rpn.cc.o
[ 62%] Built target http_common
[ 62%] Building CXX object router/src/http/src/CMakeFiles/http_auth_backend_lib.dir/http_auth_backend.cc.o
[ 62%] Building CXX object router/src/http/src/CMakeFiles/http_auth_backend_lib.dir/mcf_error.cc.o
[ 62%] Building CXX object router/src/http/src/CMakeFiles/http_auth_backend_lib.dir/kdf_sha_crypt.cc.o
[ 62%] Building CXX object router/src/http/src/CMakeFiles/http_auth_backend_lib.dir/http_auth_error.cc.o
[ 62%] Building CXX object router/src/http/src/CMakeFiles/http_auth_backend_lib.dir/http_auth_backend_component.cc.o
[ 62%] Building CXX object router/src/http/src/CMakeFiles/http_auth_backend_lib.dir/kdf_pbkdf2.cc.o
[ 62%] Building CXX object router/src/http/src/CMakeFiles/http_client.dir/http/client/client.cc.o
[ 62%] Building CXX object router/src/http/src/CMakeFiles/http_client.dir/rest_client.cc.o
[ 62%] Building CXX object router/src/http/src/CMakeFiles/http_client.dir/http/client/request.cc.o
[ 62%] Building CXX object router/src/http/src/CMakeFiles/http_client.dir/http/client/error_code.cc.o
[ 62%] Built target io
[ 62%] Linking CXX shared library ../../../../library_output_directory/libmysqlrouter_http_auth_backend.so
[ 62%] Linking CXX shared library ../../../../library_output_directory/libmysqlrouter_http_client.so
[ 62%] Built target mysqlrouter_keyring
[ 62%] Built target http_auth_backend_lib
[ 62%] Building CXX object router/src/http/src/CMakeFiles/http_auth_realm_lib.dir/http_auth_realm.cc.o
[ 63%] Building CXX object router/src/http/src/CMakeFiles/mysqlrouter_passwd.dir/passwd_cli.cc.o
[ 63%] Building CXX object router/src/http/src/CMakeFiles/http_auth_realm_lib.dir/http_auth_realm_component.cc.o
[ 63%] Building CXX object router/src/http/src/CMakeFiles/mysqlrouter_passwd.dir/passwd.cc.o
[ 63%] Built target routing_guidelines-objects
[ 63%] Linking CXX shared library ../../../../library_output_directory/libmysqlrouter_http_auth_realm.so
[ 63%] Linking CXX static library librouting_guidelines-static.a
[ 63%] Linking CXX shared library ../../../../library_output_directory/libmysqlrouter_routing_guidelines.so
[ 63%] Linking CXX executable ../../../../runtime_output_directory/mysqlrouter_passwd
[ 63%] Built target http_client
[ 63%] Building CXX object router/src/http/src/CMakeFiles/rest_cli.dir/rest_cli.cc.o
[ 63%] Building CXX object router/src/mock_server/src/CMakeFiles/mock_server_rest_client.dir/mock_server_rest_client.cc.o
[ 63%] Linking CXX executable ../../../../runtime_output_directory/rest_cli
[ 63%] Linking CXX static library libmock_server_rest_client.a
[ 63%] Built target http_auth_realm_lib
[ 63%] Built target mock_server_rest_client
[ 63%] Building CXX object router/src/http/src/CMakeFiles/http_auth_realm.dir/http_auth_realm_plugin.cc.o
[ 63%] Building CXX object router/src/http/src/CMakeFiles/http_server_lib.dir/http/server/bind.cc.o
[ 63%] Building CXX object router/src/http/src/CMakeFiles/http_server_lib.dir/http/http_server_context.cc.o
[ 63%] Building CXX object router/src/http/src/CMakeFiles/http_server_lib.dir/http_server_component.cc.o
[ 63%] Building CXX object router/src/http/src/CMakeFiles/http_server_lib.dir/http/server/request.cc.o
[ 63%] Built target routing_guidelines-static
[ 63%] Building CXX object router/src/http/src/CMakeFiles/http_server_lib.dir/http_auth.cc.o
[ 63%] Building CXX object router/src/http/src/CMakeFiles/http_server_lib.dir/http_request_router.cc.o
[ 63%] Building CXX object router/src/http/src/CMakeFiles/http_server_lib.dir/http/server/server.cc.o
[ 63%] Linking CXX shared library ../../../../plugin_output_directory/http_auth_realm.so
[ 63%] Linking CXX shared library ../../../../library_output_directory/libmysqlrouter_http_server.so
[ 63%] Built target mysqlrouter_passwd
[ 63%] Built target libprotobuf
[ 63%] Building CXX object router/src/protobuf/src/CMakeFiles/router_protobuf.dir/protobuf_plugin.cc.o
[ 63%] Building CXX object extra/protobuf/protobuf-24.4/CMakeFiles/libprotoc.dir/src/google/protobuf/compiler/allowlists/empty_package.cc.o
[ 63%] Building CXX object extra/protobuf/protobuf-24.4/CMakeFiles/libprotoc.dir/src/google/protobuf/compiler/allowlists/editions.cc.o
[ 63%] Building CXX object extra/protobuf/protobuf-24.4/CMakeFiles/libprotoc.dir/src/google/protobuf/compiler/allowlists/weak_imports.cc.o
[ 63%] Building CXX object extra/protobuf/protobuf-24.4/CMakeFiles/libprotoc.dir/src/google/protobuf/compiler/allowlists/unused_imports.cc.o
[ 64%] Building CXX object extra/protobuf/protobuf-24.4/CMakeFiles/libprotoc.dir/src/google/protobuf/compiler/code_generator.cc.o
[ 64%] Building CXX object extra/protobuf/protobuf-24.4/CMakeFiles/libprotoc.dir/src/google/protobuf/compiler/cpp/enum.cc.o
[ 64%] Building CXX object extra/protobuf/protobuf-24.4/CMakeFiles/libprotoc.dir/src/google/protobuf/compiler/allowlists/open_enum.cc.o
[ 64%] Building CXX object extra/protobuf/protobuf-24.4/CMakeFiles/libprotoc.dir/src/google/protobuf/compiler/command_line_interface.cc.o
[ 64%] Building CXX object extra/protobuf/protobuf-24.4/CMakeFiles/libprotoc.dir/src/google/protobuf/compiler/cpp/field.cc.o
[ 64%] Building CXX object extra/protobuf/protobuf-24.4/CMakeFiles/libprotoc.dir/src/google/protobuf/compiler/cpp/field_generators/cord_field.cc.o
[ 64%] Building CXX object extra/protobuf/protobuf-24.4/CMakeFiles/libprotoc.dir/src/google/protobuf/compiler/cpp/extension.cc.o
[ 64%] Building CXX object extra/protobuf/protobuf-24.4/CMakeFiles/libprotoc.dir/src/google/protobuf/compiler/cpp/field_generators/map_field.cc.o
[ 64%] Building CXX object extra/protobuf/protobuf-24.4/CMakeFiles/libprotoc.dir/src/google/protobuf/compiler/cpp/field_generators/enum_field.cc.o
[ 64%] Building CXX object extra/protobuf/protobuf-24.4/CMakeFiles/libprotoc.dir/src/google/protobuf/compiler/cpp/field_generators/message_field.cc.o
[ 64%] Building CXX object extra/protobuf/protobuf-24.4/CMakeFiles/libprotoc.dir/src/google/protobuf/compiler/cpp/field_generators/primitive_field.cc.o
[ 64%] Building CXX object extra/protobuf/protobuf-24.4/CMakeFiles/libprotoc.dir/src/google/protobuf/compiler/cpp/file.cc.o
[ 64%] Building CXX object extra/protobuf/protobuf-24.4/CMakeFiles/libprotoc.dir/src/google/protobuf/compiler/cpp/field_generators/string_field.cc.o
[ 64%] Building CXX object extra/protobuf/protobuf-24.4/CMakeFiles/libprotoc.dir/src/google/protobuf/compiler/cpp/helpers.cc.o
[ 64%] Building CXX object extra/protobuf/protobuf-24.4/CMakeFiles/libprotoc.dir/src/google/protobuf/compiler/cpp/message.cc.o
[ 64%] Building CXX object extra/protobuf/protobuf-24.4/CMakeFiles/libprotoc.dir/src/google/protobuf/compiler/cpp/padding_optimizer.cc.o
[ 64%] Building CXX object extra/protobuf/protobuf-24.4/CMakeFiles/libprotoc.dir/src/google/protobuf/compiler/cpp/generator.cc.o
[ 64%] Building CXX object extra/protobuf/protobuf-24.4/CMakeFiles/libprotoc.dir/src/google/protobuf/compiler/cpp/service.cc.o
[ 64%] Building CXX object extra/protobuf/protobuf-24.4/CMakeFiles/libprotoc.dir/src/google/protobuf/compiler/cpp/parse_function_generator.cc.o
[ 64%] Building CXX object extra/protobuf/protobuf-24.4/CMakeFiles/libprotoc.dir/src/google/protobuf/compiler/plugin.cc.o
[ 64%] Building CXX object extra/protobuf/protobuf-24.4/CMakeFiles/libprotoc.dir/src/google/protobuf/compiler/plugin.pb.cc.o
[ 64%] Building CXX object extra/protobuf/protobuf-24.4/CMakeFiles/libprotoc.dir/src/google/protobuf/compiler/python/generator.cc.o
[ 64%] Building CXX object extra/protobuf/protobuf-24.4/CMakeFiles/libprotoc.dir/src/google/protobuf/compiler/cpp/tracker.cc.o
[ 64%] Building CXX object extra/protobuf/protobuf-24.4/CMakeFiles/libprotoc.dir/src/google/protobuf/compiler/python/pyi_generator.cc.o
[ 64%] Building CXX object extra/protobuf/protobuf-24.4/CMakeFiles/libprotoc.dir/src/google/protobuf/compiler/retention.cc.o
[ 64%] Building CXX object extra/protobuf/protobuf-24.4/CMakeFiles/libprotoc.dir/src/google/protobuf/compiler/python/helpers.cc.o
[ 64%] Building CXX object extra/protobuf/protobuf-24.4/CMakeFiles/libprotoc.dir/src/google/protobuf/compiler/subprocess.cc.o
[ 64%] Building CXX object extra/protobuf/protobuf-24.4/CMakeFiles/libprotoc.dir/src/google/protobuf/compiler/zip_writer.cc.o
[ 64%] Linking CXX shared library ../../../../plugin_output_directory/router_protobuf.so
[ 64%] Linking CXX shared library ../../../library_output_directory/libprotoc.so
[ 64%] Built target routing_guidelines
[ 64%] Built target rest_cli
[ 64%] Built target http_auth_realm
[ 64%] Building CXX object router/src/router/src/CMakeFiles/router_cluster.dir/cluster_aware_session.cc.o
[ 64%] Building CXX object router/src/router/src/CMakeFiles/router_cluster.dir/cluster_metadata_instance_attributes.cc.o
[ 64%] Building CXX object router/src/router/src/CMakeFiles/router_cluster.dir/cluster_metadata.cc.o
[ 64%] Building CXX object router/src/router/src/CMakeFiles/router_cluster.dir/cluster_metadata_dynamic_state.cc.o
[ 64%] Built target router_protobuf
[ 64%] Built target http_server_lib
[ 64%] Building CXX object router/src/http/src/CMakeFiles/http_server.dir/http_server_plugin.cc.o
[ 64%] Building CXX object router/src/rest_api/src/CMakeFiles/rest_api_lib.dir/rest_api_utils.cc.o
[ 64%] Building CXX object router/src/http/src/CMakeFiles/http_server.dir/static_files.cc.o
[ 64%] Linking CXX static library librest_api_lib.a
[ 64%] Linking CXX shared library ../../../../plugin_output_directory/http_server.so
[ 64%] Built target rest_api_lib
[ 64%] Linking CXX shared library ../../../../library_output_directory/libmysqlrouter_cluster.so
[ 64%] Built target http_server
[ 64%] Built target router_cluster
[ 64%] Building CXX object router/src/router/src/CMakeFiles/router_lib.dir/certificate_generator.cc.o
[ 64%] Building CXX object router/src/router/src/CMakeFiles/router_lib.dir/certificate_handler.cc.o
[ 64%] Building CXX object router/src/router/src/CMakeFiles/router_lib.dir/config_files.cc.o
[ 64%] Building CXX object router/src/router/src/CMakeFiles/router_lib.dir/sys_user_operations.cc.o
[ 64%] Linking CXX shared library ../../../../library_output_directory/libmysqlrouter.so
[ 64%] Built target router_lib
[ 64%] Building CXX object router/src/destination_status/src/CMakeFiles/destination_status.dir/destination_status_component.cc.o
[ 64%] Building CXX object router/src/destination_status/src/CMakeFiles/destination_status.dir/unreachable_destinations_quarantine.cc.o
[ 64%] Building CXX object router/src/router/src/CMakeFiles/router_frontend_lib.dir/router_conf.cc.o
[ 64%] Building CXX object router/src/router/src/CMakeFiles/router_frontend_lib.dir/router_app.cc.o
[ 64%] Building CXX object router/src/router/src/CMakeFiles/router_frontend_lib.dir/config_generator.cc.o
[ 64%] Building CXX object router/src/mysql_rest_service/src/CMakeFiles/mysql_rest_service_json.dir/mrs/json/response_json_template.cc.o
[ 64%] Building CXX object router/src/rest_api/src/CMakeFiles/rest_api.dir/rest_api_component.cc.o
[ 64%] Building CXX object router/src/mysql_rest_service/src/CMakeFiles/mysql_rest_service_db.dir/mrs/database/filter_object_generator.cc.o
[ 64%] Building CXX object router/src/mysql_rest_service/src/CMakeFiles/mysql_rest_service_json.dir/mrs/json/json_template_unnest.cc.o
[ 64%] Building CXX object router/src/rest_api/src/CMakeFiles/rest_api.dir/rest_api_plugin.cc.o
[ 64%] Building CXX object router/src/rest_api/src/CMakeFiles/rest_api.dir/rest_api.cc.o
[ 64%] Building CXX object router/src/mysql_rest_service/src/CMakeFiles/mysql_rest_service_db.dir/mrs/database/monitor/schema_monitor.cc.o
[ 64%] Building CXX object router/src/mysql_rest_service/src/CMakeFiles/mysql_rest_service_db.dir/mrs/database/monitor/slow_query_monitor.cc.o
[ 64%] Building CXX object router/src/mysql_rest_service/src/CMakeFiles/mysql_rest_service_helper.dir/helper/media_detector.cc.o
[ 64%] Building CXX object router/src/mysql_rest_service/src/CMakeFiles/mysql_rest_service_helper.dir/helper/media_type.cc.o
[ 64%] Building CXX object router/src/mysql_rest_service/src/CMakeFiles/mysql_rest_service_json.dir/mrs/json/json_template_nest.cc.o
[ 64%] Building CXX object router/src/mysql_rest_service/src/CMakeFiles/mysql_rest_service_json.dir/mrs/json/json_template_nest_without_outparams.cc.o
[ 64%] Building CXX object router/src/mysql_rest_service/src/CMakeFiles/mysql_rest_service_json.dir/mrs/json/json_template_factory.cc.o
[ 64%] Building CXX object router/src/rest_api/src/CMakeFiles/rest_api.dir/rest_api_handler.cc.o
[ 64%] Building CXX object router/src/mysql_rest_service/src/CMakeFiles/mysql_rest_service_helper.dir/helper/json/to_sqlstring.cc.o
[ 64%] Building CXX object router/src/mysql_rest_service/src/CMakeFiles/mysql_rest_service_db.dir/mrs/database/query_changes_content_file.cc.o
[ 64%] Building CXX object router/src/mysql_rest_service/src/CMakeFiles/mysql_rest_service_helper.dir/helper/json/to_string.cc.o
[ 64%] Building CXX object router/src/mysql_rest_service/src/CMakeFiles/mysql_rest_service_db.dir/mrs/database/query_entries_auth_privileges.cc.o
[ 65%] Building CXX object router/src/mysql_rest_service/src/CMakeFiles/mysql_rest_service_db.dir/mrs/database/monitor/schema_monitor_factory.cc.o
[ 65%] Building CXX object router/src/mysql_rest_service/src/CMakeFiles/mysql_rest_service_helper.dir/helper/json/jvalue.cc.o
[ 65%] Building CXX object router/src/mysql_rest_service/src/CMakeFiles/mysql_rest_service_db.dir/mrs/database/query_changes_auth_user.cc.o
[ 65%] Building CXX object router/src/mysql_rest_service/src/CMakeFiles/mysql_rest_service_db.dir/mrs/database/query_changes_db_schema.cc.o
[ 65%] Building CXX object router/src/mysql_rest_service/src/CMakeFiles/mysql_rest_service_db.dir/mrs/database/query_changes_content_set.cc.o
[ 65%] Building CXX object router/src/mysql_rest_service/src/CMakeFiles/mysql_rest_service_helper.dir/helper/mysql_column_types.cc.o
[ 65%] Building CXX object router/src/mysql_rest_service/src/CMakeFiles/mysql_rest_service_db.dir/mrs/database/query_changes_db_object.cc.o
[ 65%] Building CXX object router/src/mysql_rest_service/src/CMakeFiles/mysql_rest_service_db.dir/mrs/database/query_changes_db_service.cc.o
[ 65%] Building CXX object router/src/mysql_rest_service/src/CMakeFiles/mysql_rest_service_db.dir/mrs/database/query_entries_auth_role.cc.o
[ 65%] Building CXX object router/src/mysql_rest_service/src/CMakeFiles/mysql_rest_service_helper.dir/helper/mysql_numeric_value.cc.o
[ 65%] Building CXX object router/src/mysql_rest_service/src/CMakeFiles/mysql_rest_service_helper.dir/helper/token/jwt.cc.o
[ 65%] Building CXX object router/src/mysql_rest_service/src/CMakeFiles/mysql_rest_service_db.dir/mrs/database/query_entries_content_file.cc.o
[ 65%] Building CXX object router/src/mysql_rest_service/src/CMakeFiles/mysql_rest_service_helper.dir/helper/json/merge.cc.o
[ 65%] Building CXX object router/src/mysql_rest_service/src/CMakeFiles/mysql_rest_service_helper.dir/helper/digester/sha256_digest.cc.o
[ 65%] Building CXX object router/src/mysql_rest_service/src/CMakeFiles/mysql_rest_service_db.dir/mrs/database/query_entries_db_schema.cc.o
[ 65%] Building CXX object router/src/mysql_rest_service/src/CMakeFiles/mysql_rest_service_db.dir/mrs/database/query_entries_audit_log.cc.o
[ 65%] Building CXX object router/src/mysql_rest_service/src/CMakeFiles/mysql_rest_service_db.dir/mrs/database/query_changes_url_host.cc.o
[ 65%] Building CXX object router/src/mysql_rest_service/src/CMakeFiles/mysql_rest_service_db.dir/mrs/database/query_entries_auth_app.cc.o
[ 65%] Building CXX object router/src/mysql_rest_service/src/CMakeFiles/mysql_rest_service_db.dir/mrs/database/query_entries_content_set.cc.o
[ 65%] Building CXX object router/src/mysql_rest_service/src/CMakeFiles/mysql_rest_service_db.dir/mrs/database/query_entry_auth_user.cc.o
[ 65%] Building CXX object router/src/mysql_rest_service/src/CMakeFiles/mysql_rest_service_db.dir/mrs/database/query_entry_content_file.cc.o
[ 66%] Building CXX object router/src/mysql_rest_service/src/CMakeFiles/mysql_rest_service_db.dir/mrs/database/query_entries_db_service.cc.o
[ 66%] Building CXX object router/src/mysql_rest_service/src/CMakeFiles/mysql_rest_service_db.dir/mrs/database/query_entry_fields.cc.o
[ 66%] Building CXX object router/src/mysql_rest_service/src/CMakeFiles/mysql_rest_service_db.dir/mrs/database/query_entries_url_host.cc.o
[ 66%] Building CXX object router/src/mysql_rest_service/src/CMakeFiles/mysql_rest_service_db.dir/mrs/database/query_entries_object.cc.o
[ 66%] Building CXX object router/src/mysql_rest_service/src/CMakeFiles/mysql_rest_service_db.dir/mrs/database/query_entries_db_object.cc.o
[ 66%] Building CXX object router/src/mysql_rest_service/src/CMakeFiles/mysql_rest_service_db.dir/mrs/database/query_uuid.cc.o
[ 66%] Building CXX object router/src/mysql_rest_service/src/CMakeFiles/mysql_rest_service_db.dir/mrs/database/query_rest_table_single_row.cc.o
[ 66%] Building CXX object router/src/mysql_rest_service/src/CMakeFiles/mysql_rest_service_db.dir/mrs/database/query_entry_group_row_security.cc.o
[ 66%] Building CXX object router/src/mysql_rest_service/src/CMakeFiles/mysql_rest_service_db.dir/mrs/database/query_rest_sp.cc.o
[ 66%] Building CXX object router/src/mysql_rest_service/src/CMakeFiles/mysql_rest_service_db.dir/mrs/database/query_factory.cc.o
[ 66%] Building CXX object router/src/mysql_rest_service/src/CMakeFiles/mysql_rest_service_db.dir/mrs/database/query_rest_sp_media.cc.o
[ 66%] Building CXX object router/src/mysql_rest_service/src/CMakeFiles/mysql_rest_service_db.dir/mrs/database/query_rest_table.cc.o
[ 66%] Building CXX object router/src/mysql_rest_service/src/CMakeFiles/mysql_rest_service_db.dir/mrs/database/query_rest_function.cc.o
[ 66%] Building CXX object router/src/mysql_rest_service/src/CMakeFiles/mysql_rest_service_db.dir/mrs/database/query_rest_task.cc.o
[ 66%] Building CXX object router/src/mysql_rest_service/src/CMakeFiles/mysql_rest_service_db.dir/mrs/database/query_router_info.cc.o
[ 66%] Building CXX object router/src/mysql_rest_service/src/CMakeFiles/mysql_rest_service_db.dir/mrs/database/query_state.cc.o
[ 66%] Building CXX object router/src/mysql_rest_service/src/CMakeFiles/mysql_rest_service_db.dir/mrs/database/query_rest_table_updater.cc.o
[ 66%] Building CXX object router/src/mysql_rest_service/src/CMakeFiles/mysql_rest_service_db.dir/mrs/database/query_rest_task_status.cc.o
[ 66%] Building CXX object router/src/mysql_rest_service/src/CMakeFiles/mysql_rest_service_db.dir/mrs/database/query_version.cc.o
[ 66%] Building CXX object router/src/mysql_rest_service/src/CMakeFiles/mysql_rest_service_db.dir/mrs/database/query_statistics.cc.o
[ 66%] Building CXX object router/src/mysql_rest_service/src/CMakeFiles/mysql_rest_service_db.dir/mrs/database/helper/query.cc.o
[ 66%] Building CXX object router/src/mysql_rest_service/src/CMakeFiles/mysql_rest_service_db.dir/mrs/database/helper/bind.cc.o
[ 66%] Building CXX object router/src/mysql_rest_service/src/CMakeFiles/mysql_rest_service_db.dir/mrs/database/helper/query_table_columns.cc.o
[ 66%] Building CXX object router/src/mysql_rest_service/src/CMakeFiles/mysql_rest_service_db.dir/mrs/database/helper/query_audit_log_maxid.cc.o
[ 66%] Building CXX object router/src/mysql_rest_service/src/CMakeFiles/mysql_rest_service_db.dir/mrs/database/mysql_task_monitor.cc.o
[ 66%] Building CXX object router/src/mysql_rest_service/src/CMakeFiles/mysql_rest_service_db.dir/mrs/database/query_warnings.cc.o
[ 66%] Building CXX object router/src/mysql_rest_service/src/CMakeFiles/mysql_rest_service_db.dir/mrs/database/helper/sp_function_query.cc.o
[ 66%] Building CXX object router/src/mysql_rest_service/src/CMakeFiles/mysql_rest_service_db.dir/mrs/database/json_mapper/json_input.cc.o
[ 66%] Building CXX object router/src/mysql_rest_service/src/CMakeFiles/mysql_rest_service_db.dir/mrs/database/metadata_logger.cc.o
[ 66%] Building CXX object router/src/mysql_rest_service/src/CMakeFiles/mysql_rest_service_db.dir/mrs/database/helper/object_checksum.cc.o
[ 66%] Building CXX object router/src/mysql_rest_service/src/CMakeFiles/mysql_rest_service_db.dir/mrs/database/json_mapper/common.cc.o
[ 66%] Building CXX object router/src/mysql_rest_service/src/CMakeFiles/mysql_rest_service_db.dir/mrs/database/json_mapper/change.cc.o
[ 66%] Building CXX object router/src/mysql_rest_service/src/CMakeFiles/mysql_rest_service_db.dir/mrs/database/json_mapper/delete.cc.o
[ 66%] Building CXX object router/src/mysql_rest_service/src/CMakeFiles/mysql_rest_service_db.dir/mrs/database/helper/query_retry_on_ro.cc.o
[ 66%] Building CXX object router/src/mysql_rest_service/src/CMakeFiles/mysql_rest_service_db.dir/mrs/database/helper/query_gtid_executed.cc.o
[ 66%] Building CXX object router/src/mysql_rest_service/src/CMakeFiles/mysql_rest_service_db.dir/mrs/database/json_mapper/insert.cc.o
[ 66%] Building CXX object router/src/mysql_rest_service/src/CMakeFiles/mysql_rest_service_db.dir/mrs/database/json_mapper/select.cc.o
[ 66%] Building CXX object router/src/mysql_rest_service/src/CMakeFiles/mysql_rest_service_db.dir/mrs/database/json_mapper/check.cc.o
[ 66%] Building CXX object router/src/mysql_rest_service/src/CMakeFiles/mysql_rest_service_db.dir/mrs/database/entry/object.cc.o
[ 66%] Building CXX object router/src/mysql_rest_service/src/CMakeFiles/mysql_rest_service_db.dir/mrs/database/json_mapper/update.cc.o
[ 66%] Linking CXX shared library ../../../../library_output_directory/libmysqlrouter_destination_status.so
[ 66%] Linking CXX static library ../../../../archive_output_directory/libmysql_rest_service_helper.a
[ 66%] Linking CXX static library ../../../../archive_output_directory/libmysql_rest_service_json.a
[ 66%] Linking CXX shared library ../../../../plugin_output_directory/rest_api.so
[ 66%] Linking CXX static library librouter_frontend_lib.a
[ 66%] Built target libprotoc
[ 66%] Linking CXX static library ../../../../archive_output_directory/libmysql_rest_service_db.a
[ 66%] Building CXX object extra/protobuf/protobuf-24.4/CMakeFiles/protoc.dir/src/google/protobuf/compiler/main.cc.o
[ 66%] Built target mysql_rest_service_json
[ 66%] Built target mysql_rest_service_helper
[ 66%] Linking CXX executable ../../../runtime_output_directory/protoc
[ 66%] Building CXX object router/tests/mrs_client/CMakeFiles/mysqlrouter_mrs_client.dir/main.cc.o
[ 66%] Building CXX object router/tests/mrs_client/CMakeFiles/mysqlrouter_mrs_client.dir/client/authentication.cc.o
[ 66%] Building CXX object router/tests/mrs_client/CMakeFiles/mysqlrouter_mrs_client.dir/client/session.cc.o
[ 66%] Building CXX object router/tests/mrs_client/CMakeFiles/mysqlrouter_mrs_client.dir/client/http_client_request.cc.o
[ 66%] Built target router_frontend_lib
[ 66%] Linking CXX executable ../../../runtime_output_directory/mysqlrouter_mrs_client
[ 66%] Building CXX object router/src/router/src/CMakeFiles/mysqlrouter.dir/main.cc.o
[ 66%] Linking CXX executable ../../../../runtime_output_directory/mysqlrouter
[ 66%] Built target protoc
[ 66%] Built target destination_status
[ 66%] Running C++ protobuf compiler on /home/satya/WORK/vector/vec-memory-i-s-base/sql/protobuf/replication_asynchronous_connection_failover.proto - lite version
[ 66%] Running C++ protobuf compiler on /home/satya/WORK/vector/vec-memory-i-s-base/bld/plugin/x/generated/protobuf_lite/mysqlx.proto - lite version
[ 66%] Running C++ protobuf compiler on /home/satya/WORK/vector/vec-memory-i-s-base/bld/plugin/x/generated/protobuf_lite/mysqlx_connection.proto - lite version
[ 66%] Running C++ protobuf compiler on /home/satya/WORK/vector/vec-memory-i-s-base/bld/plugin/x/generated/protobuf_lite/mysqlx_crud.proto - lite version
[ 66%] Running C++ protobuf compiler on /home/satya/WORK/vector/vec-memory-i-s-base/bld/plugin/x/generated/protobuf_lite/mysqlx_cursor.proto - lite version
[ 66%] [Run]: "protoc" "--proto_path=/home/satya/WORK/vector/vec-memory-i-s-base/extra/opentelemetry-proto/opentelemetry-proto-1.7.0" "--cpp_out=/home/satya/WORK/vector/vec-memory-i-s-base/bld/generated/third_party/opentelemetry-proto" "/home/satya/WORK/vector/vec-memory-i-s-base/extra/opentelemetry-proto/opentelemetry-proto-1.7.0/opentelemetry/proto/common/v1/common.proto" "/home/satya/WORK/vector/vec-memory-i-s-base/extra/opentelemetry-proto/opentelemetry-proto-1.7.0/opentelemetry/proto/resource/v1/resource.proto" "/home/satya/WORK/vector/vec-memory-i-s-base/extra/opentelemetry-proto/opentelemetry-proto-1.7.0/opentelemetry/proto/trace/v1/trace.proto" "/home/satya/WORK/vector/vec-memory-i-s-base/extra/opentelemetry-proto/opentelemetry-proto-1.7.0/opentelemetry/proto/logs/v1/logs.proto" "/home/satya/WORK/vector/vec-memory-i-s-base/extra/opentelemetry-proto/opentelemetry-proto-1.7.0/opentelemetry/proto/metrics/v1/metrics.proto" "/home/satya/WORK/vector/vec-memory-i-s-base/extra/opentelemetry-proto/opentelemetry-proto-1.7.0/opentelemetry/proto/profiles/v1development/profiles.proto" "/home/satya/WORK/vector/vec-memory-i-s-base/extra/opentelemetry-proto/opentelemetry-proto-1.7.0/opentelemetry/proto/collector/trace/v1/trace_service.proto" "/home/satya/WORK/vector/vec-memory-i-s-base/extra/opentelemetry-proto/opentelemetry-proto-1.7.0/opentelemetry/proto/collector/logs/v1/logs_service.proto" "/home/satya/WORK/vector/vec-memory-i-s-base/extra/opentelemetry-proto/opentelemetry-proto-1.7.0/opentelemetry/proto/collector/metrics/v1/metrics_service.proto" "/home/satya/WORK/vector/vec-memory-i-s-base/extra/opentelemetry-proto/opentelemetry-proto-1.7.0/opentelemetry/proto/collector/profiles/v1development/profiles_service.proto"
[ 66%] Running C++ protobuf compiler on /home/satya/WORK/vector/vec-memory-i-s-base/plugin/group_replication/protobuf/replication_group_recovery_metadata.proto - lite version
[ 66%] Running C++ protobuf compiler on /home/satya/WORK/vector/vec-memory-i-s-base/plugin/group_replication/protobuf/replication_group_member_actions.proto - lite version
[ 66%] Running C++ protobuf compiler on /home/satya/WORK/vector/vec-memory-i-s-base/bld/plugin/x/generated/protobuf_lite/mysqlx_datatypes.proto - lite version
[ 66%] Running C++ protobuf compiler on /home/satya/WORK/vector/vec-memory-i-s-base/plugin/x/protocol/protobuf/mysqlx.proto 
[ 66%] Running C++ protobuf compiler on /home/satya/WORK/vector/vec-memory-i-s-base/bld/plugin/x/generated/protobuf_lite/mysqlx_expect.proto - lite version
[ 66%] Running C++ protobuf compiler on /home/satya/WORK/vector/vec-memory-i-s-base/plugin/x/protocol/protobuf/mysqlx_connection.proto 
[ 66%] Running C++ protobuf compiler on /home/satya/WORK/vector/vec-memory-i-s-base/plugin/x/protocol/protobuf/mysqlx_cursor.proto 
[ 66%] Running C++ protobuf compiler on /home/satya/WORK/vector/vec-memory-i-s-base/plugin/x/protocol/protobuf/mysqlx_sql.proto 
[ 66%] Running C++ protobuf compiler on /home/satya/WORK/vector/vec-memory-i-s-base/plugin/x/protocol/protobuf/mysqlx_crud.proto 
[ 66%] Running C++ protobuf compiler on /home/satya/WORK/vector/vec-memory-i-s-base/bld/plugin/x/generated/protobuf_lite/mysqlx_notice.proto - lite version
[ 66%] Running C++ protobuf compiler on /home/satya/WORK/vector/vec-memory-i-s-base/bld/plugin/x/generated/protobuf_lite/mysqlx_resultset.proto - lite version
[ 66%] Running C++ protobuf compiler on /home/satya/WORK/vector/vec-memory-i-s-base/bld/plugin/x/generated/protobuf_lite/mysqlx_prepare.proto - lite version
[ 66%] Running C++ protobuf compiler on /home/satya/WORK/vector/vec-memory-i-s-base/plugin/x/protocol/protobuf/mysqlx_datatypes.proto 
[ 66%] Running C++ protobuf compiler on /home/satya/WORK/vector/vec-memory-i-s-base/bld/plugin/x/generated/protobuf_lite/mysqlx_expr.proto - lite version
[ 66%] Running C++ protobuf compiler on /home/satya/WORK/vector/vec-memory-i-s-base/bld/plugin/x/generated/protobuf_lite/mysqlx_sql.proto - lite version
[ 66%] Running C++ protobuf compiler on /home/satya/WORK/vector/vec-memory-i-s-base/plugin/x/protocol/protobuf/mysqlx_notice.proto 
[ 66%] Running C++ protobuf compiler on /home/satya/WORK/vector/vec-memory-i-s-base/plugin/x/protocol/protobuf/mysqlx_prepare.proto 
[ 66%] Running C++ protobuf compiler on /home/satya/WORK/vector/vec-memory-i-s-base/plugin/x/protocol/protobuf/mysqlx_resultset.proto 
[ 66%] Running C++ protobuf compiler on /home/satya/WORK/vector/vec-memory-i-s-base/bld/plugin/x/generated/protobuf_lite/mysqlx_session.proto - lite version
[ 66%] Running C++ protobuf compiler on /home/satya/WORK/vector/vec-memory-i-s-base/plugin/x/protocol/protobuf/mysqlx_session.proto 
[ 66%] Running C++ protobuf compiler on /home/satya/WORK/vector/vec-memory-i-s-base/plugin/x/protocol/protobuf/mysqlx_expect.proto 
[ 66%] Running C++ protobuf compiler on /home/satya/WORK/vector/vec-memory-i-s-base/plugin/x/protocol/protobuf/mysqlx_expr.proto 
[ 66%] Building CXX object router/src/destination_status/src/CMakeFiles/destination_status_plugin.dir/destination_status_plugin.cc.o
[ 66%] Built target rest_api
[ 66%] Linking CXX shared library ../../../../plugin_output_directory/destination_status.so
[ 66%] Building CXX object router/src/rest_connection_pool/src/CMakeFiles/rest_connection_pool.dir/rest_connection_pool_config.cc.o
[ 66%] Building CXX object router/src/rest_connection_pool/src/CMakeFiles/rest_connection_pool.dir/rest_connection_pool_plugin.cc.o
[ 66%] Building CXX object router/src/rest_host_cache/src/CMakeFiles/rest_host_cache.dir/rest_host_cache_config.cc.o
[ 66%] Building CXX object router/src/rest_host_cache/src/CMakeFiles/rest_host_cache.dir/rest_host_cache_plugin.cc.o
[ 66%] Building CXX object router/src/rest_host_cache/src/CMakeFiles/rest_host_cache.dir/rest_host_cache_entries.cc.o
[ 66%] Building CXX object router/src/rest_router/src/CMakeFiles/rest_router.dir/rest_router_plugin.cc.o
[ 66%] Building CXX object router/src/rest_host_cache/src/CMakeFiles/rest_host_cache.dir/rest_host_cache_status.cc.o
[ 66%] Building CXX object router/src/rest_host_cache/src/CMakeFiles/rest_host_cache.dir/rest_host_cache_spec.cc.o
[ 66%] Building CXX object router/src/rest_connection_pool/src/CMakeFiles/rest_connection_pool.dir/rest_connection_pool_list.cc.o
[ 66%] Building CXX object router/src/rest_router/src/CMakeFiles/rest_router.dir/rest_router_status.cc.o
[ 66%] Building CXX object router/src/rest_connection_pool/src/CMakeFiles/rest_connection_pool.dir/rest_connection_pool_status.cc.o
[ 66%] Linking CXX shared library ../../../../plugin_output_directory/rest_host_cache.so
[ 66%] Linking CXX shared library ../../../../plugin_output_directory/rest_router.so
[ 66%] Linking CXX shared library ../../../../plugin_output_directory/rest_connection_pool.so
[ 66%] Building CXX object plugin/group_replication/protobuf/CMakeFiles/gr_protobuf_lite.dir/__/generated/protobuf_lite/replication_group_member_actions.pb.cc.o
[ 66%] Building CXX object plugin/group_replication/protobuf/CMakeFiles/gr_protobuf_lite.dir/__/generated/protobuf_lite/replication_group_recovery_metadata.pb.cc.o
[ 66%] Linking CXX static library libgr_protobuf_lite.a
[ 66%] Built target mysql_rest_service_db
[ 66%] Building CXX object router/src/bootstrap/src/CMakeFiles/mysqlrouter_bootstrap.dir/bootstrap_mysql_account.cc.o
[ 66%] Building CXX object router/src/bootstrap/src/CMakeFiles/mysqlrouter_bootstrap.dir/main.cc.o
[ 66%] Building CXX object router/src/bootstrap/src/CMakeFiles/mysqlrouter_bootstrap.dir/bootstrap_configurator.cc.o
[ 66%] Building CXX object router/src/mysql_rest_service/src/CMakeFiles/mysql_rest_service_impl.dir/collector/mysql_cache_manager.cc.o
[ 66%] Building CXX object router/src/mysql_rest_service/src/CMakeFiles/mysql_rest_service_impl.dir/collector/mysql_fixed_pool_manager.cc.o
[ 66%] Building CXX object router/src/mysql_rest_service/src/CMakeFiles/mysql_rest_service_impl.dir/collector/counted_mysql_session.cc.o
[ 66%] Building CXX object router/src/mysql_rest_service/src/CMakeFiles/mysql_rest_service_impl.dir/mrs/authentication/helper/option_parser.cc.o
[ 66%] Building CXX object router/src/mysql_rest_service/src/CMakeFiles/mysql_rest_service_impl.dir/mrs/authentication/mysql_handler.cc.o
[ 66%] Building CXX object router/src/mysql_rest_service/src/CMakeFiles/mysql_rest_service_impl.dir/mrs/authentication/authorize_manager.cc.o
[ 66%] Building CXX object router/src/mysql_rest_service/src/CMakeFiles/mysql_rest_service_impl.dir/mrs/authentication/helper/scram.cc.o
[ 66%] Building CXX object router/src/mysql_rest_service/src/CMakeFiles/mysql_rest_service_impl.dir/mrs/authentication/helper/crypto.cc.o
[ 66%] Building CXX object router/src/mysql_rest_service/src/CMakeFiles/mysql_rest_service_impl.dir/mrs/authentication/helper/http_result.cc.o
[ 66%] Building CXX object router/src/mysql_rest_service/src/CMakeFiles/mysql_rest_service_impl.dir/mrs/authentication/oauth2_facebook_handler.cc.o
[ 66%] Building CXX object router/src/mysql_rest_service/src/CMakeFiles/mysql_rest_service_impl.dir/mrs/authentication/auth_handler_factory.cc.o
[ 66%] Building CXX object router/src/mysql_rest_service/src/CMakeFiles/mysql_rest_service_impl.dir/mrs/authentication/oauth2_google_handler.cc.o
[ 66%] Building CXX object router/src/mysql_rest_service/src/CMakeFiles/mysql_rest_service_impl.dir/mrs/authentication/oauth2_oidc_handler.cc.o
[ 66%] Building CXX object router/src/mysql_rest_service/src/CMakeFiles/mysql_rest_service_impl.dir/mrs/endpoint/content_file_endpoint.cc.o
[ 66%] Building CXX object router/src/mysql_rest_service/src/CMakeFiles/mysql_rest_service_impl.dir/mrs/endpoint/db_object_endpoint.cc.o
[ 66%] Building CXX object router/src/mysql_rest_service/src/CMakeFiles/mysql_rest_service_impl.dir/mrs/authentication/scram_handler.cc.o
[ 66%] Building CXX object router/src/mysql_rest_service/src/CMakeFiles/mysql_rest_service_impl.dir/mrs/authentication/oauth2_handler.cc.o
[ 66%] Building CXX object router/src/mysql_rest_service/src/CMakeFiles/mysql_rest_service_impl.dir/mrs/authentication/www_authentication_handler.cc.o
[ 66%] Building CXX object router/src/mysql_rest_service/src/CMakeFiles/mysql_rest_service_impl.dir/mrs/authentication/sasl_handler.cc.o
[ 66%] Building CXX object router/src/mysql_rest_service/src/CMakeFiles/mysql_rest_service_impl.dir/mrs/endpoint/endpoint_factory.cc.o
[ 66%] Building CXX object router/src/mysql_rest_service/src/CMakeFiles/mysql_rest_service_impl.dir/mrs/endpoint/handler_factory.cc.o
[ 66%] Building CXX object router/src/mysql_rest_service/src/CMakeFiles/mysql_rest_service_impl.dir/mrs/endpoint/content_set_endpoint.cc.o
[ 66%] Building CXX object router/src/mysql_rest_service/src/CMakeFiles/mysql_rest_service_impl.dir/mrs/endpoint/handler/authentication/handler_authorize_auth_apps.cc.o
[ 66%] Building CXX object router/src/mysql_rest_service/src/CMakeFiles/mysql_rest_service_impl.dir/mrs/endpoint/db_schema_endpoint.cc.o
[ 66%] Building CXX object router/src/mysql_rest_service/src/CMakeFiles/mysql_rest_service_impl.dir/mrs/endpoint/option_endpoint.cc.o
[ 66%] Building CXX object router/src/mysql_rest_service/src/CMakeFiles/mysql_rest_service_impl.dir/mrs/endpoint/db_service_endpoint.cc.o
[ 66%] Building CXX object router/src/mysql_rest_service/src/CMakeFiles/mysql_rest_service_impl.dir/mrs/endpoint/handler/authentication/handler_authorize_base.cc.o
[ 66%] Building CXX object router/src/mysql_rest_service/src/CMakeFiles/mysql_rest_service_impl.dir/mrs/endpoint/handler/authentication/handler_authorize_logout.cc.o
[ 66%] Building CXX object router/src/mysql_rest_service/src/CMakeFiles/mysql_rest_service_impl.dir/mrs/endpoint/handler/authentication/handler_authorize_login.cc.o
[ 66%] Building CXX object router/src/mysql_rest_service/src/CMakeFiles/mysql_rest_service_impl.dir/mrs/endpoint/handler/authentication/handler_authorize_completed.cc.o
[ 66%] Building CXX object router/src/mysql_rest_service/src/CMakeFiles/mysql_rest_service_impl.dir/mrs/endpoint/handler/authentication/handler_authorize_user.cc.o
[ 66%] Building CXX object router/src/mysql_rest_service/src/CMakeFiles/mysql_rest_service_impl.dir/mrs/endpoint/handler/handler_db_service_debug.cc.o
[ 66%] Building CXX object router/src/mysql_rest_service/src/CMakeFiles/mysql_rest_service_impl.dir/mrs/endpoint/handler/authentication/handler_authorize_status.cc.o
[ 66%] Building CXX object router/src/mysql_rest_service/src/CMakeFiles/mysql_rest_service_impl.dir/mrs/endpoint/handler/persistent/persistent_data_content_file.cc.o
[ 66%] Building CXX object router/src/mysql_rest_service/src/CMakeFiles/mysql_rest_service_impl.dir/mrs/endpoint/handler/handler_content_file.cc.o
[ 66%] Building CXX object router/src/mysql_rest_service/src/CMakeFiles/mysql_rest_service_impl.dir/mrs/endpoint/handler/handler_db_service_metadata.cc.o
[ 66%] Built target gr_protobuf_lite
[ 66%] Building CXX object router/src/mysql_rest_service/src/CMakeFiles/mysql_rest_service_impl.dir/mrs/endpoint/handler/handler_db_schema_metadata_catalog.cc.o
[ 66%] Built target destination_status_plugin
[ 67%] Building CXX object router/src/mysql_rest_service/src/CMakeFiles/mysql_rest_service_impl.dir/mrs/endpoint/handler/handler_db_object_script.cc.o
[ 67%] Building CXX object router/src/mysql_rest_service/src/CMakeFiles/mysql_rest_service_impl.dir/mrs/endpoint/handler/handler_db_object_table.cc.o
[ 67%] Building CXX object router/src/mysql_rest_service/src/CMakeFiles/mysql_rest_service_impl.dir/mrs/endpoint/handler/handler_db_schema_metadata.cc.o
[ 67%] Building CXX object router/src/mysql_rest_service/src/CMakeFiles/mysql_rest_service_impl.dir/mrs/endpoint/handler/handler_db_schema_openapi.cc.o
[ 67%] Building CXX object router/src/mysql_rest_service/src/CMakeFiles/mysql_rest_service_impl.dir/mrs/endpoint/handler/handler_db_object_sp.cc.o
[ 67%] Building CXX object router/src/mysql_rest_service/src/CMakeFiles/mysql_rest_service_impl.dir/mrs/endpoint/handler/handler_db_service_openapi.cc.o
[ 67%] Building CXX object router/src/mysql_rest_service/src/CMakeFiles/mysql_rest_service_impl.dir/mrs/endpoint/handler/handler_string.cc.o
[ 67%] Building CXX object router/src/mysql_rest_service/src/CMakeFiles/mysql_rest_service_impl.dir/mrs/endpoint/handler/handler_db_object_metadata.cc.o
[ 67%] Building CXX object router/src/mysql_rest_service/src/CMakeFiles/mysql_rest_service_impl.dir/mrs/endpoint/url_host_endpoint.cc.o
[ 67%] Building CXX object router/src/mysql_rest_service/src/CMakeFiles/mysql_rest_service_impl.dir/mrs/endpoint/handler/handler_db_object_function.cc.o
[ 67%] Building CXX object router/src/mysql_rest_service/src/CMakeFiles/mysql_rest_service_impl.dir/mrs/endpoint/handler/handler_debug.cc.o
[ 67%] Building CXX object router/src/mysql_rest_service/src/CMakeFiles/mysql_rest_service_impl.dir/mrs/endpoint/handler/handler_db_object_openapi.cc.o
[ 67%] Building CXX object router/src/mysql_rest_service/src/CMakeFiles/mysql_rest_service_impl.dir/mrs/endpoint_manager.cc.o
[ 67%] Building CXX object router/src/mysql_rest_service/src/CMakeFiles/mysql_rest_service_impl.dir/mrs/http/cookie.cc.o
[ 67%] Building CXX object router/src/mysql_rest_service/src/CMakeFiles/mysql_rest_service_impl.dir/mrs/router_observation_entities.cc.o
[ 67%] Building CXX object router/src/mysql_rest_service/src/CMakeFiles/mysql_rest_service_impl.dir/mrs/http/utilities.cc.o
[ 67%] Building CXX object router/src/mysql_rest_service/src/CMakeFiles/mysql_rest_service_impl.dir/mrs/http/header_accept.cc.o
[ 67%] Building CXX object router/src/mysql_rest_service/src/CMakeFiles/mysql_rest_service_impl.dir/mrs/endpoint/handler/handler_redirection.cc.o
[ 67%] Building CXX object router/src/mysql_rest_service/src/CMakeFiles/mysql_rest_service_impl.dir/mrs/rest/rest_request_handler.cc.o
[ 67%] Building CXX object router/src/mysql_rest_service/src/CMakeFiles/mysql_rest_service_impl.dir/mrs/monitored/gtid_functions.cc.o
[ 67%] Building CXX object router/src/mysql_rest_service/src/CMakeFiles/mysql_rest_service_impl.dir/mrs/http/session_manager.cc.o
[ 67%] Building CXX object router/src/mysql_rest_service/src/CMakeFiles/mysql_rest_service_impl.dir/mrs/users/user_manager.cc.o
[ 67%] Building CXX object router/src/mysql_rest_service/src/CMakeFiles/mysql_rest_service_impl.dir/mrs/rest/handler.cc.o
[ 67%] Building CXX object router/src/mysql_rest_service/src/CMakeFiles/mysql_rest_service_impl.dir/mrs/rest/response_cache.cc.o
[ 67%] Building CXX object router/src/mysql_rest_service/src/CMakeFiles/mysql_rest_service_impl.dir/mrs/rest/openapi_object_creator.cc.o
[ 67%] Building CXX object router/src/mysql_rest_service/src/CMakeFiles/mysql_rest_service_impl.dir/mrs/monitored/query_retry_on_ro.cc.o
[ 67%] Linking CXX executable ../../../../runtime_output_directory/mysqlrouter_bootstrap
[ 67%] Building CXX object plugin/group_replication/CMakeFiles/group_replication.dir/src/applier.cc.o
[ 67%] Building CXX object plugin/group_replication/CMakeFiles/group_replication.dir/src/applier_channel_state_observer.cc.o
[ 67%] Building CXX object plugin/group_replication/CMakeFiles/group_replication.dir/src/asynchronous_channels_state_observer.cc.o
[ 67%] Building CXX object plugin/group_replication/CMakeFiles/group_replication.dir/src/certifier.cc.o
[ 67%] Building CXX object plugin/group_replication/CMakeFiles/group_replication.dir/src/auto_increment.cc.o
[ 67%] Building CXX object plugin/group_replication/CMakeFiles/group_replication.dir/src/certification/gtid_generator_for_sidno.cc.o
[ 67%] Building CXX object plugin/group_replication/CMakeFiles/group_replication.dir/src/autorejoin.cc.o
[ 67%] Building CXX object plugin/group_replication/CMakeFiles/group_replication.dir/src/compatibility_module.cc.o
[ 67%] Building CXX object plugin/group_replication/CMakeFiles/group_replication.dir/src/delayed_plugin_initialization.cc.o
[ 67%] Building CXX object plugin/group_replication/CMakeFiles/group_replication.dir/src/certification/gtid_generator.cc.o
[ 67%] Building CXX object plugin/group_replication/CMakeFiles/group_replication.dir/src/mysql_gcs_timestamp_provider.cc.o
[ 67%] Building CXX object plugin/group_replication/CMakeFiles/group_replication.dir/src/gcs_logger.cc.o
[ 67%] Building CXX object plugin/group_replication/CMakeFiles/group_replication.dir/src/gcs_plugin_messages.cc.o
[ 67%] Building CXX object plugin/group_replication/CMakeFiles/group_replication.dir/src/consistency_manager.cc.o
[ 67%] Building CXX object plugin/group_replication/CMakeFiles/group_replication.dir/src/gcs_view_modification_notifier.cc.o
[ 67%] Building CXX object plugin/group_replication/CMakeFiles/group_replication.dir/src/certification/certified_gtid.cc.o
[ 67%] Building CXX object plugin/group_replication/CMakeFiles/group_replication.dir/src/gr_decompression.cc.o
[ 67%] Building CXX object plugin/group_replication/CMakeFiles/group_replication.dir/src/gcs_event_handlers.cc.o
[ 67%] Building CXX object plugin/group_replication/CMakeFiles/group_replication.dir/src/group_actions/group_action.cc.o
[ 67%] Building CXX object plugin/group_replication/CMakeFiles/group_replication.dir/src/gcs_operations.cc.o
[ 67%] Building CXX object plugin/group_replication/CMakeFiles/group_replication.dir/src/gcs_mysql_network_provider.cc.o
[ 67%] Building CXX object plugin/group_replication/CMakeFiles/group_replication.dir/src/group_actions/multi_primary_migration_action.cc.o
[ 67%] Building CXX object plugin/group_replication/CMakeFiles/group_replication.dir/src/gr_compression.cc.o
[ 67%] Building CXX object plugin/group_replication/CMakeFiles/group_replication.dir/src/group_actions/group_action_coordinator.cc.o
[ 68%] Building CXX object plugin/group_replication/CMakeFiles/group_replication.dir/src/group_actions/communication_protocol_action.cc.o
[ 68%] Building CXX object plugin/group_replication/CMakeFiles/group_replication.dir/src/handlers/certification_handler.cc.o
[ 68%] Building CXX object plugin/group_replication/CMakeFiles/group_replication.dir/src/leave_group_on_failure.cc.o
[ 68%] Building CXX object plugin/group_replication/CMakeFiles/group_replication.dir/src/group_actions/primary_election_action.cc.o
[ 68%] Building CXX object plugin/group_replication/CMakeFiles/group_replication.dir/src/handlers/applier_handler.cc.o
[ 68%] Building CXX object plugin/group_replication/CMakeFiles/group_replication.dir/src/member_version.cc.o
[ 68%] Building CXX object plugin/group_replication/CMakeFiles/group_replication.dir/src/group_actions/group_actions_transaction_controller.cc.o
[ 68%] Building CXX object plugin/group_replication/CMakeFiles/group_replication.dir/src/handlers/event_cataloger.cc.o
[ 68%] Building CXX object plugin/group_replication/CMakeFiles/group_replication.dir/src/hold_transactions.cc.o
[ 68%] Building CXX object plugin/group_replication/CMakeFiles/group_replication.dir/src/member_info.cc.o
[ 68%] Building CXX object plugin/group_replication/CMakeFiles/group_replication.dir/src/observer_server_actions.cc.o
[ 68%] Building CXX object plugin/group_replication/CMakeFiles/group_replication.dir/src/mysql_version_gcs_protocol_map.cc.o
[ 68%] Building CXX object plugin/group_replication/CMakeFiles/group_replication.dir/src/observer_server_channels.cc.o
[ 68%] Building CXX object plugin/group_replication/CMakeFiles/group_replication.dir/src/observer_server_state.cc.o
[ 68%] Building CXX object plugin/group_replication/CMakeFiles/group_replication.dir/src/observer_trans.cc.o
[ 68%] Building CXX object plugin/group_replication/CMakeFiles/group_replication.dir/src/perfschema/pfs.cc.o
[ 68%] Building CXX object plugin/group_replication/CMakeFiles/group_replication.dir/src/opt_tracker.cc.o
[ 68%] Building CXX object plugin/group_replication/CMakeFiles/group_replication.dir/src/perfschema/table_replication_group_member_actions.cc.o
[ 68%] Building CXX object plugin/group_replication/CMakeFiles/group_replication.dir/src/perfschema/table_communication_information.cc.o
[ 68%] Building CXX object plugin/group_replication/CMakeFiles/group_replication.dir/src/perfschema/table_replication_group_configuration_version.cc.o
[ 68%] Building CXX object plugin/group_replication/CMakeFiles/group_replication.dir/src/pipeline_factory.cc.o
[ 68%] Building CXX object plugin/group_replication/CMakeFiles/group_replication.dir/src/pipeline_stats.cc.o
[ 68%] Building CXX object plugin/group_replication/CMakeFiles/group_replication.dir/src/plugin_handlers/group_partition_handling.cc.o
[ 68%] Building CXX object plugin/group_replication/CMakeFiles/group_replication.dir/src/plugin.cc.o
[ 68%] Building CXX object plugin/group_replication/CMakeFiles/group_replication.dir/src/plugin_handlers/consensus_leaders_handler.cc.o
[ 68%] Building CXX object plugin/group_replication/CMakeFiles/group_replication.dir/src/plugin_handlers/metrics_handler.cc.o
[ 68%] Building CXX object plugin/group_replication/CMakeFiles/group_replication.dir/src/plugin_handlers/member_actions_handler_configuration.cc.o
[ 68%] Building CXX object plugin/group_replication/CMakeFiles/group_replication.dir/src/plugin_handlers/member_actions_handler.cc.o
[ 68%] Building CXX object plugin/group_replication/CMakeFiles/group_replication.dir/src/plugin_handlers/primary_election_primary_process.cc.o
[ 68%] Building CXX object plugin/group_replication/CMakeFiles/group_replication.dir/src/plugin_handlers/read_mode_handler.cc.o
[ 68%] Building CXX object plugin/group_replication/CMakeFiles/group_replication.dir/src/plugin_handlers/offline_mode_handler.cc.o
[ 68%] Building CXX object plugin/group_replication/CMakeFiles/group_replication.dir/src/plugin_handlers/primary_election_invocation_handler.cc.o
[ 68%] Building CXX object plugin/group_replication/CMakeFiles/group_replication.dir/src/plugin_handlers/server_ongoing_transactions_handler.cc.o
[ 68%] Building CXX object plugin/group_replication/CMakeFiles/group_replication.dir/src/plugin_handlers/recovery_metadata.cc.o
[ 68%] Building CXX object plugin/group_replication/CMakeFiles/group_replication.dir/src/plugin_handlers/primary_election_utils.cc.o
[ 68%] Building CXX object plugin/group_replication/CMakeFiles/group_replication.dir/src/plugin_messages/group_action_message.cc.o
[ 68%] Building CXX object plugin/group_replication/CMakeFiles/group_replication.dir/src/plugin_handlers/primary_election_most_uptodate.cc.o
[ 68%] Building CXX object plugin/group_replication/CMakeFiles/group_replication.dir/src/plugin_handlers/primary_election_validation_handler.cc.o
[ 68%] Building CXX object plugin/group_replication/CMakeFiles/group_replication.dir/src/plugin_handlers/stage_monitor_handler.cc.o
[ 68%] Building CXX object plugin/group_replication/CMakeFiles/group_replication.dir/src/plugin_messages/group_service_message.cc.o
[ 68%] Building CXX object plugin/group_replication/CMakeFiles/group_replication.dir/src/plugin_handlers/primary_election_secondary_process.cc.o
[ 68%] Building CXX object plugin/group_replication/CMakeFiles/group_replication.dir/src/plugin_handlers/recovery_metadata_joiner_information.cc.o
[ 68%] Building CXX object plugin/group_replication/CMakeFiles/group_replication.dir/src/plugin_handlers/remote_clone_handler.cc.o
[ 68%] Building CXX object plugin/group_replication/CMakeFiles/group_replication.dir/src/plugin_messages/recovery_message.cc.o
[ 68%] Building CXX object plugin/group_replication/CMakeFiles/group_replication.dir/src/plugin_messages/recovery_metadata_message_compressed_parts.cc.o
[ 68%] Building CXX object plugin/group_replication/CMakeFiles/group_replication.dir/src/plugin_messages/single_primary_message.cc.o
[ 68%] Building CXX object plugin/group_replication/CMakeFiles/group_replication.dir/src/plugin_messages/sync_before_execution_message.cc.o
[ 68%] Building CXX object plugin/group_replication/CMakeFiles/group_replication.dir/src/plugin_messages/group_validation_message.cc.o
[ 68%] Building CXX object plugin/group_replication/CMakeFiles/group_replication.dir/src/plugin_messages/recovery_metadata_message.cc.o
[ 68%] Building CXX object plugin/group_replication/CMakeFiles/group_replication.dir/src/plugin_messages/transaction_message.cc.o
[ 68%] Building CXX object plugin/group_replication/CMakeFiles/group_replication.dir/src/plugin_observers/group_event_observer.cc.o
[ 69%] Building CXX object plugin/group_replication/CMakeFiles/group_replication.dir/src/plugin_messages/transaction_prepared_message.cc.o
[ 69%] Building CXX object plugin/group_replication/CMakeFiles/group_replication.dir/src/plugin_messages/transaction_with_guarantee_message.cc.o
[ 69%] Building CXX object plugin/group_replication/CMakeFiles/group_replication.dir/src/plugin_observers/group_transaction_observation_manager.cc.o
[ 69%] Building CXX object plugin/group_replication/CMakeFiles/group_replication.dir/src/plugin_observers/recovery_metadata_observer.cc.o
[ 69%] Building CXX object plugin/group_replication/CMakeFiles/group_replication.dir/src/plugin_observers/channel_observation_manager.cc.o
[ 69%] Building CXX object plugin/group_replication/CMakeFiles/group_replication.dir/src/plugin_psi.cc.o
[ 69%] Linking CXX static library ../../../../archive_output_directory/libmysql_rest_service_impl.a
[ 69%] Building CXX object plugin/group_replication/CMakeFiles/group_replication.dir/src/plugin_variables/recovery_endpoints.cc.o
[ 69%] Building CXX object plugin/group_replication/CMakeFiles/group_replication.dir/src/plugin_status_variables.cc.o
[ 69%] Building CXX object plugin/group_replication/CMakeFiles/group_replication.dir/src/plugin_utils.cc.o
[ 69%] Building CXX object plugin/group_replication/CMakeFiles/group_replication.dir/src/ps_information.cc.o
[ 69%] Building CXX object plugin/group_replication/CMakeFiles/group_replication.dir/src/recovery_channel_state_observer.cc.o
[ 69%] Building CXX object plugin/group_replication/CMakeFiles/group_replication.dir/src/recovery.cc.o
[ 69%] Building CXX object plugin/group_replication/CMakeFiles/group_replication.dir/src/services/message_service/message_service.cc.o
[ 69%] Building CXX object plugin/group_replication/CMakeFiles/group_replication.dir/src/services/notification/notification.cc.o
[ 69%] Building CXX object plugin/group_replication/CMakeFiles/group_replication.dir/src/replication_threads_api.cc.o
[ 69%] Building CXX object plugin/group_replication/CMakeFiles/group_replication.dir/src/services/status_service/status_service.cc.o
[ 69%] Building CXX object plugin/group_replication/CMakeFiles/group_replication.dir/src/services/system_variable/get_system_variable.cc.o
[ 69%] Building CXX object plugin/group_replication/CMakeFiles/group_replication.dir/src/recovery_state_transfer.cc.o
[ 69%] Building CXX object plugin/group_replication/CMakeFiles/group_replication.dir/src/services/management/management.cc.o
[ 69%] Building CXX object plugin/group_replication/CMakeFiles/group_replication.dir/src/services/system_variable/set_system_variable.cc.o
[ 69%] Building CXX object plugin/group_replication/CMakeFiles/group_replication.dir/src/sql_service/sql_command_test.cc.o
[ 69%] Building CXX object plugin/group_replication/CMakeFiles/group_replication.dir/src/services/flow_control/get_metrics.cc.o
[ 69%] Building CXX object plugin/group_replication/CMakeFiles/group_replication.dir/src/sql_service/sql_resultset.cc.o
[ 69%] Building CXX object plugin/group_replication/CMakeFiles/group_replication.dir/src/services/server_services_references.cc.o
[ 69%] Building CXX object plugin/group_replication/CMakeFiles/group_replication.dir/src/sql_service/sql_service_command.cc.o
[ 69%] Building CXX object plugin/group_replication/CMakeFiles/group_replication.dir/src/sql_service/sql_service_context.cc.o
[ 69%] Building CXX object plugin/group_replication/CMakeFiles/group_replication.dir/src/services/registry.cc.o
[ 69%] Building CXX object plugin/group_replication/CMakeFiles/group_replication.dir/src/thread/mysql_thread.cc.o
[ 69%] Building CXX object sql/protobuf/CMakeFiles/rpl_protobuf_lite.dir/generated/protobuf_lite/replication_asynchronous_connection_failover.pb.cc.o
[ 69%] Building CXX object plugin/group_replication/CMakeFiles/group_replication.dir/src/sql_service/sql_service_interface.cc.o
[ 69%] Building CXX object plugin/group_replication/CMakeFiles/group_replication.dir/src/sql_service/sql_service_context_base.cc.o
[ 69%] Building CXX object plugin/group_replication/CMakeFiles/group_replication.dir/src/udf/udf_communication_protocol.cc.o
[ 69%] Building CXX object plugin/group_replication/CMakeFiles/group_replication.dir/src/udf/udf_multi_primary.cc.o
[ 69%] Building CXX object plugin/group_replication/CMakeFiles/group_replication.dir/src/udf/udf_member_actions.cc.o
[ 69%] Building CXX object plugin/group_replication/CMakeFiles/group_replication.dir/src/udf/udf_utils.cc.o
[ 69%] Building CXX object plugin/group_replication/CMakeFiles/group_replication.dir/src/services/notification/impl/gms_listener_test.cc.o
[ 69%] Building CXX object plugin/group_replication/CMakeFiles/group_replication.dir/src/udf/udf_single_primary.cc.o
[ 69%] Building CXX object plugin/group_replication/CMakeFiles/group_replication.dir/src/udf/udf_registration.cc.o
[ 69%] Building CXX object plugin/group_replication/CMakeFiles/group_replication.dir/src/udf/udf_write_concurrency.cc.o
[ 69%] Built target rest_host_cache
[ 69%] Linking CXX static library librpl_protobuf_lite.a
[ 69%] Built target rest_router
[ 69%] Built target rest_connection_pool
[ 69%] Linking CXX shared module ../../plugin_output_directory/group_replication.so
[ 69%] Built target rpl_protobuf_lite
[ 69%] Built target mysqlrouter_mrs_client
[ 69%] Built target mysqlrouter
[ 69%] Building CXX object plugin/x/protocol/protobuf/CMakeFiles/mysqlxmessages_lite.dir/__/__/generated/protobuf_lite/mysqlx_crud.pb.cc.o
[ 69%] Building CXX object plugin/x/protocol/protobuf/CMakeFiles/mysqlxmessages_lite.dir/__/__/generated/protobuf_lite/mysqlx_connection.pb.cc.o
[ 69%] Building CXX object plugin/x/protocol/protobuf/CMakeFiles/mysqlxmessages_lite.dir/__/__/generated/protobuf_lite/mysqlx_cursor.pb.cc.o
[ 69%] Building CXX object plugin/x/protocol/protobuf/CMakeFiles/mysqlxmessages_lite.dir/__/__/generated/protobuf_lite/mysqlx_datatypes.pb.cc.o
[ 69%] Building CXX object plugin/x/protocol/protobuf/CMakeFiles/mysqlxmessages_lite.dir/__/__/generated/protobuf_lite/mysqlx_expect.pb.cc.o
[ 69%] Building CXX object plugin/x/protocol/protobuf/CMakeFiles/mysqlxmessages_lite.dir/__/__/generated/protobuf_lite/mysqlx.pb.cc.o
[ 69%] Building CXX object plugin/x/protocol/protobuf/CMakeFiles/mysqlxmessages_lite.dir/__/__/generated/protobuf_lite/mysqlx_expr.pb.cc.o
[ 69%] Building CXX object plugin/x/protocol/protobuf/CMakeFiles/mysqlxmessages_lite.dir/__/__/generated/protobuf_lite/mysqlx_notice.pb.cc.o
[ 69%] Building CXX object plugin/x/protocol/protobuf/CMakeFiles/mysqlxmessages_lite.dir/__/__/generated/protobuf_lite/mysqlx_resultset.pb.cc.o
[ 69%] Building CXX object plugin/x/protocol/protobuf/CMakeFiles/mysqlxmessages_lite.dir/__/__/generated/protobuf_lite/mysqlx_session.pb.cc.o
[ 69%] Building CXX object plugin/x/protocol/protobuf/CMakeFiles/mysqlxmessages_lite.dir/__/__/generated/protobuf_lite/mysqlx_sql.pb.cc.o
[ 69%] Building CXX object plugin/x/protocol/protobuf/CMakeFiles/mysqlxmessages_lite.dir/__/__/generated/protobuf_lite/mysqlx_prepare.pb.cc.o
[ 69%] Linking CXX static library libmysqlxmessages_lite.a
[ 69%] Building CXX object plugin/x/protocol/protobuf/CMakeFiles/mysqlxmessages.dir/__/__/generated/protobuf/mysqlx_expr.pb.cc.o
[ 69%] Building CXX object plugin/x/protocol/protobuf/CMakeFiles/mysqlxmessages.dir/__/__/generated/protobuf/mysqlx_notice.pb.cc.o
[ 69%] Building CXX object plugin/x/protocol/protobuf/CMakeFiles/mysqlxmessages.dir/__/__/generated/protobuf/mysqlx_crud.pb.cc.o
[ 69%] Building CXX object plugin/x/protocol/protobuf/CMakeFiles/mysqlxmessages.dir/__/__/generated/protobuf/mysqlx_connection.pb.cc.o
[ 69%] Building CXX object plugin/x/protocol/protobuf/CMakeFiles/mysqlxmessages.dir/__/__/generated/protobuf/mysqlx_cursor.pb.cc.o
[ 69%] Building CXX object plugin/x/protocol/protobuf/CMakeFiles/mysqlxmessages.dir/__/__/generated/protobuf/mysqlx_prepare.pb.cc.o
[ 69%] Building CXX object plugin/x/protocol/protobuf/CMakeFiles/mysqlxmessages.dir/__/__/generated/protobuf/mysqlx_expect.pb.cc.o
[ 69%] Building CXX object plugin/x/protocol/protobuf/CMakeFiles/mysqlxmessages.dir/__/__/generated/protobuf/mysqlx_resultset.pb.cc.o
[ 69%] Building CXX object plugin/x/protocol/protobuf/CMakeFiles/mysqlxmessages.dir/__/__/generated/protobuf/mysqlx_datatypes.pb.cc.o
[ 69%] Building CXX object plugin/x/protocol/protobuf/CMakeFiles/mysqlxmessages.dir/__/__/generated/protobuf/mysqlx.pb.cc.o
[ 69%] Building CXX object plugin/x/protocol/protobuf/CMakeFiles/mysqlxmessages.dir/__/__/generated/protobuf/mysqlx_sql.pb.cc.o
[ 69%] Building CXX object plugin/x/protocol/protobuf/CMakeFiles/mysqlxmessages.dir/__/__/generated/protobuf/mysqlx_session.pb.cc.o
[ 69%] Built target mysqlrouter_bootstrap
[ 69%] Built target mysqlxmessages_lite
[ 69%] Linking CXX static library libmysqlxmessages.a
[ 69%] Building CXX object plugin/x/client/CMakeFiles/mysqlxclient_lite.dir/authentication/mysql41_hash.cc.o
[ 69%] Building CXX object plugin/x/client/CMakeFiles/mysqlxclient_lite.dir/authentication/password_hasher.cc.o
[ 69%] Building CXX object plugin/x/client/CMakeFiles/mysqlxclient_lite.dir/xcompression_impl.cc.o
[ 69%] Building CXX object plugin/x/client/CMakeFiles/mysqlxclient_lite.dir/xcompression_negotiator.cc.o
[ 69%] Building CXX object plugin/x/client/CMakeFiles/mysqlxclient_lite.dir/xprotocol_impl.cc.o
[ 69%] Building CXX object plugin/x/client/CMakeFiles/mysqlxclient_lite.dir/authentication/sha256_scramble_generator.cc.o
[ 69%] Building CXX object plugin/x/client/CMakeFiles/mysqlxclient_lite.dir/xrow.cc.o
[ 69%] Building CXX object plugin/x/client/CMakeFiles/mysqlxclient_lite.dir/xrow_impl.cc.o
[ 70%] Building CXX object plugin/x/client/CMakeFiles/mysqlxclient_lite.dir/__/__/__/sql-common/net_ns.cc.o
[ 70%] Building CXX object plugin/x/client/CMakeFiles/mysqlxclient_lite.dir/xsession_impl.cc.o
[ 70%] Building CXX object plugin/x/client/CMakeFiles/mysqlxclient_lite.dir/xconnection_impl.cc.o
[ 70%] Building CXX object plugin/x/client/CMakeFiles/mysqlxclient_lite.dir/xquery_result_impl.cc.o
[ 70%] Linking CXX static library libmysqlxclient_lite.a
[ 70%] Built target mysql_rest_service_impl
[ 70%] Built target mysqlxmessages
[ 70%] Building CXX object plugin/x/protocol/plugin/CMakeFiles/xprotocol_plugin.dir/messages_used_by_server.cc.o
[ 70%] Building CXX object plugin/x/protocol/plugin/CMakeFiles/xprotocol_plugin.dir/xprotocol_plugin.cc.o
[ 70%] Building CXX object plugin/x/client/CMakeFiles/mysqlxclient.dir/authentication/mysql41_hash.cc.o
[ 70%] Building CXX object plugin/x/protocol/plugin/CMakeFiles/xprotocol_plugin.dir/message_field_chain.cc.o
[ 70%] Building CXX object plugin/x/client/CMakeFiles/mysqlxclient.dir/xcompression_impl.cc.o
[ 70%] Building CXX object plugin/x/client/CMakeFiles/mysqlxclient.dir/xconnection_impl.cc.o
[ 70%] Building CXX object plugin/x/client/CMakeFiles/mysqlxclient.dir/xcompression_negotiator.cc.o
[ 70%] Building CXX object plugin/x/client/CMakeFiles/mysqlxclient.dir/authentication/password_hasher.cc.o
[ 70%] Building CXX object plugin/x/client/CMakeFiles/mysqlxclient.dir/authentication/sha256_scramble_generator.cc.o
[ 70%] Building CXX object plugin/x/client/CMakeFiles/mysqlxclient.dir/xprotocol_impl.cc.o
[ 70%] Building CXX object plugin/x/client/CMakeFiles/mysqlxclient.dir/xquery_result_impl.cc.o
[ 70%] Building CXX object router/src/mysqlxmessages/src/CMakeFiles/router_mysqlxmessages.dir/__/__/__/__/plugin/x/generated/protobuf/mysqlx_connection.pb.cc.o
[ 70%] Building CXX object plugin/x/client/CMakeFiles/mysqlxclient.dir/xrow.cc.o
[ 71%] Building CXX object router/src/mysqlxmessages/src/CMakeFiles/router_mysqlxmessages.dir/__/__/__/__/plugin/x/generated/protobuf/mysqlx_cursor.pb.cc.o
[ 71%] Building CXX object router/src/mysqlxmessages/src/CMakeFiles/router_mysqlxmessages.dir/__/__/__/__/plugin/x/generated/protobuf/mysqlx_crud.pb.cc.o
[ 71%] Building CXX object plugin/x/client/CMakeFiles/mysqlxclient.dir/xrow_impl.cc.o
[ 71%] Building CXX object plugin/x/client/CMakeFiles/mysqlxclient.dir/xsession_impl.cc.o
[ 71%] Building CXX object router/src/mysqlxmessages/src/CMakeFiles/router_mysqlxmessages.dir/__/__/__/__/plugin/x/generated/protobuf/mysqlx_datatypes.pb.cc.o
[ 71%] Building CXX object plugin/x/client/CMakeFiles/mysqlxclient.dir/__/__/__/sql-common/net_ns.cc.o
[ 71%] Building CXX object router/src/mysqlxmessages/src/CMakeFiles/router_mysqlxmessages.dir/__/__/__/__/plugin/x/generated/protobuf/mysqlx_expect.pb.cc.o
[ 71%] Building CXX object router/src/mysqlxmessages/src/CMakeFiles/router_mysqlxmessages.dir/__/__/__/__/plugin/x/generated/protobuf/mysqlx_expr.pb.cc.o
[ 71%] Building CXX object router/src/mysqlxmessages/src/CMakeFiles/router_mysqlxmessages.dir/__/__/__/__/plugin/x/generated/protobuf/mysqlx_notice.pb.cc.o
[ 71%] Building CXX object router/src/mysqlxmessages/src/CMakeFiles/router_mysqlxmessages.dir/__/__/__/__/plugin/x/generated/protobuf/mysqlx.pb.cc.o
[ 71%] Building CXX object router/src/mysqlxmessages/src/CMakeFiles/router_mysqlxmessages.dir/__/__/__/__/plugin/x/generated/protobuf/mysqlx_prepare.pb.cc.o
[ 71%] Building CXX object router/src/mysqlxmessages/src/CMakeFiles/router_mysqlxmessages.dir/__/__/__/__/plugin/x/generated/protobuf/mysqlx_resultset.pb.cc.o
[ 71%] Building CXX object router/src/mysqlxmessages/src/CMakeFiles/router_mysqlxmessages.dir/__/__/__/__/plugin/x/generated/protobuf/mysqlx_session.pb.cc.o
[ 71%] Building CXX object router/src/mysqlxmessages/src/CMakeFiles/router_mysqlxmessages.dir/__/__/__/__/plugin/x/generated/protobuf/mysqlx_sql.pb.cc.o
[ 71%] Linking CXX executable ../../../../runtime_output_directory/xprotocol_plugin
[ 71%] Built target mysqlxclient_lite
[ 71%] Linking CXX shared library ../../../../library_output_directory/libmysqlrouter_mysqlxmessages.so
[ 71%] Linking CXX static library libmysqlxclient.a
[ 71%] Built target mysqlxclient
[ 71%] Built target xprotocol_plugin
[ 72%] Building CXX object plugin/x/tests/driver/CMakeFiles/mysqlxtest.dir/common/message_matcher.cc.o
[ 72%] Building CXX object plugin/x/tests/driver/CMakeFiles/mysqlxtest.dir/common/command_line_options.cc.o
[ 72%] Building CXX object plugin/x/tests/driver/CMakeFiles/mysqlxtest.dir/connector/connection_manager.cc.o
[ 72%] Building CXX object plugin/x/tests/driver/CMakeFiles/mysqlxtest.dir/common/utils_mysql_parsing.cc.o
[ 72%] Building CXX object plugin/x/tests/driver/CMakeFiles/mysqlxtest.dir/connector/mysqlx_all_msgs.cc.o
[ 72%] Building CXX object plugin/x/tests/driver/CMakeFiles/mysqlxtest.dir/connector/result_fetcher.cc.o
[ 72%] Building CXX object plugin/x/tests/driver/CMakeFiles/mysqlxtest.dir/connector/session_holder.cc.o
[ 72%] Building CXX object plugin/x/tests/driver/CMakeFiles/mysqlxtest.dir/common/utils_string_parsing.cc.o
[ 72%] Building CXX object plugin/x/tests/driver/CMakeFiles/mysqlxtest.dir/connector/warning.cc.o
[ 72%] Building CXX object plugin/x/tests/driver/CMakeFiles/mysqlxtest.dir/formatters/console.cc.o
[ 72%] Building CXX object plugin/x/tests/driver/CMakeFiles/mysqlxtest.dir/driver_command_line_options.cc.o
[ 72%] Building CXX object plugin/x/tests/driver/CMakeFiles/mysqlxtest.dir/json_to_any_handler.cc.o
[ 72%] Building CXX object plugin/x/tests/driver/CMakeFiles/mysqlxtest.dir/formatters/message_formatter.cc.o
[ 72%] Building CXX object plugin/x/tests/driver/CMakeFiles/mysqlxtest.dir/mysqlxtest.cc.o
[ 72%] Building CXX object plugin/x/tests/driver/CMakeFiles/mysqlxtest.dir/processor/command_multiline_processor.cc.o
[ 72%] Building CXX object plugin/x/tests/driver/CMakeFiles/mysqlxtest.dir/processor/command_processor.cc.o
[ 72%] Building CXX object plugin/x/tests/driver/CMakeFiles/mysqlxtest.dir/processor/commands/command.cc.o
[ 72%] Building CXX object plugin/x/tests/driver/CMakeFiles/mysqlxtest.dir/processor/commands/expected_error.cc.o
[ 72%] Building CXX object plugin/x/tests/driver/CMakeFiles/mysqlxtest.dir/parsers/message_parser.cc.o
[ 72%] Building CXX object plugin/x/tests/driver/CMakeFiles/mysqlxtest.dir/processor/commands/expected_warnings.cc.o
[ 72%] Building CXX object plugin/x/tests/driver/CMakeFiles/mysqlxtest.dir/processor/commands/mysqlxtest_error_names.cc.o
[ 72%] Building CXX object plugin/x/tests/driver/CMakeFiles/mysqlxtest.dir/processor/commands/macro.cc.o
[ 72%] Building CXX object plugin/x/tests/driver/CMakeFiles/mysqlxtest.dir/processor/dump_message_block_processor.cc.o
[ 72%] Building CXX object plugin/x/tests/driver/CMakeFiles/mysqlxtest.dir/processor/compress_single_message_block_processor.cc.o
[ 72%] Building CXX object plugin/x/tests/driver/CMakeFiles/mysqlxtest.dir/processor/multiple_compress_block_processor.cc.o
[ 72%] Building CXX object plugin/x/tests/driver/CMakeFiles/mysqlxtest.dir/processor/sql_block_processor.cc.o
[ 72%] Building CXX object plugin/x/tests/driver/CMakeFiles/mysqlxtest.dir/processor/macro_block_processor.cc.o
[ 72%] Building CXX object plugin/x/tests/driver/CMakeFiles/mysqlxtest.dir/processor/sql_stmt_processor.cc.o
[ 72%] Building CXX object plugin/x/tests/driver/CMakeFiles/mysqlxtest.dir/__/__/__/__/sql-common/net_ns.cc.o
[ 72%] Building CXX object plugin/x/tests/driver/CMakeFiles/mysqlxtest.dir/processor/send_message_block_processor.cc.o
[ 72%] Building CXX object plugin/x/tests/driver/CMakeFiles/mysqlxtest.dir/processor/stream_processor.cc.o
[ 72%] Running protocol buffer plugin on all 'proto' files
[ 72%] Linking CXX executable ../../../../runtime_output_directory/mysqlxtest
[ 72%] Built target router_mysqlxmessages
[ 72%] Building CXX object router/src/mysqlxmessages/src/CMakeFiles/router_mysqlxclient.dir/__/__/__/__/plugin/x/client/authentication/mysql41_hash.cc.o
[ 72%] Building CXX object router/src/mysqlxmessages/src/CMakeFiles/router_mysqlxclient.dir/__/__/__/__/plugin/x/client/authentication/password_hasher.cc.o
[ 72%] Building CXX object router/src/mysqlxmessages/src/CMakeFiles/router_mysqlxclient.dir/__/__/__/__/plugin/x/client/xcompression_impl.cc.o
[ 72%] Building CXX object router/src/mysqlxmessages/src/CMakeFiles/router_mysqlxclient.dir/__/__/__/__/plugin/x/client/xconnection_impl.cc.o
[ 72%] Building CXX object router/src/mysqlxmessages/src/CMakeFiles/router_mysqlxclient.dir/__/__/__/__/plugin/x/client/xcompression_negotiator.cc.o
[ 72%] Building CXX object router/src/mysqlxmessages/src/CMakeFiles/router_mysqlxclient.dir/__/__/__/__/plugin/x/client/xprotocol_impl.cc.o
[ 72%] Building CXX object router/src/mysqlxmessages/src/CMakeFiles/router_mysqlxclient.dir/__/__/__/__/plugin/x/client/xquery_result_impl.cc.o
[ 72%] Building CXX object router/src/mysqlxmessages/src/CMakeFiles/router_mysqlxclient.dir/__/__/__/__/plugin/x/client/xrow.cc.o
[ 72%] Building CXX object router/src/mysqlxmessages/src/CMakeFiles/router_mysqlxclient.dir/__/__/__/__/plugin/x/client/xrow_impl.cc.o
[ 72%] Building CXX object router/src/mysqlxmessages/src/CMakeFiles/router_mysqlxclient.dir/__/__/__/__/plugin/x/client/authentication/sha256_scramble_generator.cc.o
[ 72%] Building CXX object router/src/mysqlxmessages/src/CMakeFiles/router_mysqlxclient.dir/__/__/__/__/sql-common/net_ns.cc.o
[ 72%] Building CXX object router/src/mysqlxmessages/src/CMakeFiles/router_mysqlxclient.dir/__/__/__/__/plugin/x/client/xsession_impl.cc.o
[ 72%] Linking CXX shared library ../../../../library_output_directory/libmysqlrouter_mysqlxclient.so
[ 72%] Built target xprotocol_tags
[ 72%] Building CXX object plugin/x/CMakeFiles/mysqlx.dir/src/account_verification_handler.cc.o
[ 72%] Building CXX object plugin/x/CMakeFiles/mysqlx.dir/src/admin_cmd_index.cc.o
[ 72%] Building CXX object plugin/x/CMakeFiles/mysqlx.dir/src/auth_legacy.cc.o
[ 72%] Building CXX object plugin/x/CMakeFiles/mysqlx.dir/src/admin_cmd_arguments.cc.o
[ 72%] Building CXX object plugin/x/CMakeFiles/mysqlx.dir/src/auth_plain.cc.o
[ 73%] Building CXX object plugin/x/CMakeFiles/mysqlx.dir/src/admin_cmd_collection_handler.cc.o
[ 73%] Building CXX object plugin/x/CMakeFiles/mysqlx.dir/src/admin_cmd_handler.cc.o
[ 73%] Building CXX object plugin/x/CMakeFiles/mysqlx.dir/src/buffering_command_delegate.cc.o
[ 73%] Building CXX object plugin/x/CMakeFiles/mysqlx.dir/src/callback_command_delegate.cc.o
[ 73%] Building CXX object plugin/x/CMakeFiles/mysqlx.dir/src/capabilities/capability_compression.cc.o
[ 73%] Building CXX object plugin/x/CMakeFiles/mysqlx.dir/src/cache_based_verification.cc.o
[ 73%] Building CXX object plugin/x/CMakeFiles/mysqlx.dir/src/capabilities/configurator.cc.o
[ 73%] Building CXX object plugin/x/CMakeFiles/mysqlx.dir/src/capabilities/handler_auth_mech.cc.o
[ 73%] Building CXX object plugin/x/CMakeFiles/mysqlx.dir/src/capabilities/handler_client_interactive.cc.o
[ 73%] Building CXX object plugin/x/CMakeFiles/mysqlx.dir/src/capabilities/handler_connection_attributes.cc.o
[ 73%] Building CXX object plugin/x/CMakeFiles/mysqlx.dir/src/capabilities/handler_tls.cc.o
[ 73%] Building CXX object plugin/x/CMakeFiles/mysqlx.dir/src/client.cc.o
[ 73%] Building CXX object plugin/x/CMakeFiles/mysqlx.dir/src/crud_cmd_handler.cc.o
[ 73%] Building CXX object plugin/x/CMakeFiles/mysqlx.dir/src/challenge_response_verification.cc.o
[ 73%] Building CXX object plugin/x/CMakeFiles/mysqlx.dir/src/custom_command_delegates.cc.o
[ 73%] Building CXX object plugin/x/CMakeFiles/mysqlx.dir/src/delete_statement_builder.cc.o
[ 73%] Building CXX object plugin/x/CMakeFiles/mysqlx.dir/src/expect/expect_condition_field.cc.o
[ 73%] Building CXX object plugin/x/CMakeFiles/mysqlx.dir/src/expect/expect.cc.o
[ 73%] Building CXX object plugin/x/CMakeFiles/mysqlx.dir/src/document_id_aggregator.cc.o
[ 73%] Building CXX object plugin/x/CMakeFiles/mysqlx.dir/src/expect/expect_stack.cc.o
[ 73%] Building CXX object plugin/x/CMakeFiles/mysqlx.dir/src/expr_generator.cc.o
[ 73%] Building CXX object plugin/x/CMakeFiles/mysqlx.dir/src/helper/generate_hash.cc.o
[ 73%] Building CXX object plugin/x/CMakeFiles/mysqlx.dir/src/helper/multithread/rw_lock.cc.o
[ 73%] Building CXX object plugin/x/CMakeFiles/mysqlx.dir/src/find_statement_builder.cc.o
[ 73%] Building CXX object plugin/x/CMakeFiles/mysqlx.dir/src/helper/multithread/initializer.cc.o
[ 73%] Building CXX object plugin/x/CMakeFiles/mysqlx.dir/src/helper/multithread/xsync_point.cc.o
[ 73%] Building CXX object plugin/x/CMakeFiles/mysqlx.dir/src/helper/multithread/cond.cc.o
[ 73%] Building CXX object plugin/x/CMakeFiles/mysqlx.dir/src/index_field.cc.o
[ 73%] Building CXX object plugin/x/CMakeFiles/mysqlx.dir/src/index_array_field.cc.o
[ 73%] Building CXX object plugin/x/CMakeFiles/mysqlx.dir/src/helper/multithread/mutex.cc.o
[ 73%] Building CXX object plugin/x/CMakeFiles/mysqlx.dir/src/insert_statement_builder.cc.o
[ 73%] Building CXX object plugin/x/CMakeFiles/mysqlx.dir/src/io/connection_type.cc.o
[ 73%] Building CXX object plugin/x/CMakeFiles/mysqlx.dir/src/json_utils.cc.o
[ 73%] Building CXX object plugin/x/CMakeFiles/mysqlx.dir/src/module_cache.cc.o
[ 73%] Building CXX object plugin/x/CMakeFiles/mysqlx.dir/src/io/xpl_listener_tcp.cc.o
[ 73%] Building CXX object plugin/x/CMakeFiles/mysqlx.dir/src/module_mysqlx.cc.o
[ 73%] Building CXX object plugin/x/CMakeFiles/mysqlx.dir/src/io/xpl_listener_factory.cc.o
[ 73%] Building CXX object plugin/x/CMakeFiles/mysqlx.dir/src/mq/notice_input_queue.cc.o
[ 73%] Building CXX object plugin/x/CMakeFiles/mysqlx.dir/src/io/vio_input_stream.cc.o
[ 73%] Building CXX object plugin/x/CMakeFiles/mysqlx.dir/src/meta_schema_validator.cc.o
[ 73%] Building CXX object plugin/x/CMakeFiles/mysqlx.dir/src/io/xpl_listener_unix_socket.cc.o
[ 73%] Building CXX object plugin/x/CMakeFiles/mysqlx.dir/src/mq/broker_task.cc.o
[ 73%] Building CXX object plugin/x/CMakeFiles/mysqlx.dir/src/native_plain_verification.cc.o
[ 73%] Building CXX object plugin/x/CMakeFiles/mysqlx.dir/src/mysql_show_variable_wrapper.cc.o
[ 73%] Building CXX object plugin/x/CMakeFiles/mysqlx.dir/src/ngs/message_cache.cc.o
[ 74%] Building CXX object plugin/x/CMakeFiles/mysqlx.dir/src/mysql_function_names.cc.o
[ 74%] Building CXX object plugin/x/CMakeFiles/mysqlx.dir/src/mysql_variables.cc.o
[ 74%] Building CXX object plugin/x/CMakeFiles/mysqlx.dir/src/mq/notice_output_queue.cc.o
[ 74%] Building CXX object plugin/x/CMakeFiles/mysqlx.dir/src/ngs/notice_descriptor.cc.o
[ 74%] Building CXX object plugin/x/CMakeFiles/mysqlx.dir/src/ngs/protocol_encoder.cc.o
[ 74%] Building CXX object plugin/x/CMakeFiles/mysqlx.dir/src/ngs/client_list.cc.o
[ 74%] Building CXX object plugin/x/CMakeFiles/mysqlx.dir/src/ngs/document_id_generator.cc.o
[ 74%] Building CXX object plugin/x/CMakeFiles/mysqlx.dir/src/ngs/protocol_encoder_compression.cc.o
[ 74%] Building CXX object plugin/x/CMakeFiles/mysqlx.dir/src/ngs/message_decoder.cc.o
[ 74%] Building CXX object plugin/x/CMakeFiles/mysqlx.dir/src/ngs/protocol_flusher.cc.o
[ 74%] Building CXX object plugin/x/CMakeFiles/mysqlx.dir/src/ngs/protocol_flusher_compression.cc.o
[ 74%] Building CXX object plugin/x/CMakeFiles/mysqlx.dir/src/ngs/scheduler.cc.o
[ 74%] Building CXX object plugin/x/CMakeFiles/mysqlx.dir/src/ngs/socket_acceptors_task.cc.o
[ 74%] Building CXX object plugin/x/CMakeFiles/mysqlx.dir/src/ngs/socket_events.cc.o
[ 74%] Building CXX object plugin/x/CMakeFiles/mysqlx.dir/src/ngs/protocol_decoder.cc.o
[ 74%] Building CXX object plugin/x/CMakeFiles/mysqlx.dir/src/ngs/protocol/page_pool.cc.o
[ 74%] Building CXX object plugin/x/CMakeFiles/mysqlx.dir/src/ngs/server_client_timeout.cc.o
[ 74%] Building CXX object plugin/x/CMakeFiles/mysqlx.dir/src/ngs/thread.cc.o
[ 74%] Building CXX object plugin/x/CMakeFiles/mysqlx.dir/src/notices.cc.o
[ 74%] Building CXX object plugin/x/CMakeFiles/mysqlx.dir/src/operations_factory.cc.o
[ 74%] Building CXX object plugin/x/CMakeFiles/mysqlx.dir/src/ngs/vio_wrapper.cc.o
[ 74%] Building CXX object plugin/x/CMakeFiles/mysqlx.dir/src/prepare_command_handler.cc.o
[ 74%] Building CXX object plugin/x/CMakeFiles/mysqlx.dir/src/prepared_statement_builder.cc.o
[ 74%] Building CXX object plugin/x/CMakeFiles/mysqlx.dir/src/prepare_param_handler.cc.o
[ 74%] Building CXX object plugin/x/CMakeFiles/mysqlx.dir/src/query_formatter.cc.o
[ 74%] Building CXX object plugin/x/CMakeFiles/mysqlx.dir/src/protocol_monitor.cc.o
[ 74%] Building CXX object plugin/x/CMakeFiles/mysqlx.dir/src/query_string_builder.cc.o
[ 74%] Building CXX object plugin/x/CMakeFiles/mysqlx.dir/src/server/builder/server_builder.cc.o
[ 74%] Building CXX object plugin/x/CMakeFiles/mysqlx.dir/src/services/mysqlx_group_membership_listener.cc.o
[ 74%] Building CXX object plugin/x/CMakeFiles/mysqlx.dir/src/server/authentication_container.cc.o
[ 74%] Building CXX object plugin/x/CMakeFiles/mysqlx.dir/src/server/server.cc.o
[ 74%] Building CXX object plugin/x/CMakeFiles/mysqlx.dir/src/server/builder/ssl_context_builder.cc.o
[ 74%] Building CXX object plugin/x/CMakeFiles/mysqlx.dir/src/server/session_scheduler.cc.o
[ 74%] Building CXX object plugin/x/CMakeFiles/mysqlx.dir/src/services/mysqlx_maintenance.cc.o
[ 74%] Building CXX object plugin/x/CMakeFiles/mysqlx.dir/src/services/mysqlx_group_member_status_listener.cc.o
[ 74%] Building CXX object plugin/x/CMakeFiles/mysqlx.dir/src/services/registrator.cc.o
[ 74%] Building CXX object plugin/x/CMakeFiles/mysqlx.dir/src/services/service_sys_variables.cc.o
[ 74%] Building CXX object plugin/x/CMakeFiles/mysqlx.dir/src/services/service_udf_registration.cc.o
[ 74%] Building CXX object plugin/x/CMakeFiles/mysqlx.dir/src/services/services.cc.o
[ 74%] Building CXX object plugin/x/CMakeFiles/mysqlx.dir/src/services/service_audit_api_connection.cc.o
[ 74%] Building CXX object plugin/x/CMakeFiles/mysqlx.dir/src/server/server_factory.cc.o
[ 74%] Building CXX object plugin/x/CMakeFiles/mysqlx.dir/src/sha256_plain_verification.cc.o
[ 74%] Building CXX object plugin/x/CMakeFiles/mysqlx.dir/src/services/service_registry_registration.cc.o
[ 75%] Building CXX object plugin/x/CMakeFiles/mysqlx.dir/src/sha2_plain_verification.cc.o
[ 75%] Building CXX object plugin/x/CMakeFiles/mysqlx.dir/src/sql_statement_builder.cc.o
[ 75%] Building CXX object plugin/x/CMakeFiles/mysqlx.dir/src/sql_data_result.cc.o
[ 75%] Building CXX object plugin/x/CMakeFiles/mysqlx.dir/src/session.cc.o
[ 75%] Building CXX object plugin/x/CMakeFiles/mysqlx.dir/src/sha256_password_cache.cc.o
[ 75%] Building CXX object plugin/x/CMakeFiles/mysqlx.dir/src/ssl_context_options.cc.o
[ 75%] Building CXX object plugin/x/CMakeFiles/mysqlx.dir/src/ssl_context.cc.o
[ 75%] Building CXX object plugin/x/CMakeFiles/mysqlx.dir/src/sql_data_context.cc.o
[ 75%] Building CXX object plugin/x/CMakeFiles/mysqlx.dir/src/stmt_command_handler.cc.o
[ 75%] Building CXX object plugin/x/CMakeFiles/mysqlx.dir/src/sql_user_require.cc.o
[ 75%] Building CXX object plugin/x/CMakeFiles/mysqlx.dir/src/udf/mysqlx_error.cc.o
[ 75%] Building CXX object plugin/x/CMakeFiles/mysqlx.dir/src/ssl_session_options.cc.o
[ 75%] Building CXX object plugin/x/CMakeFiles/mysqlx.dir/src/statement_builder.cc.o
[ 75%] Building CXX object plugin/x/CMakeFiles/mysqlx.dir/src/udf/mysqlx_generate_document_id.cc.o
[ 75%] Building CXX object plugin/x/CMakeFiles/mysqlx.dir/src/udf/registrator.cc.o
[ 75%] Building CXX object plugin/x/CMakeFiles/mysqlx.dir/src/streaming_command_delegate.cc.o
[ 75%] Building CXX object plugin/x/CMakeFiles/mysqlx.dir/src/udf/registry.cc.o
[ 75%] Building CXX object plugin/x/CMakeFiles/mysqlx.dir/src/udf/mysqlx_get_prepared_statement_id.cc.o
[ 75%] Building CXX object plugin/x/CMakeFiles/mysqlx.dir/src/variables/status_variables.cc.o
[ 75%] Building CXX object plugin/x/CMakeFiles/mysqlx.dir/src/update_statement_builder.cc.o
[ 75%] Building CXX object plugin/x/CMakeFiles/mysqlx.dir/src/view_statement_builder.cc.o
[ 75%] Building CXX object plugin/x/CMakeFiles/mysqlx.dir/src/variables/system_variables.cc.o
[ 75%] Building CXX object plugin/x/CMakeFiles/mysqlx.dir/src/xpl_performance_schema.cc.o
[ 75%] Building CXX object plugin/x/CMakeFiles/mysqlx.dir/src/xpl_log.cc.o
[ 75%] Building CXX object plugin/x/CMakeFiles/mysqlx.dir/src/xpl_plugin.cc.o
[ 75%] Building CXX object plugin/x/CMakeFiles/mysqlx.dir/src/xpl_dispatcher.cc.o
[ 75%] Building CXX object plugin/x/CMakeFiles/mysqlx.dir/src/xpl_regex.cc.o
[ 75%] Linking CXX static library libmysqlx.a
[ 75%] Built target group_replication
[ 75%] Building CXX object extra/opentelemetry-cpp/opentelemetry-cpp-1.23.0/CMakeFiles/opentelemetry_proto.dir/__/__/__/generated/third_party/opentelemetry-proto/opentelemetry/proto/resource/v1/resource.pb.cc.o
[ 75%] Building CXX object extra/opentelemetry-cpp/opentelemetry-cpp-1.23.0/CMakeFiles/opentelemetry_proto.dir/__/__/__/generated/third_party/opentelemetry-proto/opentelemetry/proto/common/v1/common.pb.cc.o
[ 75%] Building CXX object extra/opentelemetry-cpp/opentelemetry-cpp-1.23.0/CMakeFiles/opentelemetry_proto.dir/__/__/__/generated/third_party/opentelemetry-proto/opentelemetry/proto/trace/v1/trace.pb.cc.o
[ 75%] Building CXX object extra/opentelemetry-cpp/opentelemetry-cpp-1.23.0/CMakeFiles/opentelemetry_proto.dir/__/__/__/generated/third_party/opentelemetry-proto/opentelemetry/proto/logs/v1/logs.pb.cc.o
[ 75%] Building CXX object extra/opentelemetry-cpp/opentelemetry-cpp-1.23.0/CMakeFiles/opentelemetry_proto.dir/__/__/__/generated/third_party/opentelemetry-proto/opentelemetry/proto/collector/trace/v1/trace_service.pb.cc.o
[ 75%] Building CXX object extra/opentelemetry-cpp/opentelemetry-cpp-1.23.0/CMakeFiles/opentelemetry_proto.dir/__/__/__/generated/third_party/opentelemetry-proto/opentelemetry/proto/collector/logs/v1/logs_service.pb.cc.o
[ 75%] Building CXX object extra/opentelemetry-cpp/opentelemetry-cpp-1.23.0/CMakeFiles/opentelemetry_proto.dir/__/__/__/generated/third_party/opentelemetry-proto/opentelemetry/proto/metrics/v1/metrics.pb.cc.o
[ 75%] Building CXX object extra/opentelemetry-cpp/opentelemetry-cpp-1.23.0/CMakeFiles/opentelemetry_proto.dir/__/__/__/generated/third_party/opentelemetry-proto/opentelemetry/proto/collector/metrics/v1/metrics_service.pb.cc.o
[ 75%] Linking CXX static library libopentelemetry_proto.a
[ 75%] Built target opentelemetry_proto
[ 75%] Building CXX object extra/opentelemetry-cpp/opentelemetry-cpp-1.23.0/exporters/otlp/CMakeFiles/opentelemetry_exporter_otlp_http_client.dir/src/otlp_http.cc.o
[ 75%] Building CXX object extra/opentelemetry-cpp/opentelemetry-cpp-1.23.0/exporters/otlp/CMakeFiles/opentelemetry_exporter_otlp_http_client.dir/src/otlp_http_client.cc.o
[ 75%] Building CXX object extra/opentelemetry-cpp/opentelemetry-cpp-1.23.0/exporters/otlp/CMakeFiles/opentelemetry_otlp_recordable.dir/src/otlp_environment.cc.o
[ 75%] Building CXX object extra/opentelemetry-cpp/opentelemetry-cpp-1.23.0/exporters/otlp/CMakeFiles/opentelemetry_otlp_recordable.dir/src/otlp_populate_attribute_utils.cc.o
[ 75%] Building CXX object extra/opentelemetry-cpp/opentelemetry-cpp-1.23.0/exporters/otlp/CMakeFiles/opentelemetry_otlp_recordable.dir/src/otlp_metric_utils.cc.o
[ 75%] Building CXX object extra/opentelemetry-cpp/opentelemetry-cpp-1.23.0/exporters/otlp/CMakeFiles/opentelemetry_otlp_recordable.dir/src/otlp_recordable_utils.cc.o
[ 75%] Building CXX object extra/opentelemetry-cpp/opentelemetry-cpp-1.23.0/exporters/otlp/CMakeFiles/opentelemetry_otlp_recordable.dir/src/otlp_recordable.cc.o
[ 75%] Building CXX object extra/opentelemetry-cpp/opentelemetry-cpp-1.23.0/exporters/otlp/CMakeFiles/opentelemetry_otlp_recordable.dir/src/otlp_log_recordable.cc.o
[ 75%] Built target router_mysqlxclient
[ 75%] Linking CXX static library libopentelemetry_exporter_otlp_http_client.a
[ 75%] Linking CXX static library libopentelemetry_otlp_recordable.a
[ 75%] Building CXX object router/src/metadata_cache/src/CMakeFiles/metadata_cache.dir/cluster_metadata_ar.cc.o
[ 75%] Building CXX object router/src/metadata_cache/src/CMakeFiles/metadata_cache.dir/metadata_factory.cc.o
[ 76%] Building CXX object router/src/metadata_cache/src/CMakeFiles/metadata_cache.dir/cluster_metadata_gr.cc.o
[ 76%] Building CXX object router/src/metadata_cache/src/CMakeFiles/metadata_cache.dir/metadata_cache_gr.cc.o
[ 76%] Building CXX object router/src/metadata_cache/src/CMakeFiles/metadata_cache.dir/metadata_cache_ar.cc.o
[ 76%] Building CXX object router/src/metadata_cache/src/CMakeFiles/metadata_cache.dir/cluster_metadata.cc.o
[ 76%] Building CXX object router/src/metadata_cache/src/CMakeFiles/metadata_cache.dir/metadata_cache.cc.o
[ 76%] Building CXX object router/src/metadata_cache/src/CMakeFiles/metadata_cache.dir/cache_api.cc.o
[ 76%] Building CXX object router/src/metadata_cache/src/CMakeFiles/metadata_cache.dir/group_replication_metadata.cc.o
[ 76%] Building CXX object router/src/metadata_cache/src/CMakeFiles/metadata_cache.dir/gr_notifications_listener.cc.o
[ 76%] Building CXX object router/src/metadata_cache/src/CMakeFiles/metadata_cache.dir/log_suppressor.cc.o
[ 76%] Building CXX object router/src/metadata_cache/src/CMakeFiles/metadata_cache.dir/router_options.cc.o
[ 76%] Built target opentelemetry_exporter_otlp_http_client
[ 76%] Built target mysqlx
[ 76%] Building CXX object sql/CMakeFiles/rpl_replica.dir/dynamic_ids.cc.o
[ 76%] Building CXX object sql/CMakeFiles/rpl_replica.dir/binlog/log_sanitizer.cc.o
[ 76%] Building CXX object sql/CMakeFiles/rpl_replica.dir/changestreams/apply/commit_order_queue.cc.o
[ 76%] Building CXX object sql/CMakeFiles/rpl_replica.dir/changestreams/apply/metrics/applier_metrics_stub.cc.o
[ 76%] Building CXX object sql/CMakeFiles/rpl_replica.dir/changestreams/apply/metrics/time_based_metric_stub.cc.o
[ 76%] Building CXX object sql/CMakeFiles/rpl_replica.dir/changestreams/apply/metrics/time_based_metric.cc.o
[ 76%] Building CXX object sql/CMakeFiles/rpl_replica.dir/changestreams/apply/replication_thread_status.cc.o
[ 76%] Building CXX object sql/CMakeFiles/rpl_replica.dir/rpl_applier_reader.cc.o
[ 76%] Building CXX object sql/CMakeFiles/rpl_replica.dir/changestreams/apply/metrics/applier_metrics.cc.o
[ 76%] Building CXX object sql/CMakeFiles/rpl_replica.dir/changestreams/apply/metrics/dummy_worker_metrics.cc.o
[ 76%] Building CXX object sql/CMakeFiles/rpl_replica.dir/rpl_async_conn_failover_table_operations.cc.o
[ 77%] Building CXX object sql/CMakeFiles/rpl_replica.dir/rpl_async_conn_failover_add_managed_udf.cc.o
[ 77%] Building CXX object sql/CMakeFiles/rpl_replica.dir/changestreams/apply/metrics/mta_worker_metrics.cc.o
[ 77%] Building CXX object sql/CMakeFiles/rpl_replica.dir/rpl_async_conn_failover.cc.o
[ 77%] Building CXX object sql/CMakeFiles/rpl_replica.dir/rpl_async_conn_failover_add_source_udf.cc.o
[ 77%] Building CXX object sql/CMakeFiles/rpl_replica.dir/rpl_async_conn_failover_delete_source_udf.cc.o
[ 77%] Building CXX object sql/CMakeFiles/rpl_replica.dir/rpl_async_conn_failover_reset_udf.cc.o
[ 77%] Building CXX object sql/CMakeFiles/rpl_replica.dir/rpl_async_conn_failover_configuration_propagation.cc.o
[ 77%] Building CXX object sql/CMakeFiles/rpl_replica.dir/rpl_async_conn_failover_delete_managed_udf.cc.o
[ 77%] Building CXX object sql/CMakeFiles/rpl_replica.dir/rpl_channel_credentials.cc.o
[ 77%] Building CXX object sql/CMakeFiles/rpl_replica.dir/rpl_channel_service_interface.cc.o
[ 77%] Building CXX object sql/CMakeFiles/rpl_replica.dir/rpl_event_ctx.cc.o
[ 77%] Building CXX object sql/CMakeFiles/rpl_replica.dir/rpl_info.cc.o
[ 77%] Building CXX object sql/CMakeFiles/rpl_replica.dir/rpl_info_factory.cc.o
[ 77%] Building CXX object sql/CMakeFiles/rpl_replica.dir/rpl_info_handler.cc.o
[ 77%] Building CXX object sql/CMakeFiles/rpl_replica.dir/rpl_info_dummy.cc.o
[ 77%] Building CXX object sql/CMakeFiles/rpl_replica.dir/rpl_io_monitor.cc.o
[ 77%] Building CXX object sql/CMakeFiles/rpl_replica.dir/rpl_mi.cc.o
[ 77%] Building CXX object sql/CMakeFiles/rpl_replica.dir/rpl_info_table.cc.o
[ 77%] Building CXX object sql/CMakeFiles/rpl_replica.dir/rpl_info_table_access.cc.o
[ 77%] Built target opentelemetry_otlp_recordable
[ 77%] Building CXX object sql/CMakeFiles/rpl_replica.dir/rpl_info_values.cc.o
[ 77%] Building CXX object sql/CMakeFiles/rpl_replica.dir/rpl_rli_pdb.cc.o
[ 77%] Building CXX object sql/CMakeFiles/rpl_replica.dir/rpl_relay_log_sanitizer.cc.o
[ 77%] Building CXX object sql/CMakeFiles/rpl_replica.dir/rpl_msr.cc.o
[ 77%] Building CXX object sql/CMakeFiles/rpl_replica.dir/rpl_replica.cc.o
[ 77%] Building CXX object sql/CMakeFiles/rpl_replica.dir/rpl_mysql_connect.cc.o
[ 77%] Building CXX object sql/CMakeFiles/rpl_replica.dir/rpl_rli.cc.o
[ 77%] Building CXX object sql/CMakeFiles/rpl_replica.dir/rpl_mta_submode.cc.o
[ 77%] Building CXX object sql/CMakeFiles/rpl_replica.dir/rpl_reporting.cc.o
[ 77%] Building CXX object sql/CMakeFiles/rpl_replica.dir/rpl_replica_commit_order_manager.cc.o
[ 77%] Building CXX object sql/CMakeFiles/rpl_replica.dir/rpl_sys_key_access.cc.o
[ 77%] Building CXX object sql/CMakeFiles/rpl_replica.dir/rpl_replica_until_options.cc.o
[ 77%] Building CXX object sql/CMakeFiles/rpl_replica.dir/rpl_trx_boundary_parser.cc.o
[ 77%] Building CXX object sql/CMakeFiles/rpl_replica.dir/rpl_sys_table_access.cc.o
[ 77%] Building CXX object sql/CMakeFiles/rpl_replica.dir/udf_service_impl.cc.o
[ 77%] Building CXX object sql/CMakeFiles/rpl_replica.dir/udf_service_util.cc.o
[ 77%] Building CXX object extra/opentelemetry-cpp/opentelemetry-cpp-1.23.0/exporters/otlp/CMakeFiles/opentelemetry_exporter_otlp_http_log.dir/src/otlp_http_log_record_exporter.cc.o
[ 77%] Building CXX object extra/opentelemetry-cpp/opentelemetry-cpp-1.23.0/exporters/otlp/CMakeFiles/opentelemetry_exporter_otlp_http_log.dir/src/otlp_http_log_record_exporter_factory.cc.o
[ 77%] Building CXX object extra/opentelemetry-cpp/opentelemetry-cpp-1.23.0/exporters/otlp/CMakeFiles/opentelemetry_exporter_otlp_http_metric.dir/src/otlp_http_metric_exporter.cc.o
[ 77%] Building CXX object extra/opentelemetry-cpp/opentelemetry-cpp-1.23.0/exporters/otlp/CMakeFiles/opentelemetry_exporter_otlp_http_log.dir/src/otlp_http_log_record_exporter_options.cc.o
[ 77%] Building CXX object extra/opentelemetry-cpp/opentelemetry-cpp-1.23.0/exporters/otlp/CMakeFiles/opentelemetry_exporter_otlp_http_metric.dir/src/otlp_http_metric_exporter_factory.cc.o
[ 77%] Building CXX object extra/opentelemetry-cpp/opentelemetry-cpp-1.23.0/exporters/otlp/CMakeFiles/opentelemetry_exporter_otlp_http_metric.dir/src/otlp_http_metric_exporter_options.cc.o
[ 77%] Building CXX object extra/opentelemetry-cpp/opentelemetry-cpp-1.23.0/exporters/otlp/CMakeFiles/opentelemetry_exporter_otlp_http.dir/src/otlp_http_exporter.cc.o
[ 77%] Building CXX object extra/opentelemetry-cpp/opentelemetry-cpp-1.23.0/exporters/otlp/CMakeFiles/opentelemetry_exporter_otlp_http.dir/src/otlp_http_exporter_factory.cc.o
[ 77%] Building CXX object extra/opentelemetry-cpp/opentelemetry-cpp-1.23.0/exporters/otlp/CMakeFiles/opentelemetry_exporter_otlp_http.dir/src/otlp_http_exporter_options.cc.o
[ 77%] Linking CXX static library libopentelemetry_exporter_otlp_http_log.a
[ 77%] Linking CXX static library libopentelemetry_exporter_otlp_http_metric.a
[ 77%] Linking CXX static library libopentelemetry_exporter_otlp_http.a
[ 77%] Linking CXX static library ../archive_output_directory/librpl_replica.a
[ 77%] Built target opentelemetry_exporter_otlp_http_log
[ 77%] Built target opentelemetry_exporter_otlp_http
[ 77%] Built target opentelemetry_exporter_otlp_http_metric
[ 77%] Building CXX object plugin/telemetry_client/CMakeFiles/telemetry_client.dir/tm_client_plugin.cc.o
[ 77%] Building CXX object plugin/telemetry_client/CMakeFiles/telemetry_client.dir/tm_client_options.cc.o
[ 77%] Building CXX object components/telemetry/CMakeFiles/component_telemetry.dir/tm_component.cc.o
[ 77%] Building CXX object components/telemetry/CMakeFiles/component_telemetry.dir/tm_global.cc.o
[ 77%] Building CXX object components/telemetry/CMakeFiles/component_telemetry.dir/tm_notification.cc.o
[ 77%] Building CXX object components/telemetry/CMakeFiles/component_telemetry.dir/tm_log.cc.o
[ 77%] Building CXX object components/telemetry/CMakeFiles/component_telemetry.dir/tm_control.cc.o
[ 77%] Building CXX object components/telemetry/CMakeFiles/component_telemetry.dir/tm_option_usage.cc.o
[ 77%] Building CXX object components/telemetry/CMakeFiles/component_telemetry.dir/tm_otel_trace.cc.o
[ 77%] Building CXX object components/telemetry/CMakeFiles/component_telemetry.dir/tm_mysql_metric.cc.o
[ 77%] Building CXX object components/telemetry/CMakeFiles/component_telemetry.dir/tm_resource.cc.o
[ 77%] Building CXX object components/telemetry/CMakeFiles/component_telemetry.dir/tm_otel_metric.cc.o
[ 77%] Building CXX object components/telemetry/CMakeFiles/component_telemetry.dir/tm_ns.cc.o
[ 77%] Building CXX object components/telemetry/CMakeFiles/component_telemetry.dir/tm_otel_log.cc.o
[ 77%] Building CXX object components/telemetry/CMakeFiles/component_telemetry.dir/tm_setup_otel.cc.o
[ 77%] Building CXX object components/telemetry/CMakeFiles/component_telemetry.dir/tm_secret.cc.o
[ 77%] Building CXX object components/telemetry/CMakeFiles/component_telemetry.dir/tm_psi.cc.o
[ 77%] Building CXX object components/telemetry/CMakeFiles/component_telemetry.dir/tm_propagation.cc.o
[ 77%] Building CXX object components/telemetry/CMakeFiles/component_telemetry.dir/tm_slot.cc.o
[ 77%] Building CXX object components/telemetry/CMakeFiles/component_telemetry.dir/tm_thread_instrumentation.cc.o
[ 77%] Building CXX object components/telemetry/CMakeFiles/component_telemetry.dir/tm_status_variables.cc.o
[ 77%] Building CXX object components/telemetry/CMakeFiles/component_telemetry.dir/option_usage.cc.o
[ 77%] Building CXX object components/telemetry/CMakeFiles/component_telemetry.dir/tm_system_variables.cc.o
[ 77%] Built target mysqlxtest
[ 77%] Linking CXX shared module ../../plugin_output_directory/telemetry_client.so
[ 78%] Linking CXX shared module ../../plugin_output_directory/component_telemetry.so
[ 78%] Linking CXX shared library ../../../../library_output_directory/libmysqlrouter_metadata_cache.so
[ 78%] Built target rpl_replica
[ 78%] Building CXX object sql/CMakeFiles/rpl_source.dir/rpl_binlog_sender.cc.o
[ 78%] Building CXX object sql/CMakeFiles/rpl_source.dir/rpl_source.cc.o
[ 78%] Building CXX object sql/CMakeFiles/rpl_source.dir/binlog_reader.cc.o
[ 78%] Linking CXX static library librpl_source.a
[ 78%] Built target rpl_source
[ 78%] Building CXX object sql/CMakeFiles/rpl.dir/rpl_context.cc.o
[ 78%] Building CXX object sql/CMakeFiles/rpl.dir/rpl_handler.cc.o
[ 78%] Building CXX object sql/CMakeFiles/rpl.dir/rpl_tblmap.cc.o
[ 78%] Linking CXX static library librpl.a
[ 78%] Built target rpl
[ 78%] Building CXX object sql/CMakeFiles/binlog.dir/binlog/recovery.cc.o
[ 78%] Building CXX object sql/CMakeFiles/binlog.dir/binlog/global.cc.o
[ 78%] Building CXX object sql/CMakeFiles/binlog.dir/basic_istream.cc.o
[ 78%] Building CXX object sql/CMakeFiles/binlog.dir/basic_ostream.cc.o
[ 78%] Building CXX object sql/CMakeFiles/binlog.dir/binlog/log_sanitizer.cc.o
[ 78%] Building CXX object sql/CMakeFiles/binlog.dir/binlog/group_commit/bgc_ticket_manager.cc.o
[ 79%] Building CXX object sql/CMakeFiles/binlog.dir/binlog/group_commit/atomic_bgc_ticket.cc.o
[ 79%] Building CXX object sql/CMakeFiles/binlog.dir/binlog/group_commit/atomic_bgc_ticket_guard.cc.o
[ 79%] Building CXX object sql/CMakeFiles/binlog.dir/binlog/group_commit/bgc_ticket.cc.o
[ 79%] Building CXX object sql/CMakeFiles/binlog.dir/binlog.cc.o
[ 79%] Building CXX object sql/CMakeFiles/binlog.dir/binlog/services/iterator/file_storage.cc.o
[ 79%] Building CXX object sql/CMakeFiles/binlog.dir/binlog/decompressing_event_object_istream.cc.o
[ 79%] Building CXX object sql/CMakeFiles/binlog.dir/binlog/monitoring/context.cc.o
[ 79%] Building CXX object sql/CMakeFiles/binlog.dir/binlog_istream.cc.o
[ 79%] Building CXX object sql/CMakeFiles/binlog.dir/binlog_index.cc.o
[ 79%] Building CXX object sql/CMakeFiles/binlog.dir/changestreams/index/locked_sidno_set.cc.o
[ 79%] Building CXX object sql/CMakeFiles/binlog.dir/binlog_ostream.cc.o
[ 79%] Building CXX object sql/CMakeFiles/binlog.dir/binlog_reader.cc.o
[ 79%] Building CXX object sql/CMakeFiles/binlog.dir/changestreams/misc/replicated_columns_view.cc.o
[ 79%] Building CXX object sql/CMakeFiles/binlog.dir/changestreams/misc/column_filters/column_filter_inbound_func_indexes.cc.o
[ 79%] Building CXX object sql/CMakeFiles/binlog.dir/changestreams/misc/replicated_columns_view_with_gipk_on_source.cc.o
[ 79%] Building CXX object sql/CMakeFiles/binlog.dir/changestreams/misc/column_filters/column_filter_inbound_gipk.cc.o
[ 79%] Building CXX object sql/CMakeFiles/binlog.dir/changestreams/misc/column_filters/column_filter_outbound_func_indexes.cc.o
[ 79%] Building CXX object sql/CMakeFiles/binlog.dir/log_event.cc.o
[ 79%] Building CXX object sql/CMakeFiles/binlog.dir/rpl_commit_stage_manager.cc.o
[ 79%] Building CXX object sql/CMakeFiles/binlog.dir/rpl_gtid_misc.cc.o
[ 79%] Building CXX object sql/CMakeFiles/binlog.dir/rpl_filter.cc.o
[ 79%] Building CXX object sql/CMakeFiles/binlog.dir/rpl_gtid_mode.cc.o
[ 79%] Building CXX object sql/CMakeFiles/binlog.dir/rpl_gtid_execution.cc.o
[ 79%] Building CXX object sql/CMakeFiles/binlog.dir/rpl_gtid_mutex_cond_array.cc.o
[ 79%] Building CXX object sql/CMakeFiles/binlog.dir/rpl_gtid_owned.cc.o
[ 79%] Building CXX object sql/CMakeFiles/binlog.dir/rpl_gtid_persist.cc.o
[ 79%] Building CXX object sql/CMakeFiles/binlog.dir/rpl_gtid_tsid_map.cc.o
[ 79%] Building CXX object sql/CMakeFiles/binlog.dir/rpl_gtid_state.cc.o
[ 79%] Building CXX object sql/CMakeFiles/binlog.dir/rpl_gtid_set.cc.o
[ 79%] Building CXX object sql/CMakeFiles/binlog.dir/rpl_log_encryption.cc.o
[ 79%] Building CXX object sql/CMakeFiles/binlog.dir/rpl_gtid_specification.cc.o
[ 79%] Building CXX object sql/CMakeFiles/binlog.dir/rpl_injector.cc.o
[ 79%] Building CXX object sql/CMakeFiles/binlog.dir/rpl_record.cc.o
[ 79%] Building CXX object sql/CMakeFiles/binlog.dir/rpl_table_access.cc.o
[ 79%] Building CXX object sql/CMakeFiles/binlog.dir/rpl_trx_tracking.cc.o
[ 79%] Building CXX object sql/CMakeFiles/binlog.dir/rpl_utility.cc.o
[ 79%] Building CXX object sql/CMakeFiles/binlog.dir/sql_binlog.cc.o
[ 79%] Linking CXX static library libbinlog.a
[ 79%] Built target metadata_cache
[ 79%] Building CXX object router/src/metadata_cache/src/CMakeFiles/metadata_cache_plugin.dir/plugin_config.cc.o
[ 79%] Building CXX object router/src/metadata_cache/src/CMakeFiles/metadata_cache_plugin.dir/metadata_cache_plugin.cc.o
[ 79%] Building CXX object router/src/http/src/CMakeFiles/http_auth_backend.dir/http_auth_backend_plugin.cc.o
[ 79%] Building CXX object router/src/http/src/CMakeFiles/http_auth_backend.dir/http_auth_backend_metadata_cache.cc.o
[ 79%] Building CXX object router/src/rest_metadata_cache/src/CMakeFiles/rest_metadata_cache.dir/rest_metadata_cache_list.cc.o
[ 79%] Building CXX object router/src/rest_metadata_cache/src/CMakeFiles/rest_metadata_cache.dir/rest_metadata_cache_config.cc.o
[ 79%] Building CXX object router/src/rest_metadata_cache/src/CMakeFiles/rest_metadata_cache.dir/rest_clusters_nodes.cc.o
[ 79%] Building CXX object router/src/rest_metadata_cache/src/CMakeFiles/rest_metadata_cache.dir/rest_metadata_cache_plugin.cc.o
[ 79%] Building CXX object router/src/rest_metadata_cache/src/CMakeFiles/rest_metadata_cache.dir/rest_metadata_cache_status.cc.o
[ 79%] Building CXX object router/src/rest_metadata_cache/src/CMakeFiles/rest_metadata_cache.dir/rest_clusters_list.cc.o
[ 79%] Building CXX object router/src/routing/src/CMakeFiles/routing.dir/mysql_routing.cc.o
[ 79%] Building CXX object router/src/routing/src/CMakeFiles/routing.dir/destination.cc.o
[ 79%] Building CXX object router/src/routing/src/CMakeFiles/routing.dir/destination_error.cc.o
[ 79%] Building CXX object router/src/routing/src/CMakeFiles/routing.dir/destinations_option_parser.cc.o
[ 79%] Building CXX object router/src/routing/src/CMakeFiles/routing.dir/dest_static.cc.o
[ 79%] Building CXX object router/src/routing/src/CMakeFiles/routing.dir/dest_metadata_cache.cc.o
[ 79%] Building CXX object router/src/routing/src/CMakeFiles/routing.dir/context.cc.o
[ 79%] Building CXX object router/src/routing/src/CMakeFiles/routing.dir/mysql_routing_common.cc.o
[ 79%] Building CXX object router/src/routing/src/CMakeFiles/routing.dir/connection_container.cc.o
[ 79%] Building CXX object router/src/routing/src/CMakeFiles/routing.dir/routing_component.cc.o
[ 79%] Building CXX object router/src/routing/src/CMakeFiles/routing.dir/destination_ssl_context.cc.o
[ 79%] Building CXX object router/src/routing/src/CMakeFiles/routing.dir/classic_connection_base.cc.o
[ 79%] Building CXX object router/src/routing/src/CMakeFiles/routing.dir/x_connection.cc.o
[ 79%] Building CXX object router/src/routing/src/CMakeFiles/routing.dir/classic_connection.cc.o
[ 79%] Building CXX object router/src/routing/src/CMakeFiles/routing.dir/connection.cc.o
[ 79%] Building CXX object router/src/routing/src/CMakeFiles/routing.dir/blocked_endpoints.cc.o
[ 79%] Building CXX object router/src/routing/src/CMakeFiles/routing.dir/forwarding_processor.cc.o
[ 79%] Building CXX object router/src/routing/src/CMakeFiles/routing.dir/processor.cc.o
[ 79%] Building CXX object router/src/routing/src/CMakeFiles/routing.dir/await_client_or_server.cc.o
[ 79%] Building CXX object router/src/routing/src/CMakeFiles/routing.dir/classic_auth_caching_sha2.cc.o
[ 79%] Building CXX object router/src/routing/src/CMakeFiles/routing.dir/classic_auth_sha256_password.cc.o
[ 79%] Building CXX object router/src/routing/src/CMakeFiles/routing.dir/routing_guidelines_adapter.cc.o
[ 79%] Building CXX object router/src/routing/src/CMakeFiles/routing.dir/classic_auth.cc.o
[ 79%] Building CXX object router/src/routing/src/CMakeFiles/routing.dir/classic_command.cc.o
[ 79%] Building CXX object router/src/routing/src/CMakeFiles/routing.dir/classic_connect.cc.o
[ 79%] Building CXX object router/src/routing/src/CMakeFiles/routing.dir/classic_flow.cc.o
[ 79%] Building CXX object router/src/routing/src/CMakeFiles/routing.dir/classic_forwarder.cc.o
[ 79%] Building CXX object router/src/routing/src/CMakeFiles/routing.dir/classic_auth_cleartext.cc.o
[ 79%] Building CXX object router/src/routing/src/CMakeFiles/routing.dir/classic_frame.cc.o
[ 80%] Building CXX object router/src/routing/src/CMakeFiles/routing.dir/classic_auth_native.cc.o
[ 80%] Building CXX object router/src/routing/src/CMakeFiles/routing.dir/classic_auth_cleartext_forwarder.cc.o
[ 80%] Building CXX object router/src/routing/src/CMakeFiles/routing.dir/classic_auth_caching_sha2_forwarder.cc.o
[ 80%] Building CXX object router/src/routing/src/CMakeFiles/routing.dir/classic_auth_forwarder.cc.o
[ 80%] Built target binlog
[ 80%] Building CXX object router/src/routing/src/CMakeFiles/routing.dir/classic_auth_native_forwarder.cc.o
[ 80%] Building CXX object router/src/routing/src/CMakeFiles/routing.dir/classic_auth_sha256_password_forwarder.cc.o
[ 80%] Building CXX object router/src/routing/src/CMakeFiles/routing.dir/classic_lazy_connect.cc.o
[ 80%] Building CXX object router/src/routing/src/CMakeFiles/routing.dir/classic_auth_openid_connect_forwarder.cc.o
[ 80%] Building CXX object router/src/routing/src/CMakeFiles/routing.dir/classic_change_user_forwarder.cc.o
[ 80%] Building CXX object router/src/routing/src/CMakeFiles/routing.dir/classic_greeting_forwarder.cc.o
[ 80%] Building CXX object router/src/routing/src/CMakeFiles/routing.dir/classic_init_schema_forwarder.cc.o
[ 80%] Building CXX object router/src/routing/src/CMakeFiles/routing.dir/classic_clone_forwarder.cc.o
[ 80%] Building CXX object router/src/routing/src/CMakeFiles/routing.dir/classic_binlog_dump_forwarder.cc.o
[ 80%] Building CXX object router/src/routing/src/CMakeFiles/routing.dir/classic_kill_forwarder.cc.o
[ 80%] Building CXX object router/src/routing/src/CMakeFiles/routing.dir/classic_list_fields_forwarder.cc.o
[ 80%] Building CXX object router/src/routing/src/CMakeFiles/routing.dir/classic_reset_connection_forwarder.cc.o
[ 80%] Building CXX object router/src/routing/src/CMakeFiles/routing.dir/classic_debug_forwarder.cc.o
[ 80%] Building CXX object router/src/routing/src/CMakeFiles/routing.dir/classic_query_forwarder.cc.o
[ 80%] Building CXX object router/src/routing/src/CMakeFiles/routing.dir/classic_statistics_forwarder.cc.o
[ 80%] Building CXX object router/src/routing/src/CMakeFiles/routing.dir/classic_stmt_close_forwarder.cc.o
[ 80%] Building CXX object router/src/routing/src/CMakeFiles/routing.dir/classic_set_option_forwarder.cc.o
[ 80%] Building CXX object router/src/routing/src/CMakeFiles/routing.dir/classic_register_replica_forwarder.cc.o
[ 80%] Building CXX object router/src/routing/src/CMakeFiles/routing.dir/classic_reload_forwarder.cc.o
[ 80%] Building CXX object router/src/routing/src/CMakeFiles/routing.dir/classic_ping_forwarder.cc.o
[ 80%] Building CXX object router/src/routing/src/CMakeFiles/routing.dir/classic_quit_forwarder.cc.o
[ 80%] Building CXX object router/src/routing/src/CMakeFiles/routing.dir/classic_stmt_fetch_forwarder.cc.o
[ 80%] Building CXX object router/src/routing/src/CMakeFiles/routing.dir/classic_auth_caching_sha2_sender.cc.o
[ 80%] Building CXX object router/src/routing/src/CMakeFiles/routing.dir/classic_stmt_execute_forwarder.cc.o
[ 80%] Building CXX object router/src/routing/src/CMakeFiles/routing.dir/classic_auth_cleartext_sender.cc.o
[ 80%] Building CXX object router/src/routing/src/CMakeFiles/routing.dir/classic_stmt_prepare_forwarder.cc.o
[ 80%] Building CXX object router/src/routing/src/CMakeFiles/routing.dir/classic_auth_sha256_password_sender.cc.o
[ 80%] Building CXX object router/src/routing/src/CMakeFiles/routing.dir/classic_stmt_reset_forwarder.cc.o
[ 80%] Linking CXX shared library ../../../../plugin_output_directory/metadata_cache.so
[ 80%] Building CXX object router/src/routing/src/CMakeFiles/routing.dir/classic_stmt_param_append_data_forwarder.cc.o
[ 80%] Building CXX object router/src/routing/src/CMakeFiles/routing.dir/classic_init_schema_sender.cc.o
[ 80%] Building CXX object router/src/routing/src/CMakeFiles/routing.dir/classic_auth_native_sender.cc.o
[ 80%] Building CXX object router/src/routing/src/CMakeFiles/routing.dir/classic_quit_sender.cc.o
[ 80%] Building CXX object router/src/routing/src/CMakeFiles/routing.dir/classic_auth_openid_connect_sender.cc.o
[ 80%] Building CXX object router/src/routing/src/CMakeFiles/routing.dir/classic_change_user_sender.cc.o
[ 80%] Building CXX object router/src/routing/src/CMakeFiles/routing.dir/classic_set_option_sender.cc.o
[ 80%] Building CXX object router/src/routing/src/CMakeFiles/routing.dir/classic_query_sender.cc.o
[ 80%] Building CXX object router/src/routing/src/CMakeFiles/routing.dir/classic_query_param.cc.o
[ 80%] Building CXX object router/src/routing/src/CMakeFiles/routing.dir/show_warnings_parser.cc.o
[ 81%] Building CXX object router/src/routing/src/CMakeFiles/routing.dir/classic_reset_connection_sender.cc.o
[ 81%] Building CXX object router/src/routing/src/CMakeFiles/routing.dir/classic_greeting_receiver.cc.o
[ 81%] Linking CXX shared library ../../../../plugin_output_directory/http_auth_backend.so
[ 81%] Building CXX object router/src/routing/src/CMakeFiles/routing.dir/sql_splitting_allowed.cc.o
[ 81%] Building CXX object router/src/routing/src/CMakeFiles/routing.dir/classic_session_tracker.cc.o
[ 81%] Building CXX object sql/CMakeFiles/sql_dd.dir/dd/collection.cc.o
[ 81%] Linking CXX shared library ../../../../plugin_output_directory/rest_metadata_cache.so
[ 81%] Building CXX object sql/CMakeFiles/sql_dd.dir/dd/dd_view.cc.o
[ 81%] Building CXX object sql/CMakeFiles/sql_dd.dir/dd/dd_trigger.cc.o
[ 81%] Building CXX object sql/CMakeFiles/sql_dd.dir/dd/properties.cc.o
[ 81%] Building CXX object sql/CMakeFiles/sql_dd.dir/dd/dd_event.cc.o
[ 81%] Building CXX object sql/CMakeFiles/sql_dd.dir/dd/dd_resource_group.cc.o
[ 81%] Building CXX object sql/CMakeFiles/sql_dd.dir/dd/dd_table.cc.o
[ 81%] Building CXX object sql/CMakeFiles/sql_dd.dir/dd/dd_tablespace.cc.o
[ 81%] Building CXX object sql/CMakeFiles/sql_dd.dir/dd/dd_schema.cc.o
[ 81%] Building CXX object sql/CMakeFiles/sql_dd.dir/dd/dd_routine.cc.o
[ 81%] Building CXX object sql/CMakeFiles/sql_dd.dir/dd/dd_utility.cc.o
[ 81%] Building CXX object sql/CMakeFiles/sql_dd.dir/dd/impl/sdi.cc.o
[ 81%] Building CXX object sql/CMakeFiles/sql_dd.dir/dd/impl/sdi_api.cc.o
[ 81%] Building CXX object sql/CMakeFiles/sql_dd.dir/dd/impl/transaction_impl.cc.o
[ 81%] Building CXX object sql/CMakeFiles/sql_dd.dir/dd/impl/dictionary_impl.cc.o
[ 81%] Building CXX object sql/CMakeFiles/sql_dd.dir/dd/impl/properties_impl.cc.o
[ 81%] Building CXX object sql/CMakeFiles/sql_dd.dir/dd/impl/system_registry.cc.o
[ 81%] Building CXX object sql/CMakeFiles/sql_dd.dir/dd/impl/dd.cc.o
[ 81%] Building CXX object sql/CMakeFiles/sql_dd.dir/dd/impl/string_type.cc.o
[ 81%] Building CXX object sql/CMakeFiles/sql_dd.dir/dd/impl/sdi_tablespace.cc.o
[ 81%] Building CXX object router/src/routing/src/CMakeFiles/routing.dir/sql_value.cc.o
[ 81%] Building CXX object sql/CMakeFiles/sql_dd.dir/dd/impl/bootstrap/bootstrap_ctx.cc.o
[ 81%] Building CXX object sql/CMakeFiles/sql_dd.dir/dd/impl/bootstrap/bootstrapper.cc.o
[ 81%] Building CXX object sql/CMakeFiles/sql_dd.dir/dd/impl/sdi_file.cc.o
[ 81%] Building CXX object sql/CMakeFiles/sql_dd.dir/dd/impl/utils.cc.o
[ 81%] Building CXX object router/src/routing/src/CMakeFiles/routing.dir/openssl_msg.cc.o
[ 81%] Building CXX object sql/CMakeFiles/sql_dd.dir/dd/impl/cache/dictionary_client.cc.o
[ 81%] Building CXX object router/src/routing/src/CMakeFiles/routing.dir/router_require.cc.o
[ 81%] Building CXX object sql/CMakeFiles/sql_dd.dir/dd/impl/cache/multi_map_base.cc.o
[ 81%] Building CXX object sql/CMakeFiles/sql_dd.dir/dd/impl/cache/local_multi_map.cc.o
[ 81%] Building CXX object router/src/routing/src/CMakeFiles/routing.dir/implicit_commit_parser.cc.o
[ 81%] Building CXX object router/src/routing/src/CMakeFiles/routing.dir/start_transaction_parser.cc.o
[ 81%] Building CXX object sql/CMakeFiles/sql_dd.dir/dd/impl/cache/shared_multi_map.cc.o
[ 81%] Building CXX object sql/CMakeFiles/sql_dd.dir/dd/impl/raw/raw_record.cc.o
[ 81%] Building CXX object sql/CMakeFiles/sql_dd.dir/dd/impl/raw/object_keys.cc.o
[ 81%] Building CXX object sql/CMakeFiles/sql_dd.dir/dd/impl/cache/shared_dictionary_cache.cc.o
[ 81%] Building CXX object sql/CMakeFiles/sql_dd.dir/dd/impl/system_views/administrable_role_authorizations.cc.o
[ 81%] Building CXX object sql/CMakeFiles/sql_dd.dir/dd/impl/cache/storage_adapter.cc.o
[ 81%] Building CXX object sql/CMakeFiles/sql_dd.dir/dd/impl/raw/raw_record_set.cc.o
[ 81%] Building CXX object sql/CMakeFiles/sql_dd.dir/dd/impl/raw/raw_table.cc.o
[ 81%] Building CXX object sql/CMakeFiles/sql_dd.dir/dd/impl/system_views/character_sets.cc.o
[ 81%] Building CXX object sql/CMakeFiles/sql_dd.dir/dd/impl/system_views/check_constraints.cc.o
[ 81%] Building CXX object sql/CMakeFiles/sql_dd.dir/dd/impl/system_views/applicable_roles.cc.o
[ 81%] Building CXX object sql/CMakeFiles/sql_dd.dir/dd/impl/system_views/collations.cc.o
[ 81%] Building CXX object sql/CMakeFiles/sql_dd.dir/dd/impl/system_views/columns_extensions.cc.o
[ 81%] Building CXX object sql/CMakeFiles/sql_dd.dir/dd/impl/system_views/innodb_datafiles.cc.o
[ 81%] Building CXX object sql/CMakeFiles/sql_dd.dir/dd/impl/system_views/events.cc.o
[ 81%] Building CXX object sql/CMakeFiles/sql_dd.dir/dd/impl/system_views/collation_charset_applicability.cc.o
[ 81%] Building CXX object sql/CMakeFiles/sql_dd.dir/dd/impl/system_views/compression_dictionary_tables.cc.o
[ 81%] Building CXX object sql/CMakeFiles/sql_dd.dir/dd/impl/system_views/column_statistics.cc.o
[ 81%] Building CXX object sql/CMakeFiles/sql_dd.dir/dd/impl/system_views/compression_dictionary.cc.o
[ 81%] Building CXX object sql/CMakeFiles/sql_dd.dir/dd/impl/system_views/columns.cc.o
[ 82%] Building CXX object sql/CMakeFiles/sql_dd.dir/dd/impl/system_views/enabled_roles.cc.o
[ 82%] Building CXX object sql/CMakeFiles/sql_dd.dir/dd/impl/system_views/innodb_foreign.cc.o
[ 82%] Building CXX object sql/CMakeFiles/sql_dd.dir/dd/impl/system_views/files.cc.o
[ 82%] Building CXX object sql/CMakeFiles/sql_dd.dir/dd/impl/system_views/innodb_foreign_cols.cc.o
[ 82%] Building CXX object sql/CMakeFiles/sql_dd.dir/dd/impl/system_views/innodb_fields.cc.o
[ 82%] Building CXX object sql/CMakeFiles/sql_dd.dir/dd/impl/system_views/json_duality_view_links.cc.o
[ 82%] Building CXX object sql/CMakeFiles/sql_dd.dir/dd/impl/system_views/innodb_tablespaces_brief.cc.o
[ 82%] Building CXX object sql/CMakeFiles/sql_dd.dir/dd/impl/system_views/json_duality_view_columns.cc.o
[ 82%] Building CXX object sql/CMakeFiles/sql_dd.dir/dd/impl/system_views/json_duality_views.cc.o
[ 82%] Building CXX object sql/CMakeFiles/sql_dd.dir/dd/impl/system_views/json_duality_view_tables.cc.o
[ 82%] Building CXX object sql/CMakeFiles/sql_dd.dir/dd/impl/system_views/libraries.cc.o
[ 82%] Building CXX object sql/CMakeFiles/sql_dd.dir/dd/impl/system_views/role_routine_grants.cc.o
[ 82%] Building CXX object sql/CMakeFiles/sql_dd.dir/dd/impl/system_views/resource_groups.cc.o
[ 82%] Building CXX object sql/CMakeFiles/sql_dd.dir/dd/impl/system_views/keywords.cc.o
[ 82%] Building CXX object sql/CMakeFiles/sql_dd.dir/dd/impl/system_views/referential_constraints.cc.o
[ 82%] Building CXX object sql/CMakeFiles/sql_dd.dir/dd/impl/system_views/partitions.cc.o
[ 82%] Building CXX object sql/CMakeFiles/sql_dd.dir/dd/impl/system_views/role_table_grants.cc.o
[ 82%] Building CXX object sql/CMakeFiles/sql_dd.dir/dd/impl/system_views/role_column_grants.cc.o
[ 82%] Building CXX object sql/CMakeFiles/sql_dd.dir/dd/impl/system_views/parameters.cc.o
[ 82%] Building CXX object sql/CMakeFiles/sql_dd.dir/dd/impl/system_views/key_column_usage.cc.o
[ 82%] Building CXX object sql/CMakeFiles/sql_dd.dir/dd/impl/system_views/routine_libraries.cc.o
[ 82%] Building CXX object sql/CMakeFiles/sql_dd.dir/dd/impl/system_views/schemata.cc.o
[ 82%] Building CXX object sql/CMakeFiles/sql_dd.dir/dd/impl/system_views/routines.cc.o
[ 82%] Building CXX object sql/CMakeFiles/sql_dd.dir/dd/impl/system_views/statistics.cc.o
[ 82%] Building CXX object sql/CMakeFiles/sql_dd.dir/dd/impl/system_views/schemata_extensions.cc.o
[ 82%] Building CXX object sql/CMakeFiles/sql_dd.dir/dd/impl/system_views/tables.cc.o
[ 82%] Building CXX object sql/CMakeFiles/sql_dd.dir/dd/impl/system_views/st_spatial_reference_systems.cc.o
[ 82%] Building CXX object sql/CMakeFiles/sql_dd.dir/dd/impl/system_views/st_geometry_columns.cc.o
[ 82%] Building CXX object sql/CMakeFiles/sql_dd.dir/dd/impl/system_views/st_units_of_measure.cc.o
[ 82%] Building CXX object sql/CMakeFiles/sql_dd.dir/dd/impl/system_views/table_constraints_extensions.cc.o
[ 82%] Building CXX object sql/CMakeFiles/sql_dd.dir/dd/impl/system_views/tables_extensions.cc.o
[ 82%] Building CXX object sql/CMakeFiles/sql_dd.dir/dd/impl/system_views/view_routine_usage.cc.o
[ 82%] Building CXX object sql/CMakeFiles/sql_dd.dir/dd/impl/system_views/views.cc.o
[ 82%] Building CXX object sql/CMakeFiles/sql_dd.dir/dd/impl/tables/check_constraints.cc.o
[ 82%] Building CXX object sql/CMakeFiles/sql_dd.dir/dd/impl/tables/character_sets.cc.o
[ 82%] Building CXX object sql/CMakeFiles/sql_dd.dir/dd/impl/system_views/table_constraints.cc.o
[ 82%] Building CXX object sql/CMakeFiles/sql_dd.dir/dd/impl/system_views/user_attributes.cc.o
[ 82%] Building CXX object sql/CMakeFiles/sql_dd.dir/dd/impl/system_views/view_table_usage.cc.o
[ 82%] Building CXX object sql/CMakeFiles/sql_dd.dir/dd/impl/system_views/tablespaces_extensions.cc.o
[ 82%] Building CXX object sql/CMakeFiles/sql_dd.dir/dd/impl/system_views/triggers.cc.o
[ 82%] Building CXX object sql/CMakeFiles/sql_dd.dir/dd/impl/tables/dd_properties.cc.o
[ 83%] Building CXX object sql/CMakeFiles/sql_dd.dir/dd/impl/tables/column_type_elements.cc.o
[ 83%] Building CXX object sql/CMakeFiles/sql_dd.dir/dd/impl/tables/collations.cc.o
[ 83%] Building CXX object sql/CMakeFiles/sql_dd.dir/dd/impl/tables/column_statistics.cc.o
[ 83%] Building CXX object sql/CMakeFiles/sql_dd.dir/dd/impl/tables/columns.cc.o
[ 83%] Building CXX object sql/CMakeFiles/sql_dd.dir/dd/impl/tables/events.cc.o
[ 83%] Building CXX object sql/CMakeFiles/sql_dd.dir/dd/impl/tables/foreign_key_column_usage.cc.o
[ 83%] Building CXX object sql/CMakeFiles/sql_dd.dir/dd/impl/tables/index_partitions.cc.o
[ 83%] Building CXX object sql/CMakeFiles/sql_dd.dir/dd/impl/tables/indexes.cc.o
[ 83%] Building CXX object sql/CMakeFiles/sql_dd.dir/dd/impl/tables/parameter_type_elements.cc.o
[ 83%] Building CXX object sql/CMakeFiles/sql_dd.dir/dd/impl/tables/resource_groups.cc.o
[ 83%] Building CXX object sql/CMakeFiles/sql_dd.dir/dd/impl/tables/parameters.cc.o
[ 83%] Building CXX object sql/CMakeFiles/sql_dd.dir/dd/impl/tables/index_column_usage.cc.o
[ 83%] Building CXX object sql/CMakeFiles/sql_dd.dir/dd/impl/tables/foreign_keys.cc.o
[ 83%] Building CXX object sql/CMakeFiles/sql_dd.dir/dd/impl/tables/table_partitions.cc.o
[ 83%] Building CXX object sql/CMakeFiles/sql_dd.dir/dd/impl/tables/index_stats.cc.o
[ 83%] Building CXX object sql/CMakeFiles/sql_dd.dir/dd/impl/tables/schemata.cc.o
[ 83%] Building CXX object sql/CMakeFiles/sql_dd.dir/dd/impl/tables/tablespace_files.cc.o
[ 83%] Building CXX object sql/CMakeFiles/sql_dd.dir/dd/impl/tables/routines.cc.o
[ 83%] Building CXX object sql/CMakeFiles/sql_dd.dir/dd/impl/tables/table_stats.cc.o
[ 83%] Building CXX object sql/CMakeFiles/sql_dd.dir/dd/impl/tables/tables.cc.o
[ 83%] Building CXX object sql/CMakeFiles/sql_dd.dir/dd/impl/tables/table_partition_values.cc.o
[ 83%] Building CXX object sql/CMakeFiles/sql_dd.dir/dd/impl/tables/spatial_reference_systems.cc.o
[ 83%] Building CXX object sql/CMakeFiles/sql_dd.dir/dd/impl/tables/tablespaces.cc.o
[ 83%] Building CXX object sql/CMakeFiles/sql_dd.dir/dd/impl/tables/triggers.cc.o
[ 83%] Building CXX object sql/CMakeFiles/sql_dd.dir/dd/impl/tables/view_table_usage.cc.o
[ 83%] Building CXX object sql/CMakeFiles/sql_dd.dir/dd/impl/types/index_stat_impl.cc.o
[ 83%] Building CXX object sql/CMakeFiles/sql_dd.dir/dd/impl/types/table_stat_impl.cc.o
[ 83%] Building CXX object sql/CMakeFiles/sql_dd.dir/dd/impl/types/charset_impl.cc.o
[ 83%] Building CXX object sql/CMakeFiles/sql_dd.dir/dd/impl/tables/view_routine_usage.cc.o
[ 83%] Building CXX object sql/CMakeFiles/sql_dd.dir/dd/impl/types/abstract_table_impl.cc.o
[ 83%] Building CXX object sql/CMakeFiles/sql_dd.dir/dd/impl/types/collation_impl.cc.o
[ 83%] Building CXX object sql/CMakeFiles/sql_dd.dir/dd/impl/types/check_constraint_impl.cc.o
[ 83%] Building CXX object sql/CMakeFiles/sql_dd.dir/dd/impl/types/column_statistics_impl.cc.o
[ 83%] Building CXX object sql/CMakeFiles/sql_dd.dir/dd/impl/types/entity_object_table_impl.cc.o
[ 83%] Building CXX object sql/CMakeFiles/sql_dd.dir/dd/impl/types/column_type_element_impl.cc.o
[ 83%] Building CXX object sql/CMakeFiles/sql_dd.dir/dd/impl/types/entity_object_impl.cc.o
[ 83%] Building CXX object sql/CMakeFiles/sql_dd.dir/dd/impl/types/column_impl.cc.o
[ 83%] Building CXX object sql/CMakeFiles/sql_dd.dir/dd/impl/types/function_impl.cc.o
[ 83%] Building CXX object sql/CMakeFiles/sql_dd.dir/dd/impl/types/foreign_key_element_impl.cc.o
[ 83%] Building CXX object sql/CMakeFiles/sql_dd.dir/dd/impl/types/library_impl.cc.o
[ 83%] Building CXX object sql/CMakeFiles/sql_dd.dir/dd/impl/types/event_impl.cc.o
[ 83%] Building CXX object sql/CMakeFiles/sql_dd.dir/dd/impl/types/object_table_impl.cc.o
[ 83%] Building CXX object sql/CMakeFiles/sql_dd.dir/dd/impl/types/foreign_key_impl.cc.o
[ 83%] Building CXX object sql/CMakeFiles/sql_dd.dir/dd/impl/types/object_table_definition_impl.cc.o
[ 83%] Building CXX object sql/CMakeFiles/sql_dd.dir/dd/impl/types/parameter_type_element_impl.cc.o
[ 83%] Building CXX object sql/CMakeFiles/sql_dd.dir/dd/impl/types/index_element_impl.cc.o
[ 83%] Building CXX object sql/CMakeFiles/sql_dd.dir/dd/impl/types/index_impl.cc.o
[ 83%] Building CXX object sql/CMakeFiles/sql_dd.dir/dd/impl/types/resource_group_impl.cc.o
[ 83%] Building CXX object sql/CMakeFiles/sql_dd.dir/dd/impl/types/parameter_impl.cc.o
[ 84%] Building CXX object sql/CMakeFiles/sql_dd.dir/dd/impl/types/partition_index_impl.cc.o
[ 84%] Building CXX object sql/CMakeFiles/sql_dd.dir/dd/impl/types/partition_impl.cc.o
[ 84%] Building CXX object sql/CMakeFiles/sql_dd.dir/dd/impl/types/table_impl.cc.o
[ 84%] Building CXX object sql/CMakeFiles/sql_dd.dir/dd/impl/types/procedure_impl.cc.o
[ 84%] Building CXX object sql/CMakeFiles/sql_dd.dir/dd/impl/types/partition_value_impl.cc.o
[ 84%] Building CXX object sql/CMakeFiles/sql_dd.dir/dd/impl/types/routine_impl.cc.o
[ 84%] Building CXX object sql/CMakeFiles/sql_dd.dir/dd/impl/types/schema_impl.cc.o
[ 84%] Building CXX object sql/CMakeFiles/sql_dd.dir/dd/impl/types/spatial_reference_system_impl.cc.o
[ 84%] Building CXX object sql/CMakeFiles/sql_dd.dir/dd/impl/types/trigger_impl.cc.o
[ 84%] Building CXX object sql/CMakeFiles/sql_dd.dir/dd/impl/types/tablespace_impl.cc.o
[ 84%] Building CXX object sql/CMakeFiles/sql_dd.dir/dd/impl/types/view_table_impl.cc.o
[ 84%] Building CXX object sql/CMakeFiles/sql_dd.dir/dd/impl/types/tablespace_file_impl.cc.o
[ 84%] Building CXX object sql/CMakeFiles/sql_dd.dir/dd/impl/upgrade/server.cc.o
[ 84%] Building CXX object sql/CMakeFiles/sql_dd.dir/dd/impl/types/view_impl.cc.o
[ 84%] Building CXX object sql/CMakeFiles/sql_dd.dir/dd/impl/types/view_routine_impl.cc.o
[ 84%] Building CXX object sql/CMakeFiles/sql_dd.dir/dd/info_schema/metadata.cc.o
[ 84%] Building CXX object sql/CMakeFiles/sql_dd.dir/dd/info_schema/show.cc.o
[ 84%] Building CXX object sql/CMakeFiles/sql_dd.dir/dd/impl/types/weak_object_impl.cc.o
[ 84%] Building CXX object sql/CMakeFiles/sql_dd.dir/dd/impl/upgrade/dd.cc.o
[ 84%] Building CXX object sql/CMakeFiles/sql_dd.dir/dd/info_schema/show_query_builder.cc.o
[ 84%] Building CXX object sql/CMakeFiles/sql_dd.dir/dd/info_schema/table_stats.cc.o
[ 84%] Building CXX object sql/CMakeFiles/sql_dd.dir/dd/info_schema/tablespace_stats.cc.o
[ 84%] Building CXX object sql/CMakeFiles/sql_dd.dir/dd/performance_schema/init.cc.o
[ 84%] Building CXX object sql/CMakeFiles/sql_dd.dir/dd/ndbinfo_schema/init.cc.o
[ 84%] Built target http_auth_backend
[ 84%] Built target metadata_cache_plugin
[ 84%] Built target rest_metadata_cache
[ 84%] Built target telemetry_client
[ 84%] Linking CXX shared library ../../../../library_output_directory/libmysqlrouter_routing.so
[ 84%] Linking CXX static library libsql_dd.a
[ 84%] Built target component_telemetry
[ 84%] Built target sql_dd
[ 84%] Building CXX object sql/CMakeFiles/sql_gis.dir/gis/buffer.cc.o
[ 84%] Building CXX object sql/CMakeFiles/sql_gis.dir/gis/area.cc.o
[ 84%] Building CXX object sql/CMakeFiles/sql_gis.dir/gis/covered_by.cc.o
[ 84%] Building CXX object sql/CMakeFiles/sql_gis.dir/gis/crosses.cc.o
[ 84%] Building CXX object sql/CMakeFiles/sql_gis.dir/gis/difference.cc.o
[ 84%] Building CXX object sql/CMakeFiles/sql_gis.dir/gis/disjoint.cc.o
[ 84%] Building CXX object sql/CMakeFiles/sql_gis.dir/gis/distance.cc.o
[ 84%] Building CXX object sql/CMakeFiles/sql_gis.dir/gis/difference_functor.cc.o
[ 84%] Building CXX object sql/CMakeFiles/sql_gis.dir/gis/distance_sphere.cc.o
[ 84%] Building CXX object sql/CMakeFiles/sql_gis.dir/gis/distance_functor.cc.o
[ 84%] Built target routing
[ 84%] Building CXX object sql/CMakeFiles/sql_gis.dir/gis/equals.cc.o
[ 84%] Building CXX object sql/CMakeFiles/sql_gis.dir/gis/frechet_distance.cc.o
[ 84%] Building CXX object sql/CMakeFiles/sql_gis.dir/gis/gc_utils.cc.o
[ 84%] Building CXX object sql/CMakeFiles/sql_gis.dir/gis/geometries.cc.o
[ 84%] Building CXX object sql/CMakeFiles/sql_gis.dir/gis/hausdorff_distance.cc.o
[ 84%] Building CXX object sql/CMakeFiles/sql_gis.dir/gis/intersection.cc.o
[ 84%] Building CXX object sql/CMakeFiles/sql_gis.dir/gis/intersects.cc.o
[ 84%] Building CXX object sql/CMakeFiles/sql_gis.dir/gis/intersection_functor.cc.o
[ 84%] Building CXX object sql/CMakeFiles/sql_gis.dir/gis/is_valid.cc.o
[ 84%] Building CXX object sql/CMakeFiles/sql_gis.dir/gis/length.cc.o
[ 85%] Building CXX object sql/CMakeFiles/sql_gis.dir/gis/is_simple.cc.o
[ 85%] Building CXX object sql/CMakeFiles/sql_gis.dir/gis/line_interpolate.cc.o
[ 85%] Building CXX object sql/CMakeFiles/sql_gis.dir/gis/mbr_utils.cc.o
[ 85%] Building CXX object sql/CMakeFiles/sql_gis.dir/gis/rtree_support.cc.o
[ 85%] Building CXX object sql/CMakeFiles/sql_gis.dir/gis/ring_flip_visitor.cc.o
[ 85%] Building CXX object sql/CMakeFiles/sql_gis.dir/gis/simplify.cc.o
[ 85%] Building CXX object sql/CMakeFiles/sql_gis.dir/gis/so_utils.cc.o
[ 85%] Building CXX object sql/CMakeFiles/sql_gis.dir/gis/overlaps.cc.o
[ 85%] Building CXX object sql/CMakeFiles/sql_gis.dir/gis/srs/wkt_parser.cc.o
[ 85%] Building CXX object sql/CMakeFiles/sql_gis.dir/gis/st_units_of_measure.cc.o
[ 85%] Building CXX object sql/CMakeFiles/sql_gis.dir/gis/symdifference.cc.o
[ 85%] Building CXX object sql/CMakeFiles/sql_gis.dir/gis/srs/srs.cc.o
[ 85%] Building CXX object sql/CMakeFiles/sql_gis.dir/gis/symdifference_functor.cc.o
[ 85%] Building CXX object sql/CMakeFiles/sql_gis.dir/gis/touches.cc.o
[ 85%] Building CXX object sql/CMakeFiles/sql_gis.dir/gis/transform.cc.o
[ 85%] Building CXX object sql/CMakeFiles/sql_gis.dir/gis/union.cc.o
[ 85%] Building CXX object sql/CMakeFiles/sql_gis.dir/item_geofunc.cc.o
[ 85%] Building CXX object sql/CMakeFiles/sql_gis.dir/gis/union_functor.cc.o
[ 85%] Building CXX object sql/CMakeFiles/sql_gis.dir/gis/within.cc.o
[ 85%] Building CXX object router/src/routing/src/CMakeFiles/routing_plugin.dir/routing_plugin.cc.o
[ 85%] Building CXX object sql/CMakeFiles/sql_gis.dir/options_parser.cc.o
[ 85%] Building CXX object sql/CMakeFiles/sql_gis.dir/item_geofunc_relchecks.cc.o
[ 85%] Building CXX object sql/CMakeFiles/sql_gis.dir/gis/wkb_visitor.cc.o
[ 85%] Building CXX object sql/CMakeFiles/sql_gis.dir/item_geofunc_buffer.cc.o
[ 85%] Building CXX object sql/CMakeFiles/sql_gis.dir/gis/wkb.cc.o
[ 85%] Building CXX object router/src/mysql_rest_service/src/CMakeFiles/mysql_rest_service.dir/mysql_rest_service_plugin_config.cc.o
[ 85%] Building CXX object router/src/routing/src/CMakeFiles/routing_plugin.dir/plugin_config.cc.o
[ 85%] Building CXX object sql/CMakeFiles/sql_gis.dir/gis/wkb_size_visitor.cc.o
[ 85%] Building CXX object sql/CMakeFiles/sql_gis.dir/item_geofunc_internal.cc.o
[ 85%] Building CXX object router/src/mysql_rest_service/src/CMakeFiles/mysql_rest_service.dir/mysql_rest_service_plugin.cc.o
[ 85%] Building CXX object router/src/rest_routing/src/CMakeFiles/rest_routing.dir/rest_routing_blocked_hosts.cc.o
[ 85%] Building CXX object router/src/rest_routing/src/CMakeFiles/rest_routing.dir/rest_routing_health.cc.o
[ 85%] Building CXX object router/src/rest_routing/src/CMakeFiles/rest_routing.dir/rest_routing_plugin.cc.o
[ 85%] Building CXX object router/src/rest_routing/src/CMakeFiles/rest_routing.dir/rest_routing_config.cc.o
[ 85%] Building CXX object router/src/rest_routing/src/CMakeFiles/rest_routing.dir/rest_routing_status.cc.o
[ 85%] Building CXX object router/src/rest_routing/src/CMakeFiles/rest_routing.dir/rest_routing_guidelines.cc.o
[ 85%] Building CXX object router/src/rest_routing/src/CMakeFiles/rest_routing.dir/rest_routing_connections.cc.o
[ 85%] Building CXX object router/src/rest_routing/src/CMakeFiles/rest_routing.dir/rest_routing_destinations.cc.o
[ 85%] Building CXX object router/src/rest_routing/src/CMakeFiles/rest_routing.dir/rest_routing_guidelines_schema.cc.o
[ 85%] Building CXX object router/src/rest_routing/src/CMakeFiles/rest_routing.dir/rest_routing_routes_status.cc.o
[ 85%] Building CXX object router/src/rest_routing/src/CMakeFiles/rest_routing.dir/rest_routing_list.cc.o
[ 85%] Linking CXX shared library ../../../../plugin_output_directory/routing.so
[ 86%] Linking CXX shared library ../../../../plugin_output_directory/rest_routing.so
[ 86%] Linking CXX shared library ../../../../plugin_output_directory/mysql_rest_service.so
[ 86%] Linking CXX static library libsql_gis.a
[ 86%] Built target routing_plugin
[ 86%] Built target rest_routing
[ 86%] Built target mysql_rest_service
[ 86%] Built target sql_gis
[ 86%] Building CXX object sql/CMakeFiles/sql_main.dir/sql_yacc.cc.o
[ 86%] Building CXX object sql/CMakeFiles/sql_main.dir/sql_hints.yy.cc.o
[ 86%] Building CXX object sql/CMakeFiles/sql_main.dir/auth/authentication_policy.cc.o
[ 86%] Building CXX object sql/CMakeFiles/sql_main.dir/sql_builtin.cc.o
[ 86%] Building CXX object sql/CMakeFiles/sql_main.dir/auth/dynamic_privilege_table.cc.o
[ 86%] Building CXX object sql/CMakeFiles/sql_main.dir/auth/dynamic_privileges_impl.cc.o
[ 86%] Building CXX object sql/CMakeFiles/sql_main.dir/auth/sql_authentication.cc.o
[ 86%] Building CXX object sql/CMakeFiles/sql_main.dir/auth/auth_acls.cc.o
[ 86%] Building CXX object sql/CMakeFiles/sql_main.dir/auth/auth_common.cc.o
[ 86%] Building CXX object sql/CMakeFiles/sql_main.dir/auth/sql_auth_cache.cc.o
[ 86%] Building CXX object sql/CMakeFiles/sql_main.dir/auth/sql_authorization.cc.o
[ 86%] Building CXX object sql/CMakeFiles/sql_main.dir/auth/acl_table_user.cc.o
[ 86%] Building CXX object sql/CMakeFiles/sql_main.dir/auth/partial_revokes.cc.o
[ 86%] Building CXX object sql/CMakeFiles/sql_main.dir/auth/sql_user.cc.o
[ 86%] Building CXX object sql/CMakeFiles/sql_main.dir/auth/password.cc.o
[ 87%] Building CXX object sql/CMakeFiles/sql_main.dir/auth/sql_mfa.cc.o
[ 87%] Building CXX object sql/CMakeFiles/sql_main.dir/auth/sql_user_table.cc.o
[ 87%] Building CXX object sql/CMakeFiles/sql_main.dir/auth/service_security_context.cc.o
[ 87%] Building CXX object sql/CMakeFiles/sql_main.dir/auth/sql_security_ctx.cc.o
[ 87%] Building CXX object sql/CMakeFiles/sql_main.dir/auth/password_policy_service.cc.o
[ 87%] Building CXX object sql/CMakeFiles/sql_main.dir/auto_thd.cc.o
[ 87%] Building CXX object sql/CMakeFiles/sql_main.dir/auth/role_tables.cc.o
[ 87%] Building CXX object sql/CMakeFiles/sql_main.dir/auth/sha2_password_common.cc.o
[ 87%] Building CXX object sql/CMakeFiles/sql_main.dir/keyring_service.cc.o
[ 87%] Building CXX object sql/CMakeFiles/sql_main.dir/auth/sha2_password.cc.o
[ 87%] Building CXX object sql/CMakeFiles/sql_main.dir/auth/roles.cc.o
[ 87%] Building CXX object sql/CMakeFiles/sql_main.dir/__/vector-common/vector_conversion.cc.o
[ 87%] Building CXX object sql/CMakeFiles/sql_main.dir/__/vector-common/vector_distance.cc.o
[ 87%] Building CXX object sql/CMakeFiles/sql_main.dir/ssl_wrapper_service.cc.o
[ 87%] Building CXX object sql/CMakeFiles/sql_main.dir/bootstrap.cc.o
[ 87%] Building CXX object sql/CMakeFiles/sql_main.dir/check_stack.cc.o
[ 87%] Building CXX object sql/CMakeFiles/sql_main.dir/conn_handler/connection_handler_manager.cc.o
[ 87%] Building CXX object sql/CMakeFiles/sql_main.dir/clone_handler.cc.o
[ 87%] Building CXX object sql/CMakeFiles/sql_main.dir/create_field.cc.o
[ 87%] Building CXX object sql/CMakeFiles/sql_main.dir/current_thd.cc.o
[ 87%] Building CXX object sql/CMakeFiles/sql_main.dir/dd_sql_view.cc.o
[ 87%] Building CXX object sql/CMakeFiles/sql_main.dir/derror.cc.o
[ 87%] Building CXX object sql/CMakeFiles/sql_main.dir/dd_sp.cc.o
[ 87%] Building CXX object sql/CMakeFiles/sql_main.dir/debug_sync.cc.o
[ 87%] Building CXX object sql/CMakeFiles/sql_main.dir/engine_combination_tracker.cc.o
[ 87%] Building CXX object sql/CMakeFiles/sql_main.dir/default_values.cc.o
[ 87%] Building CXX object sql/CMakeFiles/sql_main.dir/dd_table_share.cc.o
[ 87%] Building CXX object sql/CMakeFiles/sql_main.dir/field_conv.cc.o
[ 87%] Building CXX object sql/CMakeFiles/sql_main.dir/field.cc.o
[ 87%] Building CXX object sql/CMakeFiles/sql_main.dir/error_handler.cc.o
[ 87%] Building CXX object sql/CMakeFiles/sql_main.dir/filesort.cc.o
[ 87%] Building CXX object sql/CMakeFiles/sql_main.dir/filesort_utils.cc.o
[ 87%] Building CXX object sql/CMakeFiles/sql_main.dir/hash.cc.o
[ 87%] Building CXX object sql/CMakeFiles/sql_main.dir/aggregate_check.cc.o
[ 87%] Building CXX object sql/CMakeFiles/sql_main.dir/histograms/equi_height.cc.o
[ 87%] Building CXX object sql/CMakeFiles/sql_main.dir/handler.cc.o
[ 87%] Building CXX object sql/CMakeFiles/sql_main.dir/histograms/histogram.cc.o
[ 87%] Building CXX object sql/CMakeFiles/sql_main.dir/gstream.cc.o
[ 87%] Building CXX object sql/CMakeFiles/sql_main.dir/histograms/value_map.cc.o
[ 87%] Building CXX object sql/CMakeFiles/sql_main.dir/histograms/equi_height_bucket.cc.o
[ 87%] Building CXX object sql/CMakeFiles/sql_main.dir/log_resource.cc.o
[ 87%] Building CXX object sql/CMakeFiles/sql_main.dir/histograms/singleton.cc.o
[ 87%] Building CXX object sql/CMakeFiles/sql_main.dir/histograms/table_histograms.cc.o
[ 87%] Building CXX object sql/CMakeFiles/sql_main.dir/hostname_cache.cc.o
[ 87%] Building CXX object sql/CMakeFiles/sql_main.dir/item.cc.o
[ 87%] Building CXX object sql/CMakeFiles/sql_main.dir/init.cc.o
[ 87%] Building CXX object sql/CMakeFiles/sql_main.dir/item_buff.cc.o
[ 87%] Building CXX object sql/CMakeFiles/sql_main.dir/item_create.cc.o
[ 88%] Building CXX object sql/CMakeFiles/sql_main.dir/lib_glue/gtids.cc.o
[ 88%] Building CXX object sql/CMakeFiles/sql_main.dir/item_gtid_func.cc.o
[ 88%] Building CXX object sql/CMakeFiles/sql_main.dir/item_func.cc.o
[ 88%] Building CXX object sql/CMakeFiles/sql_main.dir/item_pfs_func.cc.o
[ 88%] Building CXX object sql/CMakeFiles/sql_main.dir/item_cmpfunc.cc.o
[ 88%] Building CXX object sql/CMakeFiles/sql_main.dir/item_json_func.cc.o
[ 88%] Building CXX object sql/CMakeFiles/sql_main.dir/item_regexp_func.cc.o
[ 88%] Building CXX object sql/CMakeFiles/sql_main.dir/item_row.cc.o
[ 88%] Building CXX object sql/CMakeFiles/sql_main.dir/item_strfunc.cc.o
[ 88%] Building CXX object sql/CMakeFiles/sql_main.dir/item_subselect.cc.o
[ 88%] Building CXX object sql/CMakeFiles/sql_main.dir/item_sum.cc.o
[ 88%] Building CXX object sql/CMakeFiles/sql_main.dir/item_timefunc.cc.o
[ 88%] Building CXX object sql/CMakeFiles/sql_main.dir/item_xmlfunc.cc.o
[ 88%] Building CXX object sql/CMakeFiles/sql_main.dir/window.cc.o
[ 88%] Building CXX object sql/CMakeFiles/sql_main.dir/iterators/bka_iterator.cc.o
[ 88%] Building CXX object sql/CMakeFiles/sql_main.dir/iterators/hash_join_buffer.cc.o
[ 88%] Building CXX object sql/CMakeFiles/sql_main.dir/iterators/hash_join_iterator.cc.o
[ 88%] Building CXX object sql/CMakeFiles/sql_main.dir/iterators/window_iterators.cc.o
[ 88%] Building CXX object sql/CMakeFiles/sql_main.dir/iterators/sorting_iterator.cc.o
[ 88%] Building CXX object sql/CMakeFiles/sql_main.dir/iterators/basic_row_iterators.cc.o
[ 88%] Building CXX object sql/CMakeFiles/sql_main.dir/item_inetfunc.cc.o
[ 88%] Building CXX object sql/CMakeFiles/sql_main.dir/iterators/hash_join_chunk.cc.o
[ 88%] Building CXX object sql/CMakeFiles/sql_main.dir/iterators/composite_iterators.cc.o
[ 88%] Building CXX object sql/CMakeFiles/sql_main.dir/json_duality_view/utils.cc.o
[ 88%] Building CXX object sql/CMakeFiles/sql_main.dir/json_duality_view/ddl.cc.o
[ 88%] Building CXX object sql/CMakeFiles/sql_main.dir/json_duality_view/content_tree.cc.o
[ 88%] Building CXX object sql/CMakeFiles/sql_main.dir/json_duality_view/dml.cc.o
[ 88%] Building CXX object sql/CMakeFiles/sql_main.dir/join_optimizer/common_subexpression_elimination.cc.o
[ 88%] Building CXX object sql/CMakeFiles/sql_main.dir/join_optimizer/derived_keys.cc.o
[ 88%] Building CXX object sql/CMakeFiles/sql_main.dir/iterators/ref_row_iterators.cc.o
[ 88%] Building CXX object sql/CMakeFiles/sql_main.dir/join_optimizer/cost_model.cc.o
[ 88%] Building CXX object sql/CMakeFiles/sql_main.dir/json_duality_view/option_usage.cc.o
[ 88%] Building CXX object sql/CMakeFiles/sql_main.dir/join_optimizer/access_path.cc.o
[ 88%] Building CXX object sql/CMakeFiles/sql_main.dir/json_duality_view/i_s.cc.o
[ 88%] Building CXX object sql/CMakeFiles/sql_main.dir/join_optimizer/finalize_plan.cc.o
[ 88%] Building CXX object sql/CMakeFiles/sql_main.dir/join_optimizer/hypergraph.cc.o
[ 88%] Building CXX object sql/CMakeFiles/sql_main.dir/json_duality_view/ostream_utils.cc.o
[ 88%] Building CXX object sql/CMakeFiles/sql_main.dir/join_optimizer/build_interesting_orders.cc.o
[ 88%] Building CXX object sql/CMakeFiles/sql_main.dir/join_optimizer/join_optimizer.cc.o
[ 88%] Building CXX object sql/CMakeFiles/sql_main.dir/join_optimizer/estimate_selectivity.cc.o
[ 89%] Building CXX object sql/CMakeFiles/sql_main.dir/join_optimizer/make_join_hypergraph.cc.o
[ 89%] Building CXX object sql/CMakeFiles/sql_main.dir/join_optimizer/optimizer_trace.cc.o
[ 89%] Building CXX object sql/CMakeFiles/sql_main.dir/join_optimizer/explain_access_path.cc.o
[ 89%] Building CXX object sql/CMakeFiles/sql_main.dir/join_optimizer/interesting_orders.cc.o
[ 89%] Building CXX object sql/CMakeFiles/sql_main.dir/join_optimizer/overflow_bitset.cc.o
[ 89%] Building CXX object sql/CMakeFiles/sql_main.dir/join_optimizer/print_utils.cc.o
[ 89%] Building CXX object sql/CMakeFiles/sql_main.dir/join_optimizer/online_cycle_finder.cc.o
[ 89%] Building CXX object sql/CMakeFiles/sql_main.dir/join_optimizer/relational_expression.cc.o
[ 89%] Building CXX object sql/CMakeFiles/sql_main.dir/join_optimizer/graph_simplification.cc.o
[ 89%] Building CXX object sql/CMakeFiles/sql_main.dir/join_optimizer/replace_item.cc.o
[ 89%] Building CXX object sql/CMakeFiles/sql_main.dir/key.cc.o
[ 89%] Building CXX object sql/CMakeFiles/sql_main.dir/join_optimizer/secondary_statistics.cc.o
[ 89%] Building CXX object sql/CMakeFiles/sql_main.dir/key_spec.cc.o
[ 89%] Building CXX object sql/CMakeFiles/sql_main.dir/lock.cc.o
[ 89%] Building CXX object sql/CMakeFiles/sql_main.dir/keycaches.cc.o
[ 89%] Building CXX object sql/CMakeFiles/sql_main.dir/locked_tables_list.cc.o
[ 89%] Building CXX object sql/CMakeFiles/sql_main.dir/log.cc.o
[ 89%] Building CXX object sql/CMakeFiles/sql_main.dir/mysqld.cc.o
[ 89%] Building CXX object sql/CMakeFiles/sql_main.dir/mdl.cc.o
[ 89%] Building CXX object sql/CMakeFiles/sql_main.dir/migrate_keyring.cc.o
[ 89%] Building CXX object sql/CMakeFiles/sql_main.dir/locks/shared_spin_lock.cc.o
[ 89%] Building CXX object sql/CMakeFiles/sql_main.dir/locking_service.cc.o
[ 89%] Building CXX object sql/CMakeFiles/sql_main.dir/mysqld_thd_manager.cc.o
[ 89%] Building CXX object sql/CMakeFiles/sql_main.dir/mdl_context_backup.cc.o
[ 89%] Building CXX object sql/CMakeFiles/sql_main.dir/opt_costconstants.cc.o
[ 89%] Building CXX object sql/CMakeFiles/sql_main.dir/opt_costconstantcache.cc.o
[ 89%] Building CXX object sql/CMakeFiles/sql_main.dir/opt_explain_format.cc.o
[ 89%] Building CXX object sql/CMakeFiles/sql_main.dir/opt_explain.cc.o
[ 89%] Building CXX object sql/CMakeFiles/sql_main.dir/opt_option_usage.cc.o
[ 89%] Building CXX object sql/CMakeFiles/sql_main.dir/opt_sum.cc.o
[ 89%] Building CXX object sql/CMakeFiles/sql_main.dir/opt_trace.cc.o
[ 89%] Building CXX object sql/CMakeFiles/sql_main.dir/opt_costmodel.cc.o
[ 89%] Building CXX object sql/CMakeFiles/sql_main.dir/opt_explain_traditional.cc.o
[ 89%] Building CXX object sql/CMakeFiles/sql_main.dir/pack_rows.cc.o
[ 89%] Building CXX object sql/CMakeFiles/sql_main.dir/opt_statistics.cc.o
[ 89%] Building CXX object sql/CMakeFiles/sql_main.dir/opt_hints.cc.o
[ 89%] Building CXX object sql/CMakeFiles/sql_main.dir/parse_file.cc.o
[ 89%] Building CXX object sql/CMakeFiles/sql_main.dir/parse_tree_handler.cc.o
[ 89%] Building CXX object sql/CMakeFiles/sql_main.dir/parse_tree_helpers.cc.o
[ 89%] Building CXX object sql/CMakeFiles/sql_main.dir/opt_trace2server.cc.o
[ 89%] Building CXX object sql/CMakeFiles/sql_main.dir/opt_explain_json.cc.o
[ 89%] Building CXX object sql/CMakeFiles/sql_main.dir/parse_tree_items.cc.o
[ 89%] Building CXX object sql/CMakeFiles/sql_main.dir/parse_tree_nodes.cc.o
[ 89%] Building CXX object sql/CMakeFiles/sql_main.dir/parse_tree_hints.cc.o
[ 89%] Building CXX object sql/CMakeFiles/sql_main.dir/parse_tree_node_base.cc.o
[ 89%] Building CXX object sql/CMakeFiles/sql_main.dir/query_term.cc.o
[ 89%] Building CXX object sql/CMakeFiles/sql_main.dir/parse_tree_partitions.cc.o
[ 89%] Building CXX object sql/CMakeFiles/sql_main.dir/parse_tree_window.cc.o
[ 89%] Building CXX object sql/CMakeFiles/sql_main.dir/persisted_variable.cc.o
[ 90%] Building CXX object sql/CMakeFiles/sql_main.dir/parser_service.cc.o
[ 90%] Building CXX object sql/CMakeFiles/sql_main.dir/select_lex_visitor.cc.o
[ 90%] Building CXX object sql/CMakeFiles/sql_main.dir/partitioning/partition_handler.cc.o
[ 90%] Building CXX object sql/CMakeFiles/sql_main.dir/partition_info.cc.o
[ 90%] Building CXX object sql/CMakeFiles/sql_main.dir/psi_memory_key.cc.o
[ 90%] Building CXX object sql/CMakeFiles/sql_main.dir/psi_memory_resource.cc.o
[ 90%] Building CXX object sql/CMakeFiles/sql_main.dir/range_optimizer/group_index_skip_scan.cc.o
[ 90%] Building CXX object sql/CMakeFiles/sql_main.dir/protocol_classic.cc.o
[ 90%] Building CXX object sql/CMakeFiles/sql_main.dir/range_optimizer/index_merge_plan.cc.o
[ 90%] Building CXX object sql/CMakeFiles/sql_main.dir/range_optimizer/geometry_index_range_scan.cc.o
[ 90%] Building CXX object sql/CMakeFiles/sql_main.dir/range_optimizer/group_index_skip_scan_plan.cc.o
[ 90%] Building CXX object sql/CMakeFiles/sql_main.dir/raii/targeted_stringstream.cc.o
[ 90%] Building CXX object sql/CMakeFiles/sql_main.dir/range_optimizer/index_range_scan_plan.cc.o
[ 90%] Building CXX object sql/CMakeFiles/sql_main.dir/range_optimizer/index_merge.cc.o
[ 90%] Building CXX object sql/CMakeFiles/sql_main.dir/range_optimizer/index_range_scan.cc.o
[ 90%] Building CXX object sql/CMakeFiles/sql_main.dir/query_result.cc.o
[ 90%] Building CXX object sql/CMakeFiles/sql_main.dir/range_optimizer/index_skip_scan_plan.cc.o
[ 90%] Building CXX object sql/CMakeFiles/sql_main.dir/range_optimizer/index_skip_scan.cc.o
[ 90%] Building CXX object sql/CMakeFiles/sql_main.dir/range_optimizer/tree.cc.o
[ 90%] Building CXX object sql/CMakeFiles/sql_main.dir/regexp/errors.cc.o
[ 90%] Building CXX object sql/CMakeFiles/sql_main.dir/regexp/regexp_engine.cc.o
[ 90%] Building CXX object sql/CMakeFiles/sql_main.dir/range_optimizer/range_analysis.cc.o
[ 90%] Building CXX object sql/CMakeFiles/sql_main.dir/range_optimizer/reverse_index_range_scan.cc.o
[ 90%] Building CXX object sql/CMakeFiles/sql_main.dir/resourcegroups/platform/thread_attrs_api_common.cc.o
[ 90%] Building CXX object sql/CMakeFiles/sql_main.dir/resourcegroups/thread_resource_control.cc.o
[ 90%] Building CXX object sql/CMakeFiles/sql_main.dir/range_optimizer/range_optimizer.cc.o
[ 90%] Building CXX object sql/CMakeFiles/sql_main.dir/range_optimizer/partition_pruning.cc.o
[ 90%] Building CXX object sql/CMakeFiles/sql_main.dir/range_optimizer/rowid_ordered_retrieval.cc.o
[ 90%] Building CXX object sql/CMakeFiles/sql_main.dir/range_optimizer/rowid_ordered_retrieval_plan.cc.o
[ 90%] Building CXX object sql/CMakeFiles/sql_main.dir/regexp/regexp_facade.cc.o
[ 90%] Building CXX object sql/CMakeFiles/sql_main.dir/resourcegroups/resource_group_mgr.cc.o
[ 90%] Building CXX object sql/CMakeFiles/sql_main.dir/resourcegroups/resource_group_sql_cmd.cc.o
[ 90%] Building CXX object sql/CMakeFiles/sql_main.dir/statement/ed_connection.cc.o
[ 90%] Building CXX object sql/CMakeFiles/sql_main.dir/rpl_opt_tracker.cc.o
[ 90%] Building CXX object sql/CMakeFiles/sql_main.dir/statement/statement.cc.o
[ 90%] Building CXX object sql/CMakeFiles/sql_main.dir/statement/protocol_local_v2.cc.o
[ 90%] Building CXX object sql/CMakeFiles/sql_main.dir/rpl_transaction_ctx.cc.o
[ 90%] Building CXX object sql/CMakeFiles/sql_main.dir/rpl_write_set_handler.cc.o
[ 90%] Building CXX object sql/CMakeFiles/sql_main.dir/statement/protocol_local.cc.o
[ 90%] Building CXX object sql/CMakeFiles/sql_main.dir/rpl_transaction_write_set_ctx.cc.o
[ 90%] Building CXX object sql/CMakeFiles/sql_main.dir/rpl_group_replication.cc.o
[ 90%] Building CXX object sql/CMakeFiles/sql_main.dir/statement/utils.cc.o
[ 90%] Building CXX object sql/CMakeFiles/sql_main.dir/statement/statement_runnable.cc.o
[ 90%] Building CXX object sql/CMakeFiles/sql_main.dir/rules_table_service.cc.o
[ 90%] Building CXX object sql/CMakeFiles/sql_main.dir/rwlock_scoped_lock.cc.o
[ 90%] Building CXX object sql/CMakeFiles/sql_main.dir/sdi_utils.cc.o
[ 90%] Building CXX object sql/CMakeFiles/sql_main.dir/sd_notify.cc.o
[ 90%] Building CXX object sql/CMakeFiles/sql_main.dir/session_tracker.cc.o
[ 90%] Building CXX object sql/CMakeFiles/sql_main.dir/sp_cache.cc.o
[ 90%] Building CXX object sql/CMakeFiles/sql_main.dir/sp_head.cc.o
[ 91%] Building CXX object sql/CMakeFiles/sql_main.dir/sp.cc.o
[ 91%] Building CXX object sql/CMakeFiles/sql_main.dir/set_var.cc.o
[ 91%] Building CXX object sql/CMakeFiles/sql_main.dir/sp_pcontext.cc.o
[ 91%] Building CXX object sql/CMakeFiles/sql_main.dir/sql_alter.cc.o
[ 91%] Building CXX object sql/CMakeFiles/sql_main.dir/string_service.cc.o
[ 91%] Building CXX object sql/CMakeFiles/sql_main.dir/sp_rcontext.cc.o
[ 91%] Building CXX object sql/CMakeFiles/sql_main.dir/spatial.cc.o
[ 91%] Building CXX object sql/CMakeFiles/sql_main.dir/sql_alloc_error_handler.cc.o
[ 91%] Building CXX object sql/CMakeFiles/sql_main.dir/sql_admin.cc.o
[ 91%] Building CXX object sql/CMakeFiles/sql_main.dir/sp_instr_inline.cc.o
[ 91%] Building CXX object sql/CMakeFiles/sql_main.dir/sp_instr.cc.o
[ 91%] Building CXX object sql/CMakeFiles/sql_main.dir/sql_base.cc.o
[ 91%] Building CXX object sql/CMakeFiles/sql_main.dir/sql_backup_lock.cc.o
[ 91%] Building CXX object sql/CMakeFiles/sql_main.dir/sql_alter_instance.cc.o
[ 91%] Building CXX object sql/CMakeFiles/sql_main.dir/sql_cmd_ddl.cc.o
[ 91%] Building CXX object sql/CMakeFiles/sql_main.dir/sql_component.cc.o
[ 91%] Building CXX object sql/CMakeFiles/sql_main.dir/sql_class.cc.o
[ 91%] Building CXX object sql/CMakeFiles/sql_main.dir/sql_bootstrap.cc.o
[ 91%] Building CXX object sql/CMakeFiles/sql_main.dir/sql_call.cc.o
[ 91%] Building CXX object sql/CMakeFiles/sql_main.dir/sql_check_constraint.cc.o
[ 91%] Building CXX object sql/CMakeFiles/sql_main.dir/sql_cursor.cc.o
[ 91%] Building CXX object sql/CMakeFiles/sql_main.dir/sql_connect.cc.o
[ 91%] Building CXX object sql/CMakeFiles/sql_main.dir/sql_const_folding.cc.o
[ 91%] Building CXX object sql/CMakeFiles/sql_main.dir/sql_initialize.cc.o
[ 91%] Building CXX object sql/CMakeFiles/sql_main.dir/sql_cmd_ddl_table.cc.o
[ 91%] Building CXX object sql/CMakeFiles/sql_main.dir/sql_constraint.cc.o
[ 91%] Building CXX object sql/CMakeFiles/sql_main.dir/sql_cmd_srs.cc.o
[ 91%] Building CXX object sql/CMakeFiles/sql_main.dir/sql_db.cc.o
[ 91%] Building CXX object sql/CMakeFiles/sql_main.dir/sql_derived.cc.o
[ 91%] Building CXX object sql/CMakeFiles/sql_main.dir/sql_delete.cc.o
[ 91%] Building CXX object sql/CMakeFiles/sql_main.dir/sql_data_change.cc.o
[ 91%] Building CXX object sql/CMakeFiles/sql_main.dir/sql_exception_handler.cc.o
[ 91%] Building CXX object sql/CMakeFiles/sql_main.dir/sql_do.cc.o
[ 91%] Building CXX object sql/CMakeFiles/sql_main.dir/sql_digest.cc.o
[ 91%] Building CXX object sql/CMakeFiles/sql_main.dir/sql_foreign_key_constraint.cc.o
[ 91%] Building CXX object sql/CMakeFiles/sql_main.dir/sql_error.cc.o
[ 91%] Building CXX object sql/CMakeFiles/sql_main.dir/sql_executor.cc.o
[ 91%] Building CXX object sql/CMakeFiles/sql_main.dir/sql_get_diagnostics.cc.o
[ 91%] Building CXX object sql/CMakeFiles/sql_main.dir/sql_handler.cc.o
[ 91%] Building CXX object sql/CMakeFiles/sql_main.dir/sql_gipk.cc.o
[ 91%] Building CXX object sql/CMakeFiles/sql_main.dir/sql_insert.cc.o
[ 91%] Building CXX object sql/CMakeFiles/sql_main.dir/sql_lex.cc.o
[ 92%] Building CXX object sql/CMakeFiles/sql_main.dir/sql_lex_hints.cc.o
[ 92%] Building CXX object sql/CMakeFiles/sql_main.dir/sql_help.cc.o
[ 92%] Building CXX object sql/CMakeFiles/sql_main.dir/sql_import.cc.o
[ 92%] Building CXX object sql/CMakeFiles/sql_main.dir/sql_lex_hash.cc.o
[ 92%] Building CXX object sql/CMakeFiles/sql_main.dir/sql_manager.cc.o
[ 92%] Building CXX object sql/CMakeFiles/sql_main.dir/sql_list.cc.o
[ 92%] Building CXX object sql/CMakeFiles/sql_main.dir/sql_locale.cc.o
[ 92%] Building CXX object sql/CMakeFiles/sql_main.dir/sql_masking_policy.cc.o
[ 92%] Building CXX object sql/CMakeFiles/sql_main.dir/sql_partition.cc.o
[ 92%] Building CXX object sql/CMakeFiles/sql_main.dir/sql_load.cc.o
[ 92%] Building CXX object sql/CMakeFiles/sql_main.dir/sql_plugin.cc.o
[ 92%] Building CXX object sql/CMakeFiles/sql_main.dir/sql_plugin_var.cc.o
[ 92%] Building CXX object sql/CMakeFiles/sql_main.dir/sql_optimizer.cc.o
[ 92%] Building CXX object sql/CMakeFiles/sql_main.dir/sql_partition_admin.cc.o
[ 92%] Building CXX object sql/CMakeFiles/sql_main.dir/sql_parse.cc.o
[ 92%] Building CXX object sql/CMakeFiles/sql_main.dir/sql_profile.cc.o
[ 92%] Building CXX object sql/CMakeFiles/sql_main.dir/sql_reload.cc.o
[ 92%] Building CXX object sql/CMakeFiles/sql_main.dir/sql_planner.cc.o
[ 92%] Building CXX object sql/CMakeFiles/sql_main.dir/sql_restart_server.cc.o
[ 92%] Building CXX object sql/CMakeFiles/sql_main.dir/sql_servers.cc.o
[ 92%] Building CXX object sql/CMakeFiles/sql_main.dir/sql_rewrite.cc.o
[ 92%] Building CXX object sql/CMakeFiles/sql_main.dir/sql_prepare.cc.o
[ 92%] Building CXX object sql/CMakeFiles/sql_main.dir/sql_query_rewrite.cc.o
[ 92%] Building CXX object sql/CMakeFiles/sql_main.dir/sql_rename.cc.o
[ 92%] Building CXX object sql/CMakeFiles/sql_main.dir/sql_show_processlist.cc.o
[ 92%] Building CXX object sql/CMakeFiles/sql_main.dir/sql_resolver.cc.o
[ 92%] Building CXX object sql/CMakeFiles/sql_main.dir/sql_show_status.cc.o
[ 92%] Building CXX object sql/CMakeFiles/sql_main.dir/sql_signal.cc.o
[ 92%] Building CXX object sql/CMakeFiles/sql_main.dir/sql_select.cc.o
[ 92%] Building CXX object sql/CMakeFiles/sql_main.dir/sql_show.cc.o
[ 92%] Building CXX object sql/CMakeFiles/sql_main.dir/sql_table.cc.o
[ 92%] Building CXX object sql/CMakeFiles/sql_main.dir/sql_state.cc.o
[ 92%] Building CXX object sql/CMakeFiles/sql_main.dir/sql_thd_api.cc.o
[ 92%] Building CXX object sql/CMakeFiles/sql_main.dir/sql_thd_internal_api.cc.o
[ 92%] Building CXX object sql/CMakeFiles/sql_main.dir/sql_tablespace.cc.o
[ 92%] Building CXX object sql/CMakeFiles/sql_main.dir/sql_test.cc.o
[ 92%] Building CXX object sql/CMakeFiles/sql_main.dir/sql_time.cc.o
[ 92%] Building CXX object sql/CMakeFiles/sql_main.dir/sql_timer.cc.o
[ 92%] Building CXX object sql/CMakeFiles/sql_main.dir/sql_truncate.cc.o
[ 92%] Building CXX object sql/CMakeFiles/sql_main.dir/sql_udf.cc.o
[ 92%] Building CXX object sql/CMakeFiles/sql_main.dir/sql_trigger.cc.o
[ 92%] Building CXX object sql/CMakeFiles/sql_main.dir/sql_tmp_table.cc.o
[ 92%] Building CXX object sql/CMakeFiles/sql_main.dir/sql_update.cc.o
[ 92%] Building CXX object sql/CMakeFiles/sql_main.dir/ssl_acceptor_context_data.cc.o
[ 92%] Building CXX object sql/CMakeFiles/sql_main.dir/sql_union.cc.o
[ 92%] Building CXX object sql/CMakeFiles/sql_main.dir/ssl_acceptor_context_iterator.cc.o
[ 92%] Building CXX object sql/CMakeFiles/sql_main.dir/sql_view.cc.o
[ 92%] Building CXX object sql/CMakeFiles/sql_main.dir/sys_vars.cc.o
[ 92%] Building CXX object sql/CMakeFiles/sql_main.dir/strfunc.cc.o
[ 92%] Building CXX object sql/CMakeFiles/sql_main.dir/sql_zip_dict.cc.o
[ 92%] Building CXX object sql/CMakeFiles/sql_main.dir/table_cache.cc.o
[ 92%] Building CXX object sql/CMakeFiles/sql_main.dir/ssl_acceptor_context_operator.cc.o
[ 92%] Building CXX object sql/CMakeFiles/sql_main.dir/system_variables.cc.o
[ 93%] Building CXX object sql/CMakeFiles/sql_main.dir/stateless_allocator.cc.o
[ 93%] Building CXX object sql/CMakeFiles/sql_main.dir/ssl_init_callback.cc.o
[ 93%] Building CXX object sql/CMakeFiles/sql_main.dir/table_trigger_dispatcher.cc.o
[ 93%] Building CXX object sql/CMakeFiles/sql_main.dir/sys_vars_resource_mgr.cc.o
[ 93%] Building CXX object sql/CMakeFiles/sql_main.dir/thr_malloc.cc.o
[ 93%] Building CXX object sql/CMakeFiles/sql_main.dir/tc_log.cc.o
[ 93%] Building CXX object sql/CMakeFiles/sql_main.dir/table.cc.o
[ 93%] Building CXX object sql/CMakeFiles/sql_main.dir/table_function.cc.o
[ 93%] Building CXX object sql/CMakeFiles/sql_main.dir/transaction.cc.o
[ 93%] Building CXX object sql/CMakeFiles/sql_main.dir/trigger_creation_ctx.cc.o
[ 93%] Building CXX object sql/CMakeFiles/sql_main.dir/trigger.cc.o
[ 93%] Building CXX object sql/CMakeFiles/sql_main.dir/time_zone_common.cc.o
[ 93%] Building CXX object sql/CMakeFiles/sql_main.dir/threadpool_common.cc.o
[ 93%] Building CXX object sql/CMakeFiles/sql_main.dir/transaction_info.cc.o
[ 93%] Building CXX object sql/CMakeFiles/sql_main.dir/userstat.cc.o
[ 93%] Building CXX object sql/CMakeFiles/sql_main.dir/trigger_chain.cc.o
[ 93%] Building CXX object sql/CMakeFiles/sql_main.dir/tztime.cc.o
[ 93%] Building CXX object sql/CMakeFiles/sql_main.dir/xa/sql_xa_second_phase.cc.o
[ 93%] Building CXX object sql/CMakeFiles/sql_main.dir/uniques.cc.o
[ 93%] Building CXX object sql/CMakeFiles/sql_main.dir/xa/recovery.cc.o
[ 93%] Building CXX object sql/CMakeFiles/sql_main.dir/xa.cc.o
[ 93%] Building CXX object sql/CMakeFiles/sql_main.dir/xa/sql_xa_end.cc.o
[ 93%] Building CXX object sql/CMakeFiles/sql_main.dir/xa/sql_xa_commit.cc.o
[ 93%] Building CXX object sql/CMakeFiles/sql_main.dir/xa/sql_xa_prepare.cc.o
[ 93%] Building CXX object sql/CMakeFiles/sql_main.dir/xa/sql_xa_start.cc.o
[ 93%] Building CXX object sql/CMakeFiles/sql_main.dir/xa/transaction_cache.cc.o
[ 93%] Building CXX object sql/CMakeFiles/sql_main.dir/xa/sql_xa_recover.cc.o
[ 93%] Building CXX object sql/CMakeFiles/sql_main.dir/xa/sql_xa_rollback.cc.o
[ 93%] Building CXX object sql/CMakeFiles/sql_main.dir/xa/xid_extract.cc.o
[ 93%] Building CXX object sql/CMakeFiles/sql_main.dir/daemon_proxy_keyring/daemon_proxy_keyring.cc.o
[ 93%] Building CXX object sql/CMakeFiles/sql_main.dir/command_mapping.cc.o
[ 93%] Building CXX object sql/CMakeFiles/sql_main.dir/__/libmysql/errmsg.cc.o
[ 93%] Building CXX object sql/CMakeFiles/sql_main.dir/resourcegroups/platform/thread_attrs_api_linux.cc.o
[ 93%] Building CXX object sql/CMakeFiles/sql_main.dir/__/sql-common/client_authentication.cc.o
[ 93%] Building CXX object sql/CMakeFiles/sql_main.dir/threadpool_unix.cc.o
[ 93%] Building CXX object sql/CMakeFiles/sql_main.dir/__/sql-common/get_password.cc.o
[ 93%] Building CXX object sql/CMakeFiles/sql_main.dir/reference_caching_setup.cc.o
[ 93%] Building CXX object sql/CMakeFiles/sql_main.dir/__/mysys/charset.cc.o
[ 93%] Building CXX object sql/CMakeFiles/sql_main.dir/sql_event_tracking_to_audit_event_mapping.cc.o
[ 93%] Building CXX object sql/CMakeFiles/sql_main.dir/__/sql-common/my_path_permissions.cc.o
[ 94%] Building CXX object sql/CMakeFiles/sql_main.dir/__/sql-common/net_ns.cc.o
[ 94%] Building CXX object sql/CMakeFiles/sql_main.dir/__/sql-common/client.cc.o
[ 94%] Building CXX object sql/CMakeFiles/sql_main.dir/__/sql-common/client_plugin.cc.o
[ 94%] Building CXX object sql/CMakeFiles/sql_main.dir/__/sql-common/compression.cc.o
[ 94%] Building CXX object sql/CMakeFiles/sql_main.dir/__/sql-common/net_serv.cc.o
[ 94%] Building CXX object sql/CMakeFiles/sql_main.dir/__/sql-common/sql_string.cc.o
[ 94%] Building CXX object sql/CMakeFiles/sql_main.dir/__/sql-common/bind_params.cc.o
[ 94%] Building CXX object sql/CMakeFiles/sql_main.dir/__/sql-common/my_decimal.cc.o
[ 94%] Building CXX object sql/CMakeFiles/sql_main.dir/__/sql-common/json_binary.cc.o
[ 94%] Building CXX object sql/CMakeFiles/sql_main.dir/__/sql-common/json_error_handler.cc.o
[ 94%] Building CXX object sql/CMakeFiles/sql_main.dir/__/sql-common/json_path.cc.o
[ 94%] Building CXX object sql/CMakeFiles/sql_main.dir/__/sql-common/json_dom.cc.o
[ 94%] Building CXX object sql/CMakeFiles/sql_main.dir/__/sql-common/json_hash.cc.o
[ 94%] Building CXX object sql/CMakeFiles/sql_main.dir/__/sql-common/json_syntax_check.cc.o
[ 94%] Building CXX object sql/CMakeFiles/sql_main.dir/__/sql-common/json_diff.cc.o
[ 94%] Building CXX object sql/CMakeFiles/sql_main.dir/__/sql-common/json_schema.cc.o
[ 94%] Building CXX object sql/CMakeFiles/sql_main.dir/conn_handler/connection_handler_per_thread.cc.o
[ 94%] Building CXX object sql/CMakeFiles/sql_main.dir/conn_handler/channel_info.cc.o
[ 94%] Building CXX object sql/CMakeFiles/sql_main.dir/command_service.cc.o
[ 94%] Building CXX object sql/CMakeFiles/sql_main.dir/conn_handler/connection_handler_one_thread.cc.o
[ 94%] Building CXX object sql/CMakeFiles/sql_main.dir/event_db_repository.cc.o
[ 94%] Building CXX object sql/CMakeFiles/sql_main.dir/conn_handler/socket_connection.cc.o
[ 94%] Building CXX object sql/CMakeFiles/sql_main.dir/event_parse_data.cc.o
[ 94%] Building CXX object sql/CMakeFiles/sql_main.dir/event_queue.cc.o
[ 94%] Building CXX object sql/CMakeFiles/sql_main.dir/event_data_objects.cc.o
[ 94%] Building CXX object sql/CMakeFiles/sql_main.dir/conn_handler/init_net_server_extension.cc.o
[ 94%] Building CXX object sql/CMakeFiles/sql_main.dir/event_scheduler.cc.o
[ 94%] Building CXX object sql/CMakeFiles/sql_main.dir/events.cc.o
[ 94%] Building CXX object sql/CMakeFiles/sql_main.dir/mf_iocache.cc.o
[ 94%] Building CXX object sql/CMakeFiles/sql_main.dir/signal_handler.cc.o
[ 94%] Building CXX object sql/CMakeFiles/sql_main.dir/sql_audit.cc.o
[ 94%] Building CXX object sql/CMakeFiles/sql_main.dir/sql_client.cc.o
[ 94%] Building CXX object sql/CMakeFiles/sql_main.dir/srv_session_service.cc.o
[ 94%] Building CXX object sql/CMakeFiles/sql_main.dir/protocol_callback.cc.o
[ 94%] Building CXX object sql/CMakeFiles/sql_main.dir/mysqld_daemon.cc.o
[ 94%] Building CXX object sql/CMakeFiles/sql_main.dir/srv_session_info_service.cc.o
[ 94%] Building CXX object sql/CMakeFiles/sql_main.dir/srv_session.cc.o
[ 94%] Building CXX object sql/CMakeFiles/sql_main.dir/aggregated_stats_buffer.cc.o
[ 94%] Building CXX object sql/CMakeFiles/sql_main.dir/aggregated_stats.cc.o
[ 94%] Linking CXX static library ../archive_output_directory/libsql_main.a
[ 94%] Built target sql_main
[ 94%] Building CXX object storage/innobase/CMakeFiles/innobase.dir/api/api0api.cc.o
[ 94%] Building CXX object storage/innobase/CMakeFiles/innobase.dir/arch/arch0arch.cc.o
[ 94%] Building CXX object storage/innobase/CMakeFiles/innobase.dir/arch/arch0log.cc.o
[ 94%] Building CXX object storage/innobase/CMakeFiles/innobase.dir/btr/btr0cur.cc.o
[ 94%] Building CXX object storage/innobase/CMakeFiles/innobase.dir/api/api0misc.cc.o
[ 94%] Building CXX object storage/innobase/CMakeFiles/innobase.dir/btr/btr0btr.cc.o
[ 94%] Building CXX object storage/innobase/CMakeFiles/innobase.dir/btr/btr0pcur.cc.o
[ 94%] Building CXX object storage/innobase/CMakeFiles/innobase.dir/arch/arch0page.cc.o
[ 94%] Building CXX object storage/innobase/CMakeFiles/innobase.dir/arch/arch0recv.cc.o
[ 94%] Building CXX object storage/innobase/CMakeFiles/innobase.dir/btr/btr0sea.cc.o
[ 94%] Building CXX object storage/innobase/CMakeFiles/innobase.dir/buf/buf0block_hint.cc.o
[ 94%] Building CXX object storage/innobase/CMakeFiles/innobase.dir/buf/buf0buddy.cc.o
[ 95%] Building CXX object storage/innobase/CMakeFiles/innobase.dir/buf/buf0buf.cc.o
[ 95%] Building CXX object storage/innobase/CMakeFiles/innobase.dir/buf/buf0dump.cc.o
[ 95%] Building CXX object storage/innobase/CMakeFiles/innobase.dir/buf/buf0flu.cc.o
[ 95%] Building CXX object storage/innobase/CMakeFiles/innobase.dir/btr/btr0load.cc.o
[ 95%] Building CXX object storage/innobase/CMakeFiles/innobase.dir/btr/btr0mtib.cc.o
[ 95%] Building CXX object storage/innobase/CMakeFiles/innobase.dir/buf/buf0rea.cc.o
[ 95%] Building CXX object storage/innobase/CMakeFiles/innobase.dir/buf/buf0dblwr.cc.o
[ 95%] Building CXX object storage/innobase/CMakeFiles/innobase.dir/buf/buf0lru.cc.o
[ 95%] Building CXX object storage/innobase/CMakeFiles/innobase.dir/clone/clone0api.cc.o
[ 95%] Building CXX object storage/innobase/CMakeFiles/innobase.dir/clone/clone0clone.cc.o
[ 95%] Building CXX object storage/innobase/CMakeFiles/innobase.dir/clone/clone0copy.cc.o
[ 95%] Building CXX object storage/innobase/CMakeFiles/innobase.dir/clone/clone0apply.cc.o
[ 95%] Building CXX object storage/innobase/CMakeFiles/innobase.dir/clone/clone0snapshot.cc.o
[ 95%] Building CXX object storage/innobase/CMakeFiles/innobase.dir/clone/clone0desc.cc.o
[ 95%] Building CXX object storage/innobase/CMakeFiles/innobase.dir/data/data0data.cc.o
[ 95%] Building CXX object storage/innobase/CMakeFiles/innobase.dir/clone/clone0repl.cc.o
[ 95%] Building CXX object storage/innobase/CMakeFiles/innobase.dir/dict/dict0boot.cc.o
[ 95%] Building CXX object storage/innobase/CMakeFiles/innobase.dir/data/data0type.cc.o
[ 95%] Building CXX object storage/innobase/CMakeFiles/innobase.dir/dict/dict0load.cc.o
[ 95%] Building CXX object storage/innobase/CMakeFiles/innobase.dir/dict/dict0dd.cc.o
[ 95%] Building CXX object storage/innobase/CMakeFiles/innobase.dir/dict/dict0crea.cc.o
[ 95%] Building CXX object storage/innobase/CMakeFiles/innobase.dir/dict/dict0sdi.cc.o
[ 95%] Building CXX object storage/innobase/CMakeFiles/innobase.dir/dict/dict0stats.cc.o
[ 95%] Building CXX object storage/innobase/CMakeFiles/innobase.dir/dict/dict0mem.cc.o
[ 95%] Building CXX object storage/innobase/CMakeFiles/innobase.dir/dict/dict0dict.cc.o
[ 95%] Building CXX object storage/innobase/CMakeFiles/innobase.dir/dict/dict0inst.cc.o
[ 95%] Building CXX object storage/innobase/CMakeFiles/innobase.dir/dict/dict0upgrade.cc.o
[ 95%] Building CXX object storage/innobase/CMakeFiles/innobase.dir/ddl/ddl0buffer.cc.o
[ 95%] Building CXX object storage/innobase/CMakeFiles/innobase.dir/ddl/ddl0fts.cc.o
[ 95%] Building CXX object storage/innobase/CMakeFiles/innobase.dir/dict/dict0stats_bg.cc.o
[ 95%] Building CXX object storage/innobase/CMakeFiles/innobase.dir/ddl/ddl0builder.cc.o
[ 95%] Building CXX object storage/innobase/CMakeFiles/innobase.dir/ddl/ddl0merge.cc.o
[ 95%] Building CXX object storage/innobase/CMakeFiles/innobase.dir/ddl/ddl0ddl.cc.o
[ 95%] Building CXX object storage/innobase/CMakeFiles/innobase.dir/ddl/ddl0rtree.cc.o
[ 95%] Building CXX object storage/innobase/CMakeFiles/innobase.dir/ddl/ddl0ctx.cc.o
[ 95%] Building CXX object storage/innobase/CMakeFiles/innobase.dir/ddl/ddl0bulk.cc.o
[ 95%] Building CXX object storage/innobase/CMakeFiles/innobase.dir/ddl/ddl0file-reader.cc.o
[ 95%] Building CXX object storage/innobase/CMakeFiles/innobase.dir/fil/fil0fil.cc.o
[ 95%] Building CXX object storage/innobase/CMakeFiles/innobase.dir/ddl/ddl0loader.cc.o
[ 95%] Building CXX object storage/innobase/CMakeFiles/innobase.dir/fsp/fsp0fsp.cc.o
[ 95%] Building CXX object storage/innobase/CMakeFiles/innobase.dir/fsp/fsp0space.cc.o
[ 95%] Building CXX object storage/innobase/CMakeFiles/innobase.dir/fsp/fsp0file.cc.o
[ 95%] Building CXX object storage/innobase/CMakeFiles/innobase.dir/eval/eval0eval.cc.o
[ 95%] Building CXX object storage/innobase/CMakeFiles/innobase.dir/ddl/ddl0par-scan.cc.o
[ 95%] Building CXX object storage/innobase/CMakeFiles/innobase.dir/fsp/fsp0sysspace.cc.o
[ 95%] Building CXX object storage/innobase/CMakeFiles/innobase.dir/eval/eval0proc.cc.o
[ 96%] Building CXX object storage/innobase/CMakeFiles/innobase.dir/ha/ha0ha.cc.o
[ 96%] Building CXX object storage/innobase/CMakeFiles/innobase.dir/ha/hash0hash.cc.o
[ 96%] Building CXX object storage/innobase/CMakeFiles/innobase.dir/fts/fts0fts.cc.o
[ 96%] Building CXX object storage/innobase/CMakeFiles/innobase.dir/fts/fts0ast.cc.o
[ 96%] Building CXX object storage/innobase/CMakeFiles/innobase.dir/fut/fut0lst.cc.o
[ 96%] Building CXX object storage/innobase/CMakeFiles/innobase.dir/fts/fts0opt.cc.o
[ 96%] Building CXX object storage/innobase/CMakeFiles/innobase.dir/fts/fts0pars.cc.o
[ 96%] Building CXX object storage/innobase/CMakeFiles/innobase.dir/ha/ha0storage.cc.o
[ 96%] Building CXX object storage/innobase/CMakeFiles/innobase.dir/fts/fts0que.cc.o
[ 96%] Building CXX object storage/innobase/CMakeFiles/innobase.dir/fts/fts0sql.cc.o
[ 96%] Building CXX object storage/innobase/CMakeFiles/innobase.dir/fts/fts0blex.cc.o
[ 96%] Building CXX object storage/innobase/CMakeFiles/innobase.dir/gis/gis0geo.cc.o
[ 96%] Building CXX object storage/innobase/CMakeFiles/innobase.dir/fts/fts0config.cc.o
[ 96%] Building CXX object storage/innobase/CMakeFiles/innobase.dir/gis/gis0rtree.cc.o
[ 96%] Building CXX object storage/innobase/CMakeFiles/innobase.dir/gis/gis0sea.cc.o
[ 96%] Building CXX object storage/innobase/CMakeFiles/innobase.dir/fts/fts0plugin.cc.o
[ 96%] Building CXX object storage/innobase/CMakeFiles/innobase.dir/fts/fts0tlex.cc.o
[ 96%] Building CXX object storage/innobase/CMakeFiles/innobase.dir/handler/ha0check.cc.o
[ 96%] Building CXX object storage/innobase/CMakeFiles/innobase.dir/handler/ha_innodb.cc.o
[ 96%] Building CXX object storage/innobase/CMakeFiles/innobase.dir/handler/ha_innopart.cc.o
[ 96%] Building CXX object storage/innobase/CMakeFiles/innobase.dir/handler/vec0vec.cc.o
[ 96%] Building CXX object storage/innobase/CMakeFiles/innobase.dir/handler/p_s.cc.o
[ 96%] Building CXX object storage/innobase/CMakeFiles/innobase.dir/vec/vec0aux.cc.o
[ 96%] Building CXX object storage/innobase/CMakeFiles/innobase.dir/vec/vec0label.cc.o
[ 96%] Building CXX object storage/innobase/CMakeFiles/innobase.dir/handler/handler0alter.cc.o
[ 96%] Building CXX object storage/innobase/CMakeFiles/innobase.dir/handler/xtradb_i_s.cc.o
[ 96%] Building CXX object storage/innobase/CMakeFiles/innobase.dir/handler/i_s.cc.o
[ 96%] Building CXX object storage/innobase/CMakeFiles/innobase.dir/ibuf/ibuf0ibuf.cc.o
[ 96%] Building CXX object storage/innobase/CMakeFiles/innobase.dir/vec/vec0index.cc.o
[ 96%] Building CXX object storage/innobase/CMakeFiles/innobase.dir/lob/lob0first.cc.o
[ 96%] Building CXX object storage/innobase/CMakeFiles/innobase.dir/vec/vec0arena.cc.o
[ 96%] Building CXX object storage/innobase/CMakeFiles/innobase.dir/lob/lob0index.cc.o
[ 96%] Building CXX object storage/innobase/CMakeFiles/innobase.dir/vec/vec0hnsw.cc.o
[ 96%] Building CXX object storage/innobase/CMakeFiles/innobase.dir/lob/lob0impl.cc.o
[ 96%] Building CXX object storage/innobase/CMakeFiles/innobase.dir/lob/lob0ins.cc.o
[ 96%] Building CXX object storage/innobase/CMakeFiles/innobase.dir/lob/lob0bulk.cc.o
[ 96%] Building CXX object storage/innobase/CMakeFiles/innobase.dir/lob/lob0purge.cc.o
[ 96%] Building CXX object storage/innobase/CMakeFiles/innobase.dir/vec/vec0dml.cc.o
[ 96%] Building CXX object storage/innobase/CMakeFiles/innobase.dir/lob/lob0pages.cc.o
[ 96%] Building CXX object storage/innobase/CMakeFiles/innobase.dir/lob/lob0undo.cc.o
[ 96%] Building CXX object storage/innobase/CMakeFiles/innobase.dir/lob/zlob0index.cc.o
[ 96%] Building CXX object storage/innobase/CMakeFiles/innobase.dir/lob/zlob0ins.cc.o
[ 96%] Building CXX object storage/innobase/CMakeFiles/innobase.dir/lob/lob0lob.cc.o
[ 96%] Building CXX object storage/innobase/CMakeFiles/innobase.dir/lob/lob0update.cc.o
[ 96%] Building CXX object storage/innobase/CMakeFiles/innobase.dir/lob/lob0del.cc.o
[ 96%] Building CXX object storage/innobase/CMakeFiles/innobase.dir/lob/zlob0update.cc.o
[ 96%] Building CXX object storage/innobase/CMakeFiles/innobase.dir/lob/lob0util.cc.o
[ 97%] Building CXX object storage/innobase/CMakeFiles/innobase.dir/lob/zlob0first.cc.o
[ 97%] Building CXX object storage/innobase/CMakeFiles/innobase.dir/lock/lock0guards.cc.o
[ 97%] Building CXX object storage/innobase/CMakeFiles/innobase.dir/lob/zlob0read.cc.o
[ 97%] Building CXX object storage/innobase/CMakeFiles/innobase.dir/lock/lock0prdt.cc.o
[ 97%] Building CXX object storage/innobase/CMakeFiles/innobase.dir/lock/lock0lock.cc.o
[ 97%] Building CXX object storage/innobase/CMakeFiles/innobase.dir/log/log0chkp.cc.o
[ 97%] Building CXX object storage/innobase/CMakeFiles/innobase.dir/log/log0buf.cc.o
[ 97%] Building CXX object storage/innobase/CMakeFiles/innobase.dir/lock/lock0iter.cc.o
[ 97%] Building CXX object storage/innobase/CMakeFiles/innobase.dir/log/log0files_dict.cc.o
[ 97%] Building CXX object storage/innobase/CMakeFiles/innobase.dir/log/log0encryption.cc.o
[ 97%] Building CXX object storage/innobase/CMakeFiles/innobase.dir/lock/lock0latches.cc.o
[ 97%] Building CXX object storage/innobase/CMakeFiles/innobase.dir/log/log0consumer.cc.o
[ 97%] Building CXX object storage/innobase/CMakeFiles/innobase.dir/lock/lock0wait.cc.o
[ 97%] Building CXX object storage/innobase/CMakeFiles/innobase.dir/log/log0files_finder.cc.o
[ 97%] Building CXX object storage/innobase/CMakeFiles/innobase.dir/log/log0ddl.cc.o
[ 97%] Building CXX object storage/innobase/CMakeFiles/innobase.dir/log/log0files_capacity.cc.o
[ 97%] Building CXX object storage/innobase/CMakeFiles/innobase.dir/log/log0files_io.cc.o
[ 97%] Building CXX object storage/innobase/CMakeFiles/innobase.dir/log/log0files_governor.cc.o
[ 97%] Building CXX object storage/innobase/CMakeFiles/innobase.dir/log/log0log.cc.o
[ 97%] Building CXX object storage/innobase/CMakeFiles/innobase.dir/mtr/mtr0mtr.cc.o
[ 97%] Building CXX object storage/innobase/CMakeFiles/innobase.dir/log/log0pre_8_0_30.cc.o
[ 97%] Building CXX object storage/innobase/CMakeFiles/innobase.dir/log/log0meb.cc.o
[ 97%] Building CXX object storage/innobase/CMakeFiles/innobase.dir/os/os0file.cc.o
[ 97%] Building CXX object storage/innobase/CMakeFiles/innobase.dir/log/log0recv.cc.o
[ 97%] Building CXX object storage/innobase/CMakeFiles/innobase.dir/mach/mach0data.cc.o
[ 97%] Building CXX object storage/innobase/CMakeFiles/innobase.dir/os/os0proc.cc.o
[ 97%] Building CXX object storage/innobase/CMakeFiles/innobase.dir/log/log0write.cc.o
[ 97%] Building CXX object storage/innobase/CMakeFiles/innobase.dir/log/log0pfs.cc.o
[ 97%] Building CXX object storage/innobase/CMakeFiles/innobase.dir/os/os0enc.cc.o
[ 97%] Building CXX object storage/innobase/CMakeFiles/innobase.dir/mtr/mtr0log.cc.o
[ 97%] Building CXX object storage/innobase/CMakeFiles/innobase.dir/log/log0test.cc.o
[ 97%] Building CXX object storage/innobase/CMakeFiles/innobase.dir/page/page0cur.cc.o
[ 97%] Building CXX object storage/innobase/CMakeFiles/innobase.dir/page/page0zip.cc.o
[ 97%] Building CXX object storage/innobase/CMakeFiles/innobase.dir/os/os0populate.cc.o
[ 97%] Building CXX object storage/innobase/CMakeFiles/innobase.dir/page/page0page.cc.o
[ 97%] Building CXX object storage/innobase/CMakeFiles/innobase.dir/os/os0event.cc.o
[ 97%] Building CXX object storage/innobase/CMakeFiles/innobase.dir/pars/lexyy.cc.o
[ 97%] Building CXX object storage/innobase/CMakeFiles/innobase.dir/pars/pars0pars.cc.o
[ 97%] Building CXX object storage/innobase/CMakeFiles/innobase.dir/pars/pars0sym.cc.o
[ 97%] Building CXX object storage/innobase/CMakeFiles/innobase.dir/pars/pars0opt.cc.o
[ 97%] Building CXX object storage/innobase/CMakeFiles/innobase.dir/pars/pars0grm.cc.o
[ 97%] Building CXX object storage/innobase/CMakeFiles/innobase.dir/que/que0que.cc.o
[ 97%] Building CXX object storage/innobase/CMakeFiles/innobase.dir/rem/rem0rec.cc.o
[ 97%] Building CXX object storage/innobase/CMakeFiles/innobase.dir/row/row0ext.cc.o
[ 97%] Building CXX object storage/innobase/CMakeFiles/innobase.dir/read/read0read.cc.o
[ 98%] Building CXX object storage/innobase/CMakeFiles/innobase.dir/row/row0import.cc.o
[ 98%] Building CXX object storage/innobase/CMakeFiles/innobase.dir/row/row0ins.cc.o
[ 98%] Building CXX object storage/innobase/CMakeFiles/innobase.dir/row/row0mysql.cc.o
[ 98%] Building CXX object storage/innobase/CMakeFiles/innobase.dir/rem/rem0cmp.cc.o
[ 98%] Building CXX object storage/innobase/CMakeFiles/innobase.dir/rem/rem0wrec.cc.o
[ 98%] Building CXX object storage/innobase/CMakeFiles/innobase.dir/row/row0pread-adapter.cc.o
[ 98%] Building CXX object storage/innobase/CMakeFiles/innobase.dir/row/row0pread-histogram.cc.o
[ 98%] Building CXX object storage/innobase/CMakeFiles/innobase.dir/row/row0purge.cc.o
[ 98%] Building CXX object storage/innobase/CMakeFiles/innobase.dir/row/row0pread.cc.o
[ 98%] Building CXX object storage/innobase/CMakeFiles/innobase.dir/row/row0log.cc.o
[ 98%] Building CXX object storage/innobase/CMakeFiles/innobase.dir/row/row0quiesce.cc.o
[ 98%] Building CXX object storage/innobase/CMakeFiles/innobase.dir/row/row0umod.cc.o
[ 98%] Building CXX object storage/innobase/CMakeFiles/innobase.dir/row/row0upd.cc.o
[ 98%] Building CXX object storage/innobase/CMakeFiles/innobase.dir/row/row0undo.cc.o
[ 98%] Building CXX object storage/innobase/CMakeFiles/innobase.dir/row/row0row.cc.o
[ 98%] Building CXX object storage/innobase/CMakeFiles/innobase.dir/srv/srv0conc.cc.o
[ 98%] Building CXX object storage/innobase/CMakeFiles/innobase.dir/row/row0vers.cc.o
[ 98%] Building CXX object storage/innobase/CMakeFiles/innobase.dir/row/row0uins.cc.o
[ 98%] Building CXX object storage/innobase/CMakeFiles/innobase.dir/row/row0sel.cc.o
[ 98%] Building CXX object storage/innobase/CMakeFiles/innobase.dir/srv/srv0srv.cc.o
[ 98%] Building CXX object storage/innobase/CMakeFiles/innobase.dir/srv/srv0start.cc.o
[ 98%] Building CXX object storage/innobase/CMakeFiles/innobase.dir/srv/srv0mon.cc.o
[ 98%] Building CXX object storage/innobase/CMakeFiles/innobase.dir/sync/sync0arr.cc.o
[ 98%] Building CXX object storage/innobase/CMakeFiles/innobase.dir/srv/srv0tmp.cc.o
[ 98%] Building CXX object storage/innobase/CMakeFiles/innobase.dir/sync/sync0rw.cc.o
[ 98%] Building CXX object storage/innobase/CMakeFiles/innobase.dir/sync/sync0sync.cc.o
[ 98%] Building CXX object storage/innobase/CMakeFiles/innobase.dir/trx/trx0purge.cc.o
[ 98%] Building CXX object storage/innobase/CMakeFiles/innobase.dir/trx/trx0roll.cc.o
[ 98%] Building CXX object storage/innobase/CMakeFiles/innobase.dir/trx/trx0i_s.cc.o
[ 98%] Building CXX object storage/innobase/CMakeFiles/innobase.dir/sync/sync0debug.cc.o
[ 98%] Building CXX object storage/innobase/CMakeFiles/innobase.dir/trx/trx0sys.cc.o
[ 98%] Building CXX object storage/innobase/CMakeFiles/innobase.dir/trx/trx0rseg.cc.o
[ 98%] Building CXX object storage/innobase/CMakeFiles/innobase.dir/trx/trx0rec.cc.o
[ 98%] Building CXX object storage/innobase/CMakeFiles/innobase.dir/trx/trx0trx.cc.o
[ 98%] Building CXX object storage/innobase/CMakeFiles/innobase.dir/ut/ut0dbg.cc.o
[ 98%] Building CXX object storage/innobase/CMakeFiles/innobase.dir/ut/ut0list.cc.o
[ 98%] Building CXX object storage/innobase/CMakeFiles/innobase.dir/usr/usr0sess.cc.o
[ 98%] Building CXX object storage/innobase/CMakeFiles/innobase.dir/trx/trx0undo.cc.o
[ 98%] Building CXX object storage/innobase/CMakeFiles/innobase.dir/ut/ut0rbt.cc.o
[ 98%] Building CXX object storage/innobase/CMakeFiles/innobase.dir/ut/ut0math.cc.o
[ 98%] Building CXX object storage/innobase/CMakeFiles/innobase.dir/ut/ut0mem.cc.o
[ 98%] Building CXX object storage/innobase/CMakeFiles/innobase.dir/ut/ut0new.cc.o
[ 98%] Building CXX object storage/innobase/CMakeFiles/innobase.dir/ut/ut0vec.cc.o
[ 98%] Building CXX object storage/innobase/CMakeFiles/innobase.dir/ut/ut0test.cc.o
[ 98%] Building CXX object storage/innobase/CMakeFiles/innobase.dir/ut/ut0wqueue.cc.o
[ 98%] Building CXX object storage/innobase/CMakeFiles/innobase.dir/ut/ut0rnd.cc.o
[ 98%] Building CXX object storage/innobase/CMakeFiles/innobase.dir/ut/ut0ut.cc.o
[ 98%] Building CXX object storage/innobase/CMakeFiles/innobase.dir/buf/checksum.cc.o
[ 98%] Building CXX object storage/innobase/CMakeFiles/innobase.dir/buf/buf.cc.o
[100%] Building CXX object storage/innobase/CMakeFiles/innobase.dir/dict/dict.cc.o
[100%] Building CXX object storage/innobase/CMakeFiles/innobase.dir/os/os0thread.cc.o
[100%] Building CXX object storage/innobase/CMakeFiles/innobase.dir/ut/crc32.cc.o
[100%] Building CXX object storage/innobase/CMakeFiles/innobase.dir/mem/memory.cc.o
[100%] Building CXX object storage/innobase/CMakeFiles/innobase.dir/dict/mem.cc.o
[100%] Building CXX object storage/innobase/CMakeFiles/innobase.dir/os/file.cc.o
[100%] Building CXX object storage/innobase/CMakeFiles/innobase.dir/page/zipdecompress.cc.o
[100%] Building CXX object storage/innobase/CMakeFiles/innobase.dir/rem/rec.cc.o
[100%] Building CXX object storage/innobase/CMakeFiles/innobase.dir/ut/ut.cc.o
[100%] Linking CXX static library libinnobase.a
[100%] Built target innobase
[100%] Building CXX object sql/CMakeFiles/mysqld.dir/partitioning/partition_base.cc.o
[100%] Building CXX object sql/CMakeFiles/mysqld.dir/main.cc.o
[100%] Linking CXX executable ../runtime_output_directory/mysqld
[100%] Built target mysqld
[100%] Generating Docs/INFO_BIN
[100%] Built target INFO_BIN
Logging: /home/satya/WORK/vector/vec-memory-i-s-base/mysql-test/mysql-test-run.pl  --mysqld=--log-error-suppression-list=MY-011873,MY-011879,MY-011875 --force main.temptable_status_vars main.user_host_name
MySQL Version 9.7.1
Checking supported features
 - Binaries are debug compiled
Using 'all' suites
Collecting tests
Removing old var directory
Creating var directory '/home/satya/WORK/vector/vec-memory-i-s-base/bld/mysql-test/var'
Installing system database
Using parallel: 1
ports_per_thread:30

==============================================================================
                  TEST NAME                       RESULT  TIME (ms) COMMENT
------------------------------------------------------------------------------
[ 33%] main.temptable_status_vars                [ fail ]
        Test ended at 2026-10-05 16:04:44

CURRENT_TEST: main.temptable_status_vars
--- /home/satya/WORK/vector/vec-memory-i-s-base/mysql-test/r/temptable_status_vars.result	2026-10-05 19:03:07.655310904 +0300
+++ /home/satya/WORK/vector/vec-memory-i-s-base/bld/mysql-test/var/log/temptable_status_vars.reject	2026-10-05 19:04:42.706862379 +0300
@@ -87,7 +87,7 @@
 Variable_name	Value
 Created_tmp_tables	1
 Variable_name	Value
-Created_tmp_disk_tables	0
+Created_tmp_disk_tables	1
 Variable_name	Value
 Count_hit_tmp_table_size	0
 # TempTable_count_hit_max_ram is 7 because statements to show these

mysqltest: Result content mismatch


The result from queries just before the failure was:
SELECT @@SESSION.internal_tmp_mem_storage_engine;
@@SESSION.internal_tmp_mem_storage_engine
TempTable
SELECT @@SESSION.tmp_table_size;
@@SESSION.tmp_table_size
16777216
SELECT @@GLOBAL.temptable_max_mmap;
@@GLOBAL.temptable_max_mmap
0
#
# Test case#1 RAM limit spill over.
#
SET @@GLOBAL.temptable_max_ram=2*1024*1024;
CALL print_status_variables('global');
Variable_name	Value
Count_hit_tmp_table_size	0
Variable_name	Value
TempTable_count_hit_max_ram	0
# There must be a tmp table created on disk after the
# memory limit of TempTable engine was exhausted

connection con1;
FLUSH STATUS;

SELECT c1, COUNT(DISTINCT(c2)) FROM lob_table GROUP BY c1;
c1	COUNT(DISTINCT(c2))
1	1
2	1
3	1

CALL print_status_variables('session');
Variable_name	Value
Created_tmp_tables	1
Variable_name	Value
Created_tmp_disk_tables	1
Variable_name	Value
Count_hit_tmp_table_size	0
CALL print_status_variables('global');
Variable_name	Value
Count_hit_tmp_table_size	0
Variable_name	Value
TempTable_count_hit_max_ram	1

connection con2;
FLUSH STATUS;

SELECT c1, COUNT(DISTINCT(c2)) FROM lob_table GROUP BY c1;
c1	COUNT(DISTINCT(c2))
1	1
2	1
3	1

# Count of Created_tmp_disk_tables is not changed due to Bug#36845804
CALL print_status_variables('session');
Variable_name	Value
Created_tmp_tables	1
Variable_name	Value
Created_tmp_disk_tables	1
Variable_name	Value
Count_hit_tmp_table_size	0
# TempTable_count_hit_max_ram is 7 because statements to show these
# status variables also use temp tables. Engine already exceeded the
# memory limit exceeded when SELECT query executed in the first
# iterataion. This count is accumulation of the hits after that.
CALL print_status_variables('global');
Variable_name	Value
Count_hit_tmp_table_size	0
Variable_name	Value
TempTable_count_hit_max_ram	7

connection default;
CALL print_status_variables('global');
Variable_name	Value
Count_hit_tmp_table_size	0
Variable_name	Value
TempTable_count_hit_max_ram	7
SELECT VARIABLE_NAME, VARIABLE_VALUE
FROM performance_schema.global_status WHERE
VARIABLE_NAME = 'Count_hit_tmp_table_size' OR
VARIABLE_NAME = 'TempTable_count_hit_max_ram' ORDER BY VARIABLE_NAME;
VARIABLE_NAME	VARIABLE_VALUE
Count_hit_tmp_table_size	0
TempTable_count_hit_max_ram	7
SET @@GLOBAL.temptable_max_ram=default;

# Repeat the query again. Status variables count should not change
# from the previous run
connection con1;
FLUSH STATUS;

SELECT c1, COUNT(DISTINCT(c2)) FROM lob_table GROUP BY c1;
c1	COUNT(DISTINCT(c2))
1	1
2	1
3	1

CALL print_status_variables('session');
Variable_name	Value
Created_tmp_tables	1
Variable_name	Value
Created_tmp_disk_tables	0
Variable_name	Value
Count_hit_tmp_table_size	0

connection con2;
FLUSH STATUS;

SELECT c1, COUNT(DISTINCT(c2)) FROM lob_table GROUP BY c1;
c1	COUNT(DISTINCT(c2))
1	1
2	1
3	1

CALL print_status_variables('session');
Variable_name	Value
Created_tmp_tables	1
Variable_name	Value
Created_tmp_disk_tables	0
Variable_name	Value
Count_hit_tmp_table_size	0

connection default;
CALL print_status_variables('global');
Variable_name	Value
Count_hit_tmp_table_size	0
Variable_name	Value
TempTable_count_hit_max_ram	7

#
# Test case#2 RAM + MMAP limit spill over.
#
FLUSH STATUS;
SET @@GLOBAL.temptable_max_ram=2*1024*1024;
SET @@GLOBAL.temptable_max_mmap=2*1024*1024;
CALL print_status_variables('global');
Variable_name	Value
Count_hit_tmp_table_size	0
Variable_name	Value
TempTable_count_hit_max_ram	7
# There must be a tmp table created on disk in MMAP after the RAM limit
# of TempTable engine is exausted

connection con1;
FLUSH STATUS;

SELECT c1, COUNT(DISTINCT(c2)) FROM lob_table GROUP BY c1;
c1	COUNT(DISTINCT(c2))
1	1
2	1
3	1

CALL print_status_variables('session');
Variable_name	Value
Created_tmp_tables	1
Variable_name	Value
Created_tmp_disk_tables	1
Variable_name	Value
Count_hit_tmp_table_size	0
CALL print_status_variables('global');
Variable_name	Value
Count_hit_tmp_table_size	0
Variable_name	Value
TempTable_count_hit_max_ram	8

connection con2;
FLUSH STATUS;

SELECT c1, COUNT(DISTINCT(c2)) FROM lob_table GROUP BY c1;
c1	COUNT(DISTINCT(c2))
1	1
2	1
3	1

CALL print_status_variables('session');
Variable_name	Value
Created_tmp_tables	1
Variable_name	Value
Created_tmp_disk_tables	1
Variable_name	Value
Count_hit_tmp_table_size	0
CALL print_status_variables('global');
Variable_name	Value
Count_hit_tmp_table_size	0
Variable_name	Value
TempTable_count_hit_max_ram	9

connection default;
CALL print_status_variables('global');
Variable_name	Value
Count_hit_tmp_table_size	0
Variable_name	Value
TempTable_count_hit_max_ram	9
# Test cleanup
SET @@GLOBAL.temptable_max_ram=default
SET @@GLOBAL.temptable_max_mmap=default;

#
# Test case#3 tmp table size exceeds the tmp_table_size
#
SELECT @@internal_tmp_mem_storage_engine;
@@internal_tmp_mem_storage_engine
TempTable
CALL print_status_variables('global');
Variable_name	Value
Count_hit_tmp_table_size	0
Variable_name	Value
TempTable_count_hit_max_ram	9
# There must be a tmp table created on disk because TempTable
# engine found that table size exceeded the tmp_table_size

connection con1;
SET @@SESSION.tmp_table_size=2*1024;
Warnings:
Warning	48040	Tmp_table_size is set below 1MiB. The TEMPTABLE engine requires at least 1MiB table size, and will use that value instead. Please increase the limit to silence this warning.
SET @@GLOBAL.temptable_max_ram=default;
FLUSH STATUS;

SELECT c1, COUNT(DISTINCT(c2)) FROM lob_table GROUP BY c1;
c1	COUNT(DISTINCT(c2))
1	1
2	1
3	1

# Count of Created_tmp_disk_tables is not changed due to Bug#36845804
CALL print_status_variables('session');
Variable_name	Value
Created_tmp_tables	1
Variable_name	Value
Created_tmp_disk_tables	1
Variable_name	Value
Count_hit_tmp_table_size	1
CALL print_status_variables('global');
Variable_name	Value
Count_hit_tmp_table_size	1
Variable_name	Value
TempTable_count_hit_max_ram	9

connection con2;
SET @@SESSION.tmp_table_size=2*1024;
Warnings:
Warning	48040	Tmp_table_size is set below 1MiB. The TEMPTABLE engine requires at least 1MiB table size, and will use that value instead. Please increase the limit to silence this warning.
SET @@GLOBAL.temptable_max_ram=default;
FLUSH STATUS;

SELECT c1, COUNT(DISTINCT(c2)) FROM lob_table GROUP BY c1;
c1	COUNT(DISTINCT(c2))
1	1
2	1
3	1

# Count of Created_tmp_disk_tables is not changed due to Bug#36845804
CALL print_status_variables('session');
Variable_name	Value
Created_tmp_tables	1
Variable_name	Value
Created_tmp_disk_tables	1
Variable_name	Value
Count_hit_tmp_table_size	1
CALL print_status_variables('global');
Variable_name	Value
Count_hit_tmp_table_size	2
Variable_name	Value
TempTable_count_hit_max_ram	9

connection default;
CALL print_status_variables('global');
Variable_name	Value
Count_hit_tmp_table_size	2
Variable_name	Value
TempTable_count_hit_max_ram	9
SELECT VARIABLE_NAME, VARIABLE_VALUE
FROM performance_schema.global_status WHERE
VARIABLE_NAME = 'Count_hit_tmp_table_size' OR
VARIABLE_NAME = 'TempTable_count_hit_max_ram' ORDER BY VARIABLE_NAME;
VARIABLE_NAME	VARIABLE_VALUE
Count_hit_tmp_table_size	2
TempTable_count_hit_max_ram	9
# Test Cleanup
SET @@SESSION.tmp_table_size=default

#
# Test case#4 Table exceeds the tmp_table_size and memory limit both
#
SET @@SESSION.tmp_table_size=2*1024;
Warnings:
Warning	48040	Tmp_table_size is set below 1MiB. The TEMPTABLE engine requires at least 1MiB table size, and will use that value instead. Please increase the limit to silence this warning.
SET @@GLOBAL.temptable_max_ram=2*1024*1024;
CALL print_status_variables('global');
Variable_name	Value
Count_hit_tmp_table_size	2
Variable_name	Value
TempTable_count_hit_max_ram	9
FLUSH STATUS;

SELECT c1, COUNT(DISTINCT(c2)) FROM lob_table GROUP BY c1;
c1	COUNT(DISTINCT(c2))
1	1
2	1
3	1

# Should be no different than the previous case
# where table size exceeded the tmp_table_size

# Count of Created_tmp_disk_tables is not changed due to Bug#36845804
CALL print_status_variables('session');
Variable_name	Value
Created_tmp_tables	1
Variable_name	Value
Created_tmp_disk_tables	1
Variable_name	Value
Count_hit_tmp_table_size	0
SELECT VARIABLE_NAME, VARIABLE_VALUE
FROM performance_schema.session_status WHERE
VARIABLE_NAME LIKE 'Created_tmp%tables' OR
VARIABLE_NAME = 'Count_hit_tmp_table_size' ORDER BY VARIABLE_NAME;
VARIABLE_NAME	VARIABLE_VALUE
Count_hit_tmp_table_size	0
Created_tmp_disk_tables	1
Created_tmp_tables	1
CALL print_status_variables('global');
Variable_name	Value
Count_hit_tmp_table_size	2
Variable_name	Value
TempTable_count_hit_max_ram	10
# Test cleanup
SET @@SESSION.tmp_table_size=default
SET @@GLOBAL.temptable_max_ram=default;

#
# Test case#5 big_tables test
#
SET @@SESSION.big_tables=ON;
SELECT @@internal_tmp_mem_storage_engine;
@@internal_tmp_mem_storage_engine
TempTable
CALL print_status_variables('global');
Variable_name	Value
Count_hit_tmp_table_size	2
Variable_name	Value
TempTable_count_hit_max_ram	10
FLUSH STATUS;

SELECT c1, COUNT(DISTINCT(c2)) FROM lob_table GROUP BY c1;
c1	COUNT(DISTINCT(c2))
1	1
2	1
3	1

# Tables are created on the disk directly
CALL print_status_variables('session');
Variable_name	Value
Created_tmp_tables	1
Variable_name	Value
Created_tmp_disk_tables	1
Variable_name	Value
Count_hit_tmp_table_size	0
CALL print_status_variables('global');
Variable_name	Value
Count_hit_tmp_table_size	2
Variable_name	Value
TempTable_count_hit_max_ram	10

# Test cleanup
SET @@SESSION.big_tables=default;

##################################
# MEMORY engine related tests
##################################
SET @@SESSION.internal_tmp_mem_storage_engine=MEMORY;
SELECT @@internal_tmp_mem_storage_engine;
@@internal_tmp_mem_storage_engine
MEMORY

#
# Test case#6 RAM limit spill over.
#
SET @@SESSION.max_heap_table_size=2*1024*1024;
SELECT @@max_heap_table_size;
@@max_heap_table_size
2097152
CALL print_status_variables('global');
Variable_name	Value
Count_hit_tmp_table_size	2
Variable_name	Value
TempTable_count_hit_max_ram	10
FLUSH STATUS;

SELECT c1, COUNT(DISTINCT(c2)) FROM lob_table GROUP BY c1;
c1	COUNT(DISTINCT(c2))
1	1
2	1
3	1

# MEMORY engine doesn't support blob columns so
# it creates the temp table on disk directly
CALL print_status_variables('session');
Variable_name	Value
Created_tmp_tables	1
Variable_name	Value
Created_tmp_disk_tables	1
Variable_name	Value
Count_hit_tmp_table_size	0
CALL print_status_variables('global');
Variable_name	Value
Count_hit_tmp_table_size	2
Variable_name	Value
TempTable_count_hit_max_ram	10
# Let us try with a CTE this time
SET @@SESSION.max_heap_table_size=16384;
SET cte_max_recursion_depth=5000;
FLUSH STATUS;

WITH RECURSIVE cte (c) as
(SELECT 1 UNION ALL SELECT 1+c FROM cte WHERE c < 2000)
SELECT MIN(c), MAX(c), AVG(c) FROM cte;
MIN(c)	MAX(c)	AVG(c)
1	2000	1000.5000

# tmp table must be converted from in-memory to on-disk after the table
# size would have exceeded the max_table_size aka max_heap_table_size
# TempTable_count_hit_max_ram must remain unaffected
CALL print_status_variables('session');
Variable_name	Value
Created_tmp_tables	1
Variable_name	Value
Created_tmp_disk_tables	1
Variable_name	Value
Count_hit_tmp_table_size	1
SET @@SESSION.max_heap_table_size=default;

#
# Test case#7 table size exceeds tmp_table_size
#
SET @@SESSION.tmp_table_size=2*1024;
Warnings:
Warning	48040	Tmp_table_size is set below 1MiB. The TEMPTABLE engine requires at least 1MiB table size, and will use that value instead. Please increase the limit to silence this warning.
FLUSH STATUS;

WITH RECURSIVE cte (c) as
(SELECT 1 UNION ALL SELECT 1+c FROM cte WHERE c < 2000)
SELECT MIN(c), MAX(c), AVG(c) FROM cte;
MIN(c)	MAX(c)	AVG(c)
1	2000	1000.5000

# MEMORY engine calculates the max_rows to hold as
# min(tmp_table_size, max_heap_table_size). It fallsback to on-disk
# TempTable_count_hit_max_ram must remain unaffected.
CALL print_status_variables('session');
Variable_name	Value
Created_tmp_tables	1
Variable_name	Value
Created_tmp_disk_tables	0
Variable_name	Value
Count_hit_tmp_table_size	0
SELECT VARIABLE_NAME, VARIABLE_VALUE
FROM performance_schema.session_status WHERE
VARIABLE_NAME LIKE 'Created_tmp%tables' OR
VARIABLE_NAME = 'Count_hit_tmp_table_size' ORDER BY VARIABLE_NAME;
VARIABLE_NAME	VARIABLE_VALUE
Count_hit_tmp_table_size	0
Created_tmp_disk_tables	0
Created_tmp_tables	1

#
# Test case#8 big_table test
#
SET @@SESSION.big_tables=ON;
SELECT @@internal_tmp_mem_storage_engine;
@@internal_tmp_mem_storage_engine
MEMORY
SELECT @@max_heap_table_size;
@@max_heap_table_size
16777216
SELECT @@tmp_table_size;
@@tmp_table_size
1048576
FLUSH STATUS;

SELECT c1, COUNT(DISTINCT(c2)) FROM lob_table GROUP BY c1;
c1	COUNT(DISTINCT(c2))
1	1
2	1
3	1

# Tables are created on the disk directly
CALL print_status_variables('session');
Variable_name	Value
Created_tmp_tables	1
Variable_name	Value
Created_tmp_disk_tables	1
Variable_name	Value
Count_hit_tmp_table_size	0
# Test cleanup
SET @@SESSION.big_tables=default;
# Final cleanup
SET @@SESSION.internal_tmp_mem_storage_engine=default;
DROP TABLE lob_table;
DROP PROCEDURE print_status_variables;
disconnect con1;
disconnect con2;
safe_process[588807]: Child process: 588808, exit: 1



Server [mysqld.1 - pid: 588812, winpid: 588812] log: 
Server log from this test:
----------SERVER LOG START-----------
2026-10-05T16:04:32.827229Z 0 [Note] [MY-013667] [Server] Error-log destination "stderr" is not a file. Can not restore error log messages from previous run.
2026-10-05T16:04:32.652289Z 0 [System] [MY-015015] [Server] MySQL Server - start.
2026-10-05T16:04:32.822211Z 0 [Warning] [MY-013711] [Server] Manifest file '/home/satya/WORK/vector/vec-memory-i-s-base/bld/runtime_output_directory/mysqld.my' is not read-only. For better security, please make sure that the file is read-only.
2026-10-05T16:04:32.823850Z 0 [Warning] [MY-010099] [Server] Insecure configuration for --secure-file-priv: Data directory is accessible through --secure-file-priv. Consider choosing a different directory.
2026-10-05T16:04:32.823859Z 0 [Warning] [MY-010101] [Server] Insecure configuration for --secure-file-priv: Location is accessible to all OS users. Consider choosing a different directory.
2026-10-05T16:04:32.823868Z 0 [Warning] [MY-010097] [Server] Insecure configuration for --secure-log-path: Current value does not restrict location of generated files. Consider setting it to a valid, non-empty path.
2026-10-05T16:04:32.823991Z 0 [Warning] [MY-015655] [Server] Server ignores the discovered container restrictions as --container_aware is OFF
2026-10-05T16:04:32.824018Z 0 [Note] [MY-013932] [Server] BuildID[sha1]=04b11225d2cfd4409339b48b0877815fd177f0a9
2026-10-05T16:04:32.824025Z 0 [Note] [MY-010949] [Server] Basedir set to /home/satya/WORK/vector/vec-memory-i-s-base/bld/.
2026-10-05T16:04:32.824037Z 0 [System] [MY-010116] [Server] /home/satya/WORK/vector/vec-memory-i-s-base/bld/runtime_output_directory/mysqld (mysqld 9.7.1-1-debug) starting as process 588707
2026-10-05T16:04:32.824048Z 0 [System] [MY-015603] [Server] MySQL Server has access to 96 logical CPUs.
2026-10-05T16:04:32.824061Z 0 [System] [MY-015603] [Server] MySQL Server has access to 535796215808 bytes of physical memory.
2026-10-05T16:04:32.827336Z 0 [Note] [MY-048400] [Server] For VECTOR_DISTANCE using  hardware accelerated AVX-512F (dimensions >= 16) and SSE4.2 (dimensions < 16).
2026-10-05T16:04:32.828787Z 0 [Warning] [MY-010075] [Server] No existing UUID has been found, so we assume that this is the first time that this server has been started. Generating a new UUID: 741556f1-c0d6-11f1-bfc2-fea0814f1a12.
2026-10-05T16:04:32.832056Z 0 [Note] [MY-012366] [InnoDB] Using Linux native AIO
2026-10-05T16:04:32.832117Z 0 [Note] [MY-015140] [InnoDB] Using innodb_flush_method=O_DIRECT
2026-10-05T16:04:32.832566Z 0 [Note] [MY-010747] [Server] Plugin 'FEDERATED' is disabled.
2026-10-05T16:04:32.835605Z 1 [System] [MY-013576] [InnoDB] InnoDB initialization has started.
2026-10-05T16:04:32.835672Z 1 [Note] [MY-013546] [InnoDB] Atomic write enabled
2026-10-05T16:04:32.835696Z 1 [Note] [MY-012932] [InnoDB] PUNCH HOLE support available
2026-10-05T16:04:32.835704Z 1 [Note] [MY-012937] [InnoDB] !!!!!!!! UNIV_DEBUG switched on !!!!!!!!!
2026-10-05T16:04:32.835710Z 1 [Note] [MY-012944] [InnoDB] Uses event mutexes
2026-10-05T16:04:32.835714Z 1 [Note] [MY-012945] [InnoDB] GCC builtin __atomic_thread_fence() is used for memory barrier
2026-10-05T16:04:32.835721Z 1 [Note] [MY-012948] [InnoDB] Compressed tables use zlib 1.3.2
2026-10-05T16:04:32.838738Z 1 [Note] [MY-012951] [InnoDB] Using hardware accelerated crc32 and polynomial multiplication.
2026-10-05T16:04:32.839185Z 1 [Note] [MY-012203] [InnoDB] Directories to scan './'
2026-10-05T16:04:32.839221Z 1 [Note] [MY-012204] [InnoDB] Scanning './'
2026-10-05T16:04:32.846897Z 1 [Note] [MY-012208] [InnoDB] Completed space ID check of 8 files.
2026-10-05T16:04:32.849011Z 1 [Note] [MY-012955] [InnoDB] Initializing buffer pool, total size = 24.000000M, instances = 1, chunk size =24.000000M 
2026-10-05T16:04:32.849025Z 1 [Note] [MY-011872] [InnoDB] Setting NUMA memory policy to MPOL_INTERLEAVE
get_mempolicy: Operation not permitted
get_mempolicy: Operation not permitted
2026-10-05T16:04:32.888299Z 1 [Note] [MY-011874] [InnoDB] Setting NUMA memory policy to MPOL_DEFAULT
2026-10-05T16:04:32.888322Z 1 [Note] [MY-012957] [InnoDB] Completed initialization of buffer pool
2026-10-05T16:04:32.893816Z 0 [Note] [MY-011952] [InnoDB] If the mysqld execution user is authorized, page cleaner and LRU manager thread priority can be changed. See the man page of setpriority().
2026-10-05T16:04:32.895861Z 1 [Note] [MY-013532] [InnoDB] Using './#ib_16384_0.dblwr' for doublewrite
2026-10-05T16:04:32.900901Z 1 [Note] [MY-013532] [InnoDB] Using './#ib_16384_1.dblwr' for doublewrite
2026-10-05T16:04:32.912573Z 1 [Note] [MY-013566] [InnoDB] Double write buffer files: 2, --innodb-doublewrite-files=2, segments_per_file=2
2026-10-05T16:04:32.912596Z 1 [Note] [MY-013565] [InnoDB] Double write buffer pages per instance: 128
2026-10-05T16:04:32.912618Z 1 [Note] [MY-013532] [InnoDB] Using './#ib_16384_0.dblwr' for doublewrite
2026-10-05T16:04:32.912633Z 1 [Note] [MY-013532] [InnoDB] Using './#ib_16384_1.dblwr' for doublewrite
2026-10-05T16:04:33.154605Z 1 [Note] [MY-013883] [InnoDB] The latest found checkpoint is at lsn = 19328774 in redo log file ./#innodb_redo/#ib_redo59.
2026-10-05T16:04:33.154685Z 1 [Note] [MY-013086] [InnoDB] Starting to parse redo log at lsn = 19328543, whereas checkpoint_lsn = 19328774 and start_lsn = 19328512
2026-10-05T16:04:33.154704Z 1 [Note] [MY-012532] [InnoDB] Applying a batch of 0 redo log records ...
2026-10-05T16:04:33.154774Z 1 [Note] [MY-012535] [InnoDB] Apply batch completed!
2026-10-05T16:04:33.166041Z 1 [Note] [MY-013083] [InnoDB] Log background threads are being started...
2026-10-05T16:04:33.167274Z 1 [Note] [MY-013252] [InnoDB] Using undo tablespace './undo_001'.
2026-10-05T16:04:33.167539Z 1 [Note] [MY-013252] [InnoDB] Using undo tablespace './undo_002'.
2026-10-05T16:04:33.167987Z 1 [Note] [MY-012910] [InnoDB] Opened 2 existing undo tablespaces.
2026-10-05T16:04:33.168034Z 1 [Note] [MY-011980] [InnoDB] GTID recovery trx_no: 1091
2026-10-05T16:04:33.237293Z 1 [Note] [MY-013776] [InnoDB] Parallel initialization of rseg complete
2026-10-05T16:04:33.237322Z 1 [Note] [MY-013777] [InnoDB] Time taken to initialize rseg using 4 thread: 69 ms.
2026-10-05T16:04:33.237537Z 1 [Note] [MY-012923] [InnoDB] Creating shared tablespace for temporary tables
2026-10-05T16:04:33.237682Z 1 [Note] [MY-012265] [InnoDB] Setting file './ibtmp1' size to 12 MB. Physically writing the file full; Please wait ...
2026-10-05T16:04:33.239562Z 1 [Note] [MY-012266] [InnoDB] File './ibtmp1' size is now 12 MB.
2026-10-05T16:04:33.239736Z 1 [Note] [MY-013627] [InnoDB] Scanning temp tablespace dir:'./#innodb_temp/'
2026-10-05T16:04:33.265338Z 1 [Note] [MY-013018] [InnoDB] Created 128 and tracked 128 new rollback segment(s) in the temporary tablespace. 128 are now active.
2026-10-05T16:04:33.265774Z 1 [Note] [MY-012976] [InnoDB] Percona XtraDB (http://www.percona.com) 9.7.1-1 started; log sequence number 19328784
2026-10-05T16:04:33.266069Z 1 [System] [MY-013577] [InnoDB] InnoDB initialization has ended.
2026-10-05T16:04:33.285804Z 1 [Note] [MY-011089] [Server] Data dictionary restarting version '90200'.
2026-10-05T16:04:33.810672Z 1 [Note] [MY-012357] [InnoDB] Reading DD tablespace files
2026-10-05T16:04:33.815502Z 1 [Note] [MY-012356] [InnoDB] Scanned 10 tablespaces. Validated 10.
2026-10-05T16:04:33.917043Z 1 [Note] [MY-010006] [Server] Using data dictionary with version '90200'.
2026-10-05T16:04:33.939137Z 0 [Note] [MY-011245] [Server] Plugin mysqlx reported: 'Scheduler 'work', set number of threads to 2'
2026-10-05T16:04:33.939220Z 0 [Note] [MY-011245] [Server] Plugin mysqlx reported: 'Scheduler 'work', create threads'
2026-10-05T16:04:33.939281Z 0 [Note] [MY-011245] [Server] Plugin mysqlx reported: 'Scheduler 'work', create threads'
2026-10-05T16:04:33.939309Z 0 [Note] [MY-011245] [Server] Plugin mysqlx reported: 'Scheduler "work" started.'
2026-10-05T16:04:33.939315Z 0 [Note] [MY-011245] [Server] Plugin mysqlx reported: 'Scheduler 'network', create threads'
2026-10-05T16:04:33.939336Z 0 [Note] [MY-011245] [Server] Plugin mysqlx reported: 'Scheduler "network" started.'
2026-10-05T16:04:33.939387Z 0 [Note] [MY-011245] [Server] Plugin mysqlx reported: 'TCP Sockets address is '*' and port is 13020'
2026-10-05T16:04:33.939452Z 0 [Note] [MY-011332] [Server] Plugin mysqlx reported: 'IPv6 is available'
2026-10-05T16:04:33.939509Z 0 [Note] [MY-011245] [Server] Plugin mysqlx reported: 'UNIX Socket is /home/satya/WORK/vector/vec-memory-i-s-base/bld/mysql-test/var/tmp/mysqlx.1.sock'
2026-10-05T16:04:33.939757Z 0 [Note] [MY-011323] [Server] Plugin mysqlx reported: 'X Plugin ready for connections. bind-address: '::' port: 13020'
2026-10-05T16:04:33.939773Z 0 [Note] [MY-011323] [Server] Plugin mysqlx reported: 'X Plugin ready for connections. socket: '/home/satya/WORK/vector/vec-memory-i-s-base/bld/mysql-test/var/tmp/mysqlx.1.sock''
2026-10-05T16:04:34.574471Z 0 [Note] [MY-010902] [Server] Thread priority attribute setting in Resource Group SQL shall be ignored due to unsupported platform or insufficient privilege.
2026-10-05T16:04:34.585053Z 0 [Note] [MY-013911] [Server] Crash recovery finished in binlog engine. No attempts to commit, rollback or prepare any transactions.
2026-10-05T16:04:34.585078Z 0 [Note] [MY-013911] [Server] Crash recovery finished in InnoDB engine. No attempts to commit, rollback or prepare any transactions.
2026-10-05T16:04:34.591553Z 0 [Note] [MY-012487] [InnoDB] DDL log recovery : begin
2026-10-05T16:04:34.591802Z 0 [Note] [MY-012488] [InnoDB] DDL log recovery : end
2026-10-05T16:04:34.592016Z 0 [Note] [MY-011946] [InnoDB] Loading buffer pool(s) from /home/satya/WORK/vector/vec-memory-i-s-base/bld/mysql-test/var/mysqld.1/data/ib_buffer_pool
2026-10-05T16:04:34.598545Z 0 [Note] [MY-011946] [InnoDB] Buffer pool(s) load completed at 261005 19:04:34
2026-10-05T16:04:34.624903Z 0 [Note] [MY-010303] [Server] Skipping generation of SSL certificates as options related to SSL are specified.
2026-10-05T16:04:34.626754Z 0 [Warning] [MY-010068] [Server] CA certificate /home/satya/WORK/vector/vec-memory-i-s-base/mysql-test/std_data/cacert.pem is self signed.
2026-10-05T16:04:34.626782Z 0 [System] [MY-013602] [Server] Channel mysql_main configured to support TLS. Encrypted connections are now supported for this channel.
2026-10-05T16:04:34.626791Z 0 [Note] [MY-010310] [Server] Skipping generation of RSA key pair as --sha256_password_auto_generate_rsa_keys is set to OFF.
2026-10-05T16:04:34.626797Z 0 [Note] [MY-010310] [Server] Skipping generation of RSA key pair as --caching_sha2_password_auto_generate_rsa_keys is set to OFF.
2026-10-05T16:04:34.627330Z 0 [Note] [MY-010252] [Server] Server hostname (bind-address): '*'; port: 13000
2026-10-05T16:04:34.627361Z 0 [Note] [MY-010253] [Server] IPv6 is available.
2026-10-05T16:04:34.627367Z 0 [Note] [MY-010264] [Server]   - '::' resolves to '::';
2026-10-05T16:04:34.627376Z 0 [Note] [MY-010251] [Server] Server socket created on IP: '::'.
2026-10-05T16:04:34.637310Z 0 [Warning] [MY-000067] [Server] unknown variable 'loose-mysqlx-ssl=DISABLED'.
2026-10-05T16:04:34.728157Z 0 [Note] [MY-011025] [Repl] Failed to start replica threads for channel ''.
2026-10-05T16:04:34.737558Z 5 [Note] [MY-010051] [Server] Event Scheduler: scheduler thread started with id 5
2026-10-05T16:04:34.737865Z 0 [Note] [MY-011240] [Server] Plugin mysqlx reported: 'Using SSL configuration from MySQL Server'
2026-10-05T16:04:34.738419Z 0 [Note] [MY-011243] [Server] Plugin mysqlx reported: 'Using OpenSSL for TLS connections'
2026-10-05T16:04:34.738443Z 0 [Note] [MY-011245] [Server] Plugin mysqlx reported: 'Scheduler 'network', post task'
2026-10-05T16:04:34.738451Z 0 [Note] [MY-011245] [Server] Plugin mysqlx reported: 'Scheduler 'network', create threads'
2026-10-05T16:04:34.738499Z 0 [Note] [MY-011245] [Server] Plugin mysqlx reported: 'Scheduler 'network', post task'
2026-10-05T16:04:34.738504Z 0 [Note] [MY-011245] [Server] Plugin mysqlx reported: 'Scheduler 'network', create threads'
2026-10-05T16:04:34.738563Z 0 [Note] [MY-011245] [Server] Plugin mysqlx reported: 'Socket_acceptors_task::pre_loop'
2026-10-05T16:04:34.738618Z 0 [System] [MY-011323] [Server] X Plugin ready for connections. Bind-address: '::' port: 13020, socket: /home/satya/WORK/vector/vec-memory-i-s-base/bld/mysql-test/var/tmp/mysqlx.1.sock
2026-10-05T16:04:34.738742Z 0 [System] [MY-010931] [Server] /home/satya/WORK/vector/vec-memory-i-s-base/bld/runtime_output_directory/mysqld: ready for connections. Version: '9.7.1-1-debug'  socket: '/home/satya/WORK/vector/vec-memory-i-s-base/bld/mysql-test/var/tmp/mysqld.1.sock'  port: 13000  Source distribution.
2026-10-05T16:04:35.187367Z 10 [System] [MY-013172] [Server] Received SHUTDOWN from user root. Shutting down mysqld (Version: 9.7.1-1-debug).
2026-10-05T16:04:35.187908Z 0 [Note] [MY-011245] [Server] Plugin mysqlx reported: 'Server::graceful_shutdown state=1'
2026-10-05T16:04:35.187969Z 0 [Note] [MY-011245] [Server] Plugin mysqlx reported: 'Socket_acceptors_task::post_loop'
2026-10-05T16:04:35.188500Z 0 [Note] [MY-015023] [Server] MySQL Server: Closing Connections - start.
2026-10-05T16:04:35.188579Z 0 [Note] [MY-010067] [Server] Giving 2 client threads a chance to die gracefully
2026-10-05T16:04:35.188597Z 0 [Note] [MY-010117] [Server] Shutting down replica threads
2026-10-05T16:04:35.188610Z 0 [Note] [MY-010054] [Server] Event Scheduler: Killing the scheduler thread, thread id 5
2026-10-05T16:04:35.188620Z 0 [Note] [MY-010050] [Server] Event Scheduler: Waiting for the scheduler thread to reply
2026-10-05T16:04:35.188724Z 0 [Note] [MY-010048] [Server] Event Scheduler: Stopped
2026-10-05T16:04:37.188801Z 0 [Note] [MY-010118] [Server] Forcefully disconnecting 0 remaining clients
2026-10-05T16:04:37.188829Z 0 [Note] [MY-010043] [Server] Event Scheduler: Purging the queue. 0 events
2026-10-05T16:04:37.188910Z 0 [Note] [MY-015024] [Server] MySQL Server: Closing Connections - end.
2026-10-05T16:04:37.190106Z 0 [Note] [MY-012330] [InnoDB] FTS optimize thread exiting.
2026-10-05T16:04:37.921340Z 0 [Note] [MY-010120] [Server] Binlog end
2026-10-05T16:04:37.923948Z 0 [Note] [MY-015019] [Server] MySQL Server: Plugins Shutdown - start.
2026-10-05T16:04:37.923967Z 0 [Note] [MY-010733] [Server] Shutting down plugin 'mysqlx'
2026-10-05T16:04:37.924086Z 0 [Note] [MY-011245] [Server] Plugin mysqlx reported: 'Scheduler "work" stopped.'
2026-10-05T16:04:37.924163Z 0 [Note] [MY-011245] [Server] Plugin mysqlx reported: 'Scheduler "network" stopped.'
2026-10-05T16:04:37.924470Z 0 [Note] [MY-010733] [Server] Shutting down plugin 'mysqlx_cache_cleaner'
2026-10-05T16:04:37.924480Z 0 [Note] [MY-010733] [Server] Shutting down plugin 'ngram'
2026-10-05T16:04:37.924484Z 0 [Note] [MY-010733] [Server] Shutting down plugin 'BLACKHOLE'
2026-10-05T16:04:37.924494Z 0 [Note] [MY-010733] [Server] Shutting down plugin 'ARCHIVE'
2026-10-05T16:04:37.924499Z 0 [Note] [MY-010733] [Server] Shutting down plugin 'TempTable'
2026-10-05T16:04:37.924506Z 0 [Note] [MY-010733] [Server] Shutting down plugin 'MRG_MYISAM'
2026-10-05T16:04:37.924511Z 0 [Note] [MY-010733] [Server] Shutting down plugin 'MyISAM'
2026-10-05T16:04:37.924535Z 0 [Note] [MY-010733] [Server] Shutting down plugin 'INNODB_SESSION_TEMP_TABLESPACES'
2026-10-05T16:04:37.924541Z 0 [Note] [MY-010733] [Server] Shutting down plugin 'INNODB_CACHED_INDEXES'
2026-10-05T16:04:37.924545Z 0 [Note] [MY-010733] [Server] Shutting down plugin 'INNODB_VIRTUAL'
2026-10-05T16:04:37.924550Z 0 [Note] [MY-010733] [Server] Shutting down plugin 'INNODB_COLUMNS'
2026-10-05T16:04:37.924554Z 0 [Note] [MY-010733] [Server] Shutting down plugin 'INNODB_TABLESPACES'
2026-10-05T16:04:37.924559Z 0 [Note] [MY-010733] [Server] Shutting down plugin 'INNODB_INDEXES'
2026-10-05T16:04:37.924563Z 0 [Note] [MY-010733] [Server] Shutting down plugin 'INNODB_TABLESTATS'
2026-10-05T16:04:37.924567Z 0 [Note] [MY-010733] [Server] Shutting down plugin 'INNODB_TABLES'
2026-10-05T16:04:37.924572Z 0 [Note] [MY-010733] [Server] Shutting down plugin 'INNODB_FT_INDEX_TABLE'
2026-10-05T16:04:37.924576Z 0 [Note] [MY-010733] [Server] Shutting down plugin 'INNODB_FT_INDEX_CACHE'
2026-10-05T16:04:37.924580Z 0 [Note] [MY-010733] [Server] Shutting down plugin 'INNODB_FT_CONFIG'
2026-10-05T16:04:37.924585Z 0 [Note] [MY-010733] [Server] Shutting down plugin 'INNODB_FT_BEING_DELETED'
2026-10-05T16:04:37.924589Z 0 [Note] [MY-010733] [Server] Shutting down plugin 'INNODB_FT_DELETED'
2026-10-05T16:04:37.924603Z 0 [Note] [MY-010733] [Server] Shutting down plugin 'INNODB_FT_DEFAULT_STOPWORD'
2026-10-05T16:04:37.924607Z 0 [Note] [MY-010733] [Server] Shutting down plugin 'INNODB_METRICS'
2026-10-05T16:04:37.924611Z 0 [Note] [MY-010733] [Server] Shutting down plugin 'INNODB_TEMP_TABLE_INFO'
2026-10-05T16:04:37.924615Z 0 [Note] [MY-010733] [Server] Shutting down plugin 'INNODB_BUFFER_POOL_STATS'
2026-10-05T16:04:37.924620Z 0 [Note] [MY-010733] [Server] Shutting down plugin 'INNODB_BUFFER_PAGE_LRU'
2026-10-05T16:04:37.924624Z 0 [Note] [MY-010733] [Server] Shutting down plugin 'INNODB_BUFFER_PAGE'
2026-10-05T16:04:37.924628Z 0 [Note] [MY-010733] [Server] Shutting down plugin 'INNODB_CMP_PER_INDEX_RESET'
2026-10-05T16:04:37.924632Z 0 [Note] [MY-010733] [Server] Shutting down plugin 'INNODB_CMP_PER_INDEX'
2026-10-05T16:04:37.924636Z 0 [Note] [MY-010733] [Server] Shutting down plugin 'INNODB_CMPMEM_RESET'
2026-10-05T16:04:37.924640Z 0 [Note] [MY-010733] [Server] Shutting down plugin 'INNODB_CMPMEM'
2026-10-05T16:04:37.924644Z 0 [Note] [MY-010733] [Server] Shutting down plugin 'INNODB_CMP_RESET'
2026-10-05T16:04:37.924648Z 0 [Note] [MY-010733] [Server] Shutting down plugin 'INNODB_CMP'
2026-10-05T16:04:37.924653Z 0 [Note] [MY-010733] [Server] Shutting down plugin 'INNODB_TRX'
2026-10-05T16:04:37.924657Z 0 [Note] [MY-010733] [Server] Shutting down plugin 'MEMORY'
2026-10-05T16:04:37.924663Z 0 [Note] [MY-010733] [Server] Shutting down plugin 'CSV'
2026-10-05T16:04:37.924669Z 0 [Note] [MY-010733] [Server] Shutting down plugin 'PERFORMANCE_SCHEMA'
2026-10-05T16:04:37.924743Z 0 [Note] [MY-010733] [Server] Shutting down plugin 'daemon_keyring_proxy_plugin'
2026-10-05T16:04:37.924791Z 0 [Note] [MY-010733] [Server] Shutting down plugin 'caching_sha2_password'
2026-10-05T16:04:37.924815Z 0 [Note] [MY-010733] [Server] Shutting down plugin 'sha256_password'
2026-10-05T16:04:37.924943Z 0 [Note] [MY-010733] [Server] Shutting down plugin 'binlog'
2026-10-05T16:04:37.924953Z 0 [Note] [MY-010733] [Server] Shutting down plugin 'InnoDB'
2026-10-05T16:04:37.925014Z 0 [Note] [MY-013072] [InnoDB] Starting shutdown...
2026-10-05T16:04:37.925104Z 0 [Note] [MY-011944] [InnoDB] Dumping buffer pool(s) to /home/satya/WORK/vector/vec-memory-i-s-base/bld/mysql-test/var/mysqld.1/data/ib_buffer_pool
2026-10-05T16:04:37.925297Z 0 [Note] [MY-011944] [InnoDB] Buffer pool(s) dump completed at 261005 19:04:37
2026-10-05T16:04:38.031695Z 0 [Note] [MY-013084] [InnoDB] Log background threads are being closed...
2026-10-05T16:04:38.444114Z 0 [Note] [MY-013854] [InnoDB] Bytes written to disk by DBLWR (ON): 2129920
2026-10-05T16:04:38.444829Z 0 [Note] [MY-012980] [InnoDB] Shutdown completed; log sequence number 19704423
2026-10-05T16:04:38.444944Z 0 [Note] [MY-012255] [InnoDB] Removed temporary tablespace data file: "ibtmp1"
2026-10-05T16:04:38.445267Z 0 [Note] [MY-015020] [Server] MySQL Server: Plugins Shutdown - end.
2026-10-05T16:04:38.446700Z 0 [Note] [MY-010037] [Server] Debug sync points hit:                                   104321
2026-10-05T16:04:38.446723Z 0 [Note] [MY-010038] [Server] Debug sync points executed:                                   0
2026-10-05T16:04:38.446729Z 0 [Note] [MY-010039] [Server] Debug sync points max active per thread:                      0
2026-10-05T16:04:38.446905Z 0 [Note] [MY-015021] [Server] MySQL Server: Components Shutdown - start.
2026-10-05T16:04:38.447636Z 0 [Note] [MY-015022] [Server] MySQL Server: Components Shutdown - end (with return value = 0).
2026-10-05T16:04:38.447809Z 0 [System] [MY-010910] [Server] /home/satya/WORK/vector/vec-memory-i-s-base/bld/runtime_output_directory/mysqld: Shutdown complete (mysqld 9.7.1-1-debug)  Source distribution.
2026-10-05T16:04:38.447815Z 0 [System] [MY-015016] [Server] MySQL Server - end.
2026-10-05T16:04:39.526997Z 0 [Note] [MY-013667] [Server] Error-log destination "stderr" is not a file. Can not restore error log messages from previous run.
2026-10-05T16:04:39.350269Z 0 [System] [MY-015015] [Server] MySQL Server - start.
2026-10-05T16:04:39.521962Z 0 [Warning] [MY-013711] [Server] Manifest file '/home/satya/WORK/vector/vec-memory-i-s-base/bld/runtime_output_directory/mysqld.my' is not read-only. For better security, please make sure that the file is read-only.
2026-10-05T16:04:39.523602Z 0 [Warning] [MY-010099] [Server] Insecure configuration for --secure-file-priv: Data directory is accessible through --secure-file-priv. Consider choosing a different directory.
2026-10-05T16:04:39.523611Z 0 [Warning] [MY-010101] [Server] Insecure configuration for --secure-file-priv: Location is accessible to all OS users. Consider choosing a different directory.
2026-10-05T16:04:39.523620Z 0 [Warning] [MY-010097] [Server] Insecure configuration for --secure-log-path: Current value does not restrict location of generated files. Consider setting it to a valid, non-empty path.
2026-10-05T16:04:39.523729Z 0 [Warning] [MY-015655] [Server] Server ignores the discovered container restrictions as --container_aware is OFF
2026-10-05T16:04:39.523755Z 0 [Note] [MY-013932] [Server] BuildID[sha1]=04b11225d2cfd4409339b48b0877815fd177f0a9
2026-10-05T16:04:39.523762Z 0 [Note] [MY-010949] [Server] Basedir set to /home/satya/WORK/vector/vec-memory-i-s-base/bld/.
2026-10-05T16:04:39.523774Z 0 [System] [MY-010116] [Server] /home/satya/WORK/vector/vec-memory-i-s-base/bld/runtime_output_directory/mysqld (mysqld 9.7.1-1-debug) starting as process 588813
2026-10-05T16:04:39.523785Z 0 [System] [MY-015603] [Server] MySQL Server has access to 96 logical CPUs.
2026-10-05T16:04:39.523797Z 0 [System] [MY-015603] [Server] MySQL Server has access to 535796215808 bytes of physical memory.
2026-10-05T16:04:39.527106Z 0 [Note] [MY-048400] [Server] For VECTOR_DISTANCE using  hardware accelerated AVX-512F (dimensions >= 16) and SSE4.2 (dimensions < 16).
2026-10-05T16:04:39.530859Z 0 [Note] [MY-012366] [InnoDB] Using Linux native AIO
2026-10-05T16:04:39.530908Z 0 [Note] [MY-015140] [InnoDB] Using innodb_flush_method=O_DIRECT
2026-10-05T16:04:39.531348Z 0 [Note] [MY-010747] [Server] Plugin 'FEDERATED' is disabled.
2026-10-05T16:04:39.534565Z 1 [System] [MY-013576] [InnoDB] InnoDB initialization has started.
2026-10-05T16:04:39.534612Z 1 [Note] [MY-013546] [InnoDB] Atomic write enabled
2026-10-05T16:04:39.534640Z 1 [Note] [MY-012932] [InnoDB] PUNCH HOLE support available
2026-10-05T16:04:39.534648Z 1 [Note] [MY-012937] [InnoDB] !!!!!!!! UNIV_DEBUG switched on !!!!!!!!!
2026-10-05T16:04:39.534653Z 1 [Note] [MY-012944] [InnoDB] Uses event mutexes
2026-10-05T16:04:39.534658Z 1 [Note] [MY-012945] [InnoDB] GCC builtin __atomic_thread_fence() is used for memory barrier
2026-10-05T16:04:39.534665Z 1 [Note] [MY-012948] [InnoDB] Compressed tables use zlib 1.3.2
2026-10-05T16:04:39.537617Z 1 [Note] [MY-012951] [InnoDB] Using hardware accelerated crc32 and polynomial multiplication.
2026-10-05T16:04:39.538035Z 1 [Note] [MY-012203] [InnoDB] Directories to scan './'
2026-10-05T16:04:39.538063Z 1 [Note] [MY-012204] [InnoDB] Scanning './'
2026-10-05T16:04:39.540058Z 1 [Note] [MY-012208] [InnoDB] Completed space ID check of 8 files.
2026-10-05T16:04:39.542444Z 1 [Note] [MY-012955] [InnoDB] Initializing buffer pool, total size = 24.000000M, instances = 1, chunk size =24.000000M 
2026-10-05T16:04:39.542458Z 1 [Note] [MY-011872] [InnoDB] Setting NUMA memory policy to MPOL_INTERLEAVE
get_mempolicy: Operation not permitted
get_mempolicy: Operation not permitted
2026-10-05T16:04:39.582080Z 1 [Note] [MY-011874] [InnoDB] Setting NUMA memory policy to MPOL_DEFAULT
2026-10-05T16:04:39.582101Z 1 [Note] [MY-012957] [InnoDB] Completed initialization of buffer pool
2026-10-05T16:04:39.587359Z 0 [Note] [MY-011952] [InnoDB] If the mysqld execution user is authorized, page cleaner and LRU manager thread priority can be changed. See the man page of setpriority().
2026-10-05T16:04:39.587519Z 1 [Note] [MY-013532] [InnoDB] Using './#ib_16384_0.dblwr' for doublewrite
2026-10-05T16:04:39.591123Z 1 [Note] [MY-013532] [InnoDB] Using './#ib_16384_1.dblwr' for doublewrite
2026-10-05T16:04:39.600741Z 1 [Note] [MY-013566] [InnoDB] Double write buffer files: 2, --innodb-doublewrite-files=2, segments_per_file=2
2026-10-05T16:04:39.600768Z 1 [Note] [MY-013565] [InnoDB] Double write buffer pages per instance: 128
2026-10-05T16:04:39.600788Z 1 [Note] [MY-013532] [InnoDB] Using './#ib_16384_0.dblwr' for doublewrite
2026-10-05T16:04:39.600802Z 1 [Note] [MY-013532] [InnoDB] Using './#ib_16384_1.dblwr' for doublewrite
2026-10-05T16:04:39.842034Z 1 [Note] [MY-013883] [InnoDB] The latest found checkpoint is at lsn = 19704423 in redo log file ./#innodb_redo/#ib_redo60.
2026-10-05T16:04:39.842134Z 1 [Note] [MY-013086] [InnoDB] Starting to parse redo log at lsn = 19704423, whereas checkpoint_lsn = 19704423 and start_lsn = 19704320
2026-10-05T16:04:39.842145Z 1 [Note] [MY-012532] [InnoDB] Applying a batch of 0 redo log records ...
2026-10-05T16:04:39.842217Z 1 [Note] [MY-012535] [InnoDB] Apply batch completed!
2026-10-05T16:04:39.853400Z 1 [Note] [MY-013083] [InnoDB] Log background threads are being started...
2026-10-05T16:04:39.854525Z 1 [Note] [MY-013252] [InnoDB] Using undo tablespace './undo_001'.
2026-10-05T16:04:39.854806Z 1 [Note] [MY-013252] [InnoDB] Using undo tablespace './undo_002'.
2026-10-05T16:04:39.855196Z 1 [Note] [MY-012910] [InnoDB] Opened 2 existing undo tablespaces.
2026-10-05T16:04:39.855247Z 1 [Note] [MY-011980] [InnoDB] GTID recovery trx_no: 1549
2026-10-05T16:04:39.920077Z 1 [Note] [MY-013776] [InnoDB] Parallel initialization of rseg complete
2026-10-05T16:04:39.920109Z 1 [Note] [MY-013777] [InnoDB] Time taken to initialize rseg using 4 thread: 64 ms.
2026-10-05T16:04:39.920325Z 1 [Note] [MY-012923] [InnoDB] Creating shared tablespace for temporary tables
2026-10-05T16:04:39.920474Z 1 [Note] [MY-012265] [InnoDB] Setting file './ibtmp1' size to 12 MB. Physically writing the file full; Please wait ...
2026-10-05T16:04:39.922298Z 1 [Note] [MY-012266] [InnoDB] File './ibtmp1' size is now 12 MB.
2026-10-05T16:04:39.922466Z 1 [Note] [MY-013627] [InnoDB] Scanning temp tablespace dir:'./#innodb_temp/'
2026-10-05T16:04:39.947866Z 1 [Note] [MY-013018] [InnoDB] Created 128 and tracked 128 new rollback segment(s) in the temporary tablespace. 128 are now active.
2026-10-05T16:04:39.948311Z 1 [Note] [MY-012976] [InnoDB] Percona XtraDB (http://www.percona.com) 9.7.1-1 started; log sequence number 19704433
2026-10-05T16:04:39.948827Z 1 [System] [MY-013577] [InnoDB] InnoDB initialization has ended.
2026-10-05T16:04:39.966261Z 1 [Note] [MY-011089] [Server] Data dictionary restarting version '90200'.
2026-10-05T16:04:40.472569Z 1 [Note] [MY-012357] [InnoDB] Reading DD tablespace files
2026-10-05T16:04:40.477316Z 1 [Note] [MY-012356] [InnoDB] Scanned 10 tablespaces. Validated 10.
2026-10-05T16:04:40.570346Z 1 [Note] [MY-010006] [Server] Using data dictionary with version '90200'.
2026-10-05T16:04:40.593321Z 0 [Note] [MY-011245] [Server] Plugin mysqlx reported: 'Scheduler 'work', set number of threads to 2'
2026-10-05T16:04:40.593393Z 0 [Note] [MY-011245] [Server] Plugin mysqlx reported: 'Scheduler 'work', create threads'
2026-10-05T16:04:40.593448Z 0 [Note] [MY-011245] [Server] Plugin mysqlx reported: 'Scheduler 'work', create threads'
2026-10-05T16:04:40.593479Z 0 [Note] [MY-011245] [Server] Plugin mysqlx reported: 'Scheduler "work" started.'
2026-10-05T16:04:40.593484Z 0 [Note] [MY-011245] [Server] Plugin mysqlx reported: 'Scheduler 'network', create threads'
2026-10-05T16:04:40.593506Z 0 [Note] [MY-011245] [Server] Plugin mysqlx reported: 'Scheduler "network" started.'
2026-10-05T16:04:40.593553Z 0 [Note] [MY-011245] [Server] Plugin mysqlx reported: 'TCP Sockets address is '*' and port is 13020'
2026-10-05T16:04:40.593616Z 0 [Note] [MY-011332] [Server] Plugin mysqlx reported: 'IPv6 is available'
2026-10-05T16:04:40.593672Z 0 [Note] [MY-011245] [Server] Plugin mysqlx reported: 'UNIX Socket is /home/satya/WORK/vector/vec-memory-i-s-base/bld/mysql-test/var/tmp/mysqlx.1.sock'
2026-10-05T16:04:40.593920Z 0 [Note] [MY-011323] [Server] Plugin mysqlx reported: 'X Plugin ready for connections. bind-address: '::' port: 13020'
2026-10-05T16:04:40.593937Z 0 [Note] [MY-011323] [Server] Plugin mysqlx reported: 'X Plugin ready for connections. socket: '/home/satya/WORK/vector/vec-memory-i-s-base/bld/mysql-test/var/tmp/mysqlx.1.sock''
2026-10-05T16:04:40.735742Z 0 [Note] [MY-010902] [Server] Thread priority attribute setting in Resource Group SQL shall be ignored due to unsupported platform or insufficient privilege.
2026-10-05T16:04:40.742470Z 0 [Note] [MY-010856] [Server] Failed to open the crashed binlog file when source server is recovering it.
2026-10-05T16:04:40.747535Z 0 [Note] [MY-013911] [Server] Crash recovery finished in binlog engine. No attempts to commit, rollback or prepare any transactions.
2026-10-05T16:04:40.747548Z 0 [Note] [MY-013911] [Server] Crash recovery finished in InnoDB engine. No attempts to commit, rollback or prepare any transactions.
2026-10-05T16:04:40.752694Z 0 [Note] [MY-012487] [InnoDB] DDL log recovery : begin
2026-10-05T16:04:40.752928Z 0 [Note] [MY-012488] [InnoDB] DDL log recovery : end
2026-10-05T16:04:40.753109Z 0 [Note] [MY-011946] [InnoDB] Loading buffer pool(s) from /home/satya/WORK/vector/vec-memory-i-s-base/bld/mysql-test/var/mysqld.1/data/ib_buffer_pool
2026-10-05T16:04:40.758607Z 0 [Note] [MY-011946] [InnoDB] Buffer pool(s) load completed at 261005 19:04:40
2026-10-05T16:04:40.801114Z 0 [Note] [MY-010303] [Server] Skipping generation of SSL certificates as options related to SSL are specified.
2026-10-05T16:04:40.802960Z 0 [Warning] [MY-010068] [Server] CA certificate /home/satya/WORK/vector/vec-memory-i-s-base/mysql-test/std_data/cacert.pem is self signed.
2026-10-05T16:04:40.802988Z 0 [System] [MY-013602] [Server] Channel mysql_main configured to support TLS. Encrypted connections are now supported for this channel.
2026-10-05T16:04:40.802996Z 0 [Note] [MY-010310] [Server] Skipping generation of RSA key pair as --sha256_password_auto_generate_rsa_keys is set to OFF.
2026-10-05T16:04:40.803002Z 0 [Note] [MY-010310] [Server] Skipping generation of RSA key pair as --caching_sha2_password_auto_generate_rsa_keys is set to OFF.
2026-10-05T16:04:40.803534Z 0 [Note] [MY-010252] [Server] Server hostname (bind-address): '*'; port: 13000
2026-10-05T16:04:40.803567Z 0 [Note] [MY-010253] [Server] IPv6 is available.
2026-10-05T16:04:40.803572Z 0 [Note] [MY-010264] [Server]   - '::' resolves to '::';
2026-10-05T16:04:40.803581Z 0 [Note] [MY-010251] [Server] Server socket created on IP: '::'.
2026-10-05T16:04:40.813580Z 0 [Warning] [MY-000067] [Server] unknown variable 'loose-mysqlx-ssl=DISABLED'.
2026-10-05T16:04:40.903754Z 0 [Note] [MY-011025] [Repl] Failed to start replica threads for channel ''.
2026-10-05T16:04:40.913191Z 5 [Note] [MY-010051] [Server] Event Scheduler: scheduler thread started with id 5
2026-10-05T16:04:40.913488Z 0 [Note] [MY-011240] [Server] Plugin mysqlx reported: 'Using SSL configuration from MySQL Server'
2026-10-05T16:04:40.914015Z 0 [Note] [MY-011243] [Server] Plugin mysqlx reported: 'Using OpenSSL for TLS connections'
2026-10-05T16:04:40.914034Z 0 [Note] [MY-011245] [Server] Plugin mysqlx reported: 'Scheduler 'network', post task'
2026-10-05T16:04:40.914040Z 0 [Note] [MY-011245] [Server] Plugin mysqlx reported: 'Scheduler 'network', create threads'
2026-10-05T16:04:40.914089Z 0 [Note] [MY-011245] [Server] Plugin mysqlx reported: 'Scheduler 'network', post task'
2026-10-05T16:04:40.914094Z 0 [Note] [MY-011245] [Server] Plugin mysqlx reported: 'Scheduler 'network', create threads'
2026-10-05T16:04:40.914148Z 0 [Note] [MY-011245] [Server] Plugin mysqlx reported: 'Socket_acceptors_task::pre_loop'
2026-10-05T16:04:40.914211Z 0 [System] [MY-011323] [Server] X Plugin ready for connections. Bind-address: '::' port: 13020, socket: /home/satya/WORK/vector/vec-memory-i-s-base/bld/mysql-test/var/tmp/mysqlx.1.sock
2026-10-05T16:04:40.914334Z 0 [System] [MY-010931] [Server] /home/satya/WORK/vector/vec-memory-i-s-base/bld/runtime_output_directory/mysqld: ready for connections. Version: '9.7.1-1-debug'  socket: '/home/satya/WORK/vector/vec-memory-i-s-base/bld/mysql-test/var/tmp/mysqld.1.sock'  port: 13000  Source distribution.
----------SERVER LOG END-------------


 - the logfile can be found in '/home/satya/WORK/vector/vec-memory-i-s-base/bld/mysql-test/var/log/main.temptable_status_vars/temptable_status_vars.log'

Retrying test main.temptable_status_vars, attempt(2/3).

[ 33%] main.temptable_status_vars                [ retry-fail ]
        Test ended at 2026-10-05 16:04:55

CURRENT_TEST: main.temptable_status_vars
--- /home/satya/WORK/vector/vec-memory-i-s-base/mysql-test/r/temptable_status_vars.result	2026-10-05 19:03:07.655310904 +0300
+++ /home/satya/WORK/vector/vec-memory-i-s-base/bld/mysql-test/var/log/temptable_status_vars.reject	2026-10-05 19:04:54.340929878 +0300
@@ -87,7 +87,7 @@
 Variable_name	Value
 Created_tmp_tables	1
 Variable_name	Value
-Created_tmp_disk_tables	0
+Created_tmp_disk_tables	1
 Variable_name	Value
 Count_hit_tmp_table_size	0
 # TempTable_count_hit_max_ram is 7 because statements to show these

mysqltest: Result content mismatch


The result from queries just before the failure was:
SELECT @@SESSION.internal_tmp_mem_storage_engine;
@@SESSION.internal_tmp_mem_storage_engine
TempTable
SELECT @@SESSION.tmp_table_size;
@@SESSION.tmp_table_size
16777216
SELECT @@GLOBAL.temptable_max_mmap;
@@GLOBAL.temptable_max_mmap
0
#
# Test case#1 RAM limit spill over.
#
SET @@GLOBAL.temptable_max_ram=2*1024*1024;
CALL print_status_variables('global');
Variable_name	Value
Count_hit_tmp_table_size	0
Variable_name	Value
TempTable_count_hit_max_ram	0
# There must be a tmp table created on disk after the
# memory limit of TempTable engine was exhausted

connection con1;
FLUSH STATUS;

SELECT c1, COUNT(DISTINCT(c2)) FROM lob_table GROUP BY c1;
c1	COUNT(DISTINCT(c2))
1	1
2	1
3	1

CALL print_status_variables('session');
Variable_name	Value
Created_tmp_tables	1
Variable_name	Value
Created_tmp_disk_tables	1
Variable_name	Value
Count_hit_tmp_table_size	0
CALL print_status_variables('global');
Variable_name	Value
Count_hit_tmp_table_size	0
Variable_name	Value
TempTable_count_hit_max_ram	1

connection con2;
FLUSH STATUS;

SELECT c1, COUNT(DISTINCT(c2)) FROM lob_table GROUP BY c1;
c1	COUNT(DISTINCT(c2))
1	1
2	1
3	1

# Count of Created_tmp_disk_tables is not changed due to Bug#36845804
CALL print_status_variables('session');
Variable_name	Value
Created_tmp_tables	1
Variable_name	Value
Created_tmp_disk_tables	1
Variable_name	Value
Count_hit_tmp_table_size	0
# TempTable_count_hit_max_ram is 7 because statements to show these
# status variables also use temp tables. Engine already exceeded the
# memory limit exceeded when SELECT query executed in the first
# iterataion. This count is accumulation of the hits after that.
CALL print_status_variables('global');
Variable_name	Value
Count_hit_tmp_table_size	0
Variable_name	Value
TempTable_count_hit_max_ram	7

connection default;
CALL print_status_variables('global');
Variable_name	Value
Count_hit_tmp_table_size	0
Variable_name	Value
TempTable_count_hit_max_ram	7
SELECT VARIABLE_NAME, VARIABLE_VALUE
FROM performance_schema.global_status WHERE
VARIABLE_NAME = 'Count_hit_tmp_table_size' OR
VARIABLE_NAME = 'TempTable_count_hit_max_ram' ORDER BY VARIABLE_NAME;
VARIABLE_NAME	VARIABLE_VALUE
Count_hit_tmp_table_size	0
TempTable_count_hit_max_ram	7
SET @@GLOBAL.temptable_max_ram=default;

# Repeat the query again. Status variables count should not change
# from the previous run
connection con1;
FLUSH STATUS;

SELECT c1, COUNT(DISTINCT(c2)) FROM lob_table GROUP BY c1;
c1	COUNT(DISTINCT(c2))
1	1
2	1
3	1

CALL print_status_variables('session');
Variable_name	Value
Created_tmp_tables	1
Variable_name	Value
Created_tmp_disk_tables	0
Variable_name	Value
Count_hit_tmp_table_size	0

connection con2;
FLUSH STATUS;

SELECT c1, COUNT(DISTINCT(c2)) FROM lob_table GROUP BY c1;
c1	COUNT(DISTINCT(c2))
1	1
2	1
3	1

CALL print_status_variables('session');
Variable_name	Value
Created_tmp_tables	1
Variable_name	Value
Created_tmp_disk_tables	0
Variable_name	Value
Count_hit_tmp_table_size	0

connection default;
CALL print_status_variables('global');
Variable_name	Value
Count_hit_tmp_table_size	0
Variable_name	Value
TempTable_count_hit_max_ram	7

#
# Test case#2 RAM + MMAP limit spill over.
#
FLUSH STATUS;
SET @@GLOBAL.temptable_max_ram=2*1024*1024;
SET @@GLOBAL.temptable_max_mmap=2*1024*1024;
CALL print_status_variables('global');
Variable_name	Value
Count_hit_tmp_table_size	0
Variable_name	Value
TempTable_count_hit_max_ram	7
# There must be a tmp table created on disk in MMAP after the RAM limit
# of TempTable engine is exausted

connection con1;
FLUSH STATUS;

SELECT c1, COUNT(DISTINCT(c2)) FROM lob_table GROUP BY c1;
c1	COUNT(DISTINCT(c2))
1	1
2	1
3	1

CALL print_status_variables('session');
Variable_name	Value
Created_tmp_tables	1
Variable_name	Value
Created_tmp_disk_tables	1
Variable_name	Value
Count_hit_tmp_table_size	0
CALL print_status_variables('global');
Variable_name	Value
Count_hit_tmp_table_size	0
Variable_name	Value
TempTable_count_hit_max_ram	8

connection con2;
FLUSH STATUS;

SELECT c1, COUNT(DISTINCT(c2)) FROM lob_table GROUP BY c1;
c1	COUNT(DISTINCT(c2))
1	1
2	1
3	1

CALL print_status_variables('session');
Variable_name	Value
Created_tmp_tables	1
Variable_name	Value
Created_tmp_disk_tables	1
Variable_name	Value
Count_hit_tmp_table_size	0
CALL print_status_variables('global');
Variable_name	Value
Count_hit_tmp_table_size	0
Variable_name	Value
TempTable_count_hit_max_ram	9

connection default;
CALL print_status_variables('global');
Variable_name	Value
Count_hit_tmp_table_size	0
Variable_name	Value
TempTable_count_hit_max_ram	9
# Test cleanup
SET @@GLOBAL.temptable_max_ram=default
SET @@GLOBAL.temptable_max_mmap=default;

#
# Test case#3 tmp table size exceeds the tmp_table_size
#
SELECT @@internal_tmp_mem_storage_engine;
@@internal_tmp_mem_storage_engine
TempTable
CALL print_status_variables('global');
Variable_name	Value
Count_hit_tmp_table_size	0
Variable_name	Value
TempTable_count_hit_max_ram	9
# There must be a tmp table created on disk because TempTable
# engine found that table size exceeded the tmp_table_size

connection con1;
SET @@SESSION.tmp_table_size=2*1024;
Warnings:
Warning	48040	Tmp_table_size is set below 1MiB. The TEMPTABLE engine requires at least 1MiB table size, and will use that value instead. Please increase the limit to silence this warning.
SET @@GLOBAL.temptable_max_ram=default;
FLUSH STATUS;

SELECT c1, COUNT(DISTINCT(c2)) FROM lob_table GROUP BY c1;
c1	COUNT(DISTINCT(c2))
1	1
2	1
3	1

# Count of Created_tmp_disk_tables is not changed due to Bug#36845804
CALL print_status_variables('session');
Variable_name	Value
Created_tmp_tables	1
Variable_name	Value
Created_tmp_disk_tables	1
Variable_name	Value
Count_hit_tmp_table_size	1
CALL print_status_variables('global');
Variable_name	Value
Count_hit_tmp_table_size	1
Variable_name	Value
TempTable_count_hit_max_ram	9

connection con2;
SET @@SESSION.tmp_table_size=2*1024;
Warnings:
Warning	48040	Tmp_table_size is set below 1MiB. The TEMPTABLE engine requires at least 1MiB table size, and will use that value instead. Please increase the limit to silence this warning.
SET @@GLOBAL.temptable_max_ram=default;
FLUSH STATUS;

SELECT c1, COUNT(DISTINCT(c2)) FROM lob_table GROUP BY c1;
c1	COUNT(DISTINCT(c2))
1	1
2	1
3	1

# Count of Created_tmp_disk_tables is not changed due to Bug#36845804
CALL print_status_variables('session');
Variable_name	Value
Created_tmp_tables	1
Variable_name	Value
Created_tmp_disk_tables	1
Variable_name	Value
Count_hit_tmp_table_size	1
CALL print_status_variables('global');
Variable_name	Value
Count_hit_tmp_table_size	2
Variable_name	Value
TempTable_count_hit_max_ram	9

connection default;
CALL print_status_variables('global');
Variable_name	Value
Count_hit_tmp_table_size	2
Variable_name	Value
TempTable_count_hit_max_ram	9
SELECT VARIABLE_NAME, VARIABLE_VALUE
FROM performance_schema.global_status WHERE
VARIABLE_NAME = 'Count_hit_tmp_table_size' OR
VARIABLE_NAME = 'TempTable_count_hit_max_ram' ORDER BY VARIABLE_NAME;
VARIABLE_NAME	VARIABLE_VALUE
Count_hit_tmp_table_size	2
TempTable_count_hit_max_ram	9
# Test Cleanup
SET @@SESSION.tmp_table_size=default

#
# Test case#4 Table exceeds the tmp_table_size and memory limit both
#
SET @@SESSION.tmp_table_size=2*1024;
Warnings:
Warning	48040	Tmp_table_size is set below 1MiB. The TEMPTABLE engine requires at least 1MiB table size, and will use that value instead. Please increase the limit to silence this warning.
SET @@GLOBAL.temptable_max_ram=2*1024*1024;
CALL print_status_variables('global');
Variable_name	Value
Count_hit_tmp_table_size	2
Variable_name	Value
TempTable_count_hit_max_ram	9
FLUSH STATUS;

SELECT c1, COUNT(DISTINCT(c2)) FROM lob_table GROUP BY c1;
c1	COUNT(DISTINCT(c2))
1	1
2	1
3	1

# Should be no different than the previous case
# where table size exceeded the tmp_table_size

# Count of Created_tmp_disk_tables is not changed due to Bug#36845804
CALL print_status_variables('session');
Variable_name	Value
Created_tmp_tables	1
Variable_name	Value
Created_tmp_disk_tables	1
Variable_name	Value
Count_hit_tmp_table_size	0
SELECT VARIABLE_NAME, VARIABLE_VALUE
FROM performance_schema.session_status WHERE
VARIABLE_NAME LIKE 'Created_tmp%tables' OR
VARIABLE_NAME = 'Count_hit_tmp_table_size' ORDER BY VARIABLE_NAME;
VARIABLE_NAME	VARIABLE_VALUE
Count_hit_tmp_table_size	0
Created_tmp_disk_tables	1
Created_tmp_tables	1
CALL print_status_variables('global');
Variable_name	Value
Count_hit_tmp_table_size	2
Variable_name	Value
TempTable_count_hit_max_ram	10
# Test cleanup
SET @@SESSION.tmp_table_size=default
SET @@GLOBAL.temptable_max_ram=default;

#
# Test case#5 big_tables test
#
SET @@SESSION.big_tables=ON;
SELECT @@internal_tmp_mem_storage_engine;
@@internal_tmp_mem_storage_engine
TempTable
CALL print_status_variables('global');
Variable_name	Value
Count_hit_tmp_table_size	2
Variable_name	Value
TempTable_count_hit_max_ram	10
FLUSH STATUS;

SELECT c1, COUNT(DISTINCT(c2)) FROM lob_table GROUP BY c1;
c1	COUNT(DISTINCT(c2))
1	1
2	1
3	1

# Tables are created on the disk directly
CALL print_status_variables('session');
Variable_name	Value
Created_tmp_tables	1
Variable_name	Value
Created_tmp_disk_tables	1
Variable_name	Value
Count_hit_tmp_table_size	0
CALL print_status_variables('global');
Variable_name	Value
Count_hit_tmp_table_size	2
Variable_name	Value
TempTable_count_hit_max_ram	10

# Test cleanup
SET @@SESSION.big_tables=default;

##################################
# MEMORY engine related tests
##################################
SET @@SESSION.internal_tmp_mem_storage_engine=MEMORY;
SELECT @@internal_tmp_mem_storage_engine;
@@internal_tmp_mem_storage_engine
MEMORY

#
# Test case#6 RAM limit spill over.
#
SET @@SESSION.max_heap_table_size=2*1024*1024;
SELECT @@max_heap_table_size;
@@max_heap_table_size
2097152
CALL print_status_variables('global');
Variable_name	Value
Count_hit_tmp_table_size	2
Variable_name	Value
TempTable_count_hit_max_ram	10
FLUSH STATUS;

SELECT c1, COUNT(DISTINCT(c2)) FROM lob_table GROUP BY c1;
c1	COUNT(DISTINCT(c2))
1	1
2	1
3	1

# MEMORY engine doesn't support blob columns so
# it creates the temp table on disk directly
CALL print_status_variables('session');
Variable_name	Value
Created_tmp_tables	1
Variable_name	Value
Created_tmp_disk_tables	1
Variable_name	Value
Count_hit_tmp_table_size	0
CALL print_status_variables('global');
Variable_name	Value
Count_hit_tmp_table_size	2
Variable_name	Value
TempTable_count_hit_max_ram	10
# Let us try with a CTE this time
SET @@SESSION.max_heap_table_size=16384;
SET cte_max_recursion_depth=5000;
FLUSH STATUS;

WITH RECURSIVE cte (c) as
(SELECT 1 UNION ALL SELECT 1+c FROM cte WHERE c < 2000)
SELECT MIN(c), MAX(c), AVG(c) FROM cte;
MIN(c)	MAX(c)	AVG(c)
1	2000	1000.5000

# tmp table must be converted from in-memory to on-disk after the table
# size would have exceeded the max_table_size aka max_heap_table_size
# TempTable_count_hit_max_ram must remain unaffected
CALL print_status_variables('session');
Variable_name	Value
Created_tmp_tables	1
Variable_name	Value
Created_tmp_disk_tables	1
Variable_name	Value
Count_hit_tmp_table_size	1
SET @@SESSION.max_heap_table_size=default;

#
# Test case#7 table size exceeds tmp_table_size
#
SET @@SESSION.tmp_table_size=2*1024;
Warnings:
Warning	48040	Tmp_table_size is set below 1MiB. The TEMPTABLE engine requires at least 1MiB table size, and will use that value instead. Please increase the limit to silence this warning.
FLUSH STATUS;

WITH RECURSIVE cte (c) as
(SELECT 1 UNION ALL SELECT 1+c FROM cte WHERE c < 2000)
SELECT MIN(c), MAX(c), AVG(c) FROM cte;
MIN(c)	MAX(c)	AVG(c)
1	2000	1000.5000

# MEMORY engine calculates the max_rows to hold as
# min(tmp_table_size, max_heap_table_size). It fallsback to on-disk
# TempTable_count_hit_max_ram must remain unaffected.
CALL print_status_variables('session');
Variable_name	Value
Created_tmp_tables	1
Variable_name	Value
Created_tmp_disk_tables	0
Variable_name	Value
Count_hit_tmp_table_size	0
SELECT VARIABLE_NAME, VARIABLE_VALUE
FROM performance_schema.session_status WHERE
VARIABLE_NAME LIKE 'Created_tmp%tables' OR
VARIABLE_NAME = 'Count_hit_tmp_table_size' ORDER BY VARIABLE_NAME;
VARIABLE_NAME	VARIABLE_VALUE
Count_hit_tmp_table_size	0
Created_tmp_disk_tables	0
Created_tmp_tables	1

#
# Test case#8 big_table test
#
SET @@SESSION.big_tables=ON;
SELECT @@internal_tmp_mem_storage_engine;
@@internal_tmp_mem_storage_engine
MEMORY
SELECT @@max_heap_table_size;
@@max_heap_table_size
16777216
SELECT @@tmp_table_size;
@@tmp_table_size
1048576
FLUSH STATUS;

SELECT c1, COUNT(DISTINCT(c2)) FROM lob_table GROUP BY c1;
c1	COUNT(DISTINCT(c2))
1	1
2	1
3	1

# Tables are created on the disk directly
CALL print_status_variables('session');
Variable_name	Value
Created_tmp_tables	1
Variable_name	Value
Created_tmp_disk_tables	1
Variable_name	Value
Count_hit_tmp_table_size	0
# Test cleanup
SET @@SESSION.big_tables=default;
# Final cleanup
SET @@SESSION.internal_tmp_mem_storage_engine=default;
DROP TABLE lob_table;
DROP PROCEDURE print_status_variables;
disconnect con1;
disconnect con2;
safe_process[589027]: Child process: 589028, exit: 1



Server [mysqld.1 - pid: 589038, winpid: 589038] log: 
Server log from this test:
----------SERVER LOG START-----------
2026-10-05T16:04:44.465481Z 0 [Note] [MY-013667] [Server] Error-log destination "stderr" is not a file. Can not restore error log messages from previous run.
2026-10-05T16:04:44.288339Z 0 [System] [MY-015015] [Server] MySQL Server - start.
2026-10-05T16:04:44.460766Z 0 [Warning] [MY-013711] [Server] Manifest file '/home/satya/WORK/vector/vec-memory-i-s-base/bld/runtime_output_directory/mysqld.my' is not read-only. For better security, please make sure that the file is read-only.
2026-10-05T16:04:44.462142Z 0 [Warning] [MY-010099] [Server] Insecure configuration for --secure-file-priv: Data directory is accessible through --secure-file-priv. Consider choosing a different directory.
2026-10-05T16:04:44.462151Z 0 [Warning] [MY-010101] [Server] Insecure configuration for --secure-file-priv: Location is accessible to all OS users. Consider choosing a different directory.
2026-10-05T16:04:44.462162Z 0 [Warning] [MY-010097] [Server] Insecure configuration for --secure-log-path: Current value does not restrict location of generated files. Consider setting it to a valid, non-empty path.
2026-10-05T16:04:44.462272Z 0 [Warning] [MY-015655] [Server] Server ignores the discovered container restrictions as --container_aware is OFF
2026-10-05T16:04:44.462295Z 0 [Note] [MY-013932] [Server] BuildID[sha1]=04b11225d2cfd4409339b48b0877815fd177f0a9
2026-10-05T16:04:44.462302Z 0 [Note] [MY-010949] [Server] Basedir set to /home/satya/WORK/vector/vec-memory-i-s-base/bld/.
2026-10-05T16:04:44.462314Z 0 [System] [MY-010116] [Server] /home/satya/WORK/vector/vec-memory-i-s-base/bld/runtime_output_directory/mysqld (mysqld 9.7.1-1-debug) starting as process 588925
2026-10-05T16:04:44.462325Z 0 [System] [MY-015603] [Server] MySQL Server has access to 96 logical CPUs.
2026-10-05T16:04:44.462337Z 0 [System] [MY-015603] [Server] MySQL Server has access to 535796215808 bytes of physical memory.
2026-10-05T16:04:44.465595Z 0 [Note] [MY-048400] [Server] For VECTOR_DISTANCE using  hardware accelerated AVX-512F (dimensions >= 16) and SSE4.2 (dimensions < 16).
2026-10-05T16:04:44.466993Z 0 [Warning] [MY-010075] [Server] No existing UUID has been found, so we assume that this is the first time that this server has been started. Generating a new UUID: 7b05308d-c0d6-11f1-95ae-fea0814f1a12.
2026-10-05T16:04:44.470253Z 0 [Note] [MY-012366] [InnoDB] Using Linux native AIO
2026-10-05T16:04:44.470311Z 0 [Note] [MY-015140] [InnoDB] Using innodb_flush_method=O_DIRECT
2026-10-05T16:04:44.470742Z 0 [Note] [MY-010747] [Server] Plugin 'FEDERATED' is disabled.
2026-10-05T16:04:44.473737Z 1 [System] [MY-013576] [InnoDB] InnoDB initialization has started.
2026-10-05T16:04:44.473787Z 1 [Note] [MY-013546] [InnoDB] Atomic write enabled
2026-10-05T16:04:44.473816Z 1 [Note] [MY-012932] [InnoDB] PUNCH HOLE support available
2026-10-05T16:04:44.473825Z 1 [Note] [MY-012937] [InnoDB] !!!!!!!! UNIV_DEBUG switched on !!!!!!!!!
2026-10-05T16:04:44.473830Z 1 [Note] [MY-012944] [InnoDB] Uses event mutexes
2026-10-05T16:04:44.473835Z 1 [Note] [MY-012945] [InnoDB] GCC builtin __atomic_thread_fence() is used for memory barrier
2026-10-05T16:04:44.473841Z 1 [Note] [MY-012948] [InnoDB] Compressed tables use zlib 1.3.2
2026-10-05T16:04:44.476898Z 1 [Note] [MY-012951] [InnoDB] Using hardware accelerated crc32 and polynomial multiplication.
2026-10-05T16:04:44.477324Z 1 [Note] [MY-012203] [InnoDB] Directories to scan './'
2026-10-05T16:04:44.477359Z 1 [Note] [MY-012204] [InnoDB] Scanning './'
2026-10-05T16:04:44.484828Z 1 [Note] [MY-012208] [InnoDB] Completed space ID check of 8 files.
2026-10-05T16:04:44.487184Z 1 [Note] [MY-012955] [InnoDB] Initializing buffer pool, total size = 24.000000M, instances = 1, chunk size =24.000000M 
2026-10-05T16:04:44.487198Z 1 [Note] [MY-011872] [InnoDB] Setting NUMA memory policy to MPOL_INTERLEAVE
get_mempolicy: Operation not permitted
get_mempolicy: Operation not permitted
2026-10-05T16:04:44.527071Z 1 [Note] [MY-011874] [InnoDB] Setting NUMA memory policy to MPOL_DEFAULT
2026-10-05T16:04:44.527113Z 1 [Note] [MY-012957] [InnoDB] Completed initialization of buffer pool
2026-10-05T16:04:44.532634Z 0 [Note] [MY-011952] [InnoDB] If the mysqld execution user is authorized, page cleaner and LRU manager thread priority can be changed. See the man page of setpriority().
2026-10-05T16:04:44.534590Z 1 [Note] [MY-013532] [InnoDB] Using './#ib_16384_0.dblwr' for doublewrite
2026-10-05T16:04:44.539395Z 1 [Note] [MY-013532] [InnoDB] Using './#ib_16384_1.dblwr' for doublewrite
2026-10-05T16:04:44.550921Z 1 [Note] [MY-013566] [InnoDB] Double write buffer files: 2, --innodb-doublewrite-files=2, segments_per_file=2
2026-10-05T16:04:44.550947Z 1 [Note] [MY-013565] [InnoDB] Double write buffer pages per instance: 128
2026-10-05T16:04:44.550967Z 1 [Note] [MY-013532] [InnoDB] Using './#ib_16384_0.dblwr' for doublewrite
2026-10-05T16:04:44.550982Z 1 [Note] [MY-013532] [InnoDB] Using './#ib_16384_1.dblwr' for doublewrite
2026-10-05T16:04:44.792274Z 1 [Note] [MY-013883] [InnoDB] The latest found checkpoint is at lsn = 19328774 in redo log file ./#innodb_redo/#ib_redo59.
2026-10-05T16:04:44.792350Z 1 [Note] [MY-013086] [InnoDB] Starting to parse redo log at lsn = 19328543, whereas checkpoint_lsn = 19328774 and start_lsn = 19328512
2026-10-05T16:04:44.792370Z 1 [Note] [MY-012532] [InnoDB] Applying a batch of 0 redo log records ...
2026-10-05T16:04:44.792446Z 1 [Note] [MY-012535] [InnoDB] Apply batch completed!
2026-10-05T16:04:44.803585Z 1 [Note] [MY-013083] [InnoDB] Log background threads are being started...
2026-10-05T16:04:44.804707Z 1 [Note] [MY-013252] [InnoDB] Using undo tablespace './undo_001'.
2026-10-05T16:04:44.804947Z 1 [Note] [MY-013252] [InnoDB] Using undo tablespace './undo_002'.
2026-10-05T16:04:44.805415Z 1 [Note] [MY-012910] [InnoDB] Opened 2 existing undo tablespaces.
2026-10-05T16:04:44.805466Z 1 [Note] [MY-011980] [InnoDB] GTID recovery trx_no: 1091
2026-10-05T16:04:44.874662Z 1 [Note] [MY-013776] [InnoDB] Parallel initialization of rseg complete
2026-10-05T16:04:44.874691Z 1 [Note] [MY-013777] [InnoDB] Time taken to initialize rseg using 4 thread: 69 ms.
2026-10-05T16:04:44.874907Z 1 [Note] [MY-012923] [InnoDB] Creating shared tablespace for temporary tables
2026-10-05T16:04:44.875039Z 1 [Note] [MY-012265] [InnoDB] Setting file './ibtmp1' size to 12 MB. Physically writing the file full; Please wait ...
2026-10-05T16:04:44.876876Z 1 [Note] [MY-012266] [InnoDB] File './ibtmp1' size is now 12 MB.
2026-10-05T16:04:44.877051Z 1 [Note] [MY-013627] [InnoDB] Scanning temp tablespace dir:'./#innodb_temp/'
2026-10-05T16:04:44.902661Z 1 [Note] [MY-013018] [InnoDB] Created 128 and tracked 128 new rollback segment(s) in the temporary tablespace. 128 are now active.
2026-10-05T16:04:44.903125Z 1 [Note] [MY-012976] [InnoDB] Percona XtraDB (http://www.percona.com) 9.7.1-1 started; log sequence number 19328784
2026-10-05T16:04:44.903426Z 1 [System] [MY-013577] [InnoDB] InnoDB initialization has ended.
2026-10-05T16:04:44.924644Z 1 [Note] [MY-011089] [Server] Data dictionary restarting version '90200'.
2026-10-05T16:04:45.446436Z 1 [Note] [MY-012357] [InnoDB] Reading DD tablespace files
2026-10-05T16:04:45.451204Z 1 [Note] [MY-012356] [InnoDB] Scanned 10 tablespaces. Validated 10.
2026-10-05T16:04:45.549075Z 1 [Note] [MY-010006] [Server] Using data dictionary with version '90200'.
2026-10-05T16:04:45.571077Z 0 [Note] [MY-011245] [Server] Plugin mysqlx reported: 'Scheduler 'work', set number of threads to 2'
2026-10-05T16:04:45.571153Z 0 [Note] [MY-011245] [Server] Plugin mysqlx reported: 'Scheduler 'work', create threads'
2026-10-05T16:04:45.571209Z 0 [Note] [MY-011245] [Server] Plugin mysqlx reported: 'Scheduler 'work', create threads'
2026-10-05T16:04:45.571236Z 0 [Note] [MY-011245] [Server] Plugin mysqlx reported: 'Scheduler "work" started.'
2026-10-05T16:04:45.571241Z 0 [Note] [MY-011245] [Server] Plugin mysqlx reported: 'Scheduler 'network', create threads'
2026-10-05T16:04:45.571267Z 0 [Note] [MY-011245] [Server] Plugin mysqlx reported: 'Scheduler "network" started.'
2026-10-05T16:04:45.571314Z 0 [Note] [MY-011245] [Server] Plugin mysqlx reported: 'TCP Sockets address is '*' and port is 13020'
2026-10-05T16:04:45.571369Z 0 [Note] [MY-011332] [Server] Plugin mysqlx reported: 'IPv6 is available'
2026-10-05T16:04:45.571425Z 0 [Note] [MY-011245] [Server] Plugin mysqlx reported: 'UNIX Socket is /home/satya/WORK/vector/vec-memory-i-s-base/bld/mysql-test/var/tmp/mysqlx.1.sock'
2026-10-05T16:04:45.571651Z 0 [Note] [MY-011323] [Server] Plugin mysqlx reported: 'X Plugin ready for connections. bind-address: '::' port: 13020'
2026-10-05T16:04:45.571666Z 0 [Note] [MY-011323] [Server] Plugin mysqlx reported: 'X Plugin ready for connections. socket: '/home/satya/WORK/vector/vec-memory-i-s-base/bld/mysql-test/var/tmp/mysqlx.1.sock''
2026-10-05T16:04:46.202583Z 0 [Note] [MY-010902] [Server] Thread priority attribute setting in Resource Group SQL shall be ignored due to unsupported platform or insufficient privilege.
2026-10-05T16:04:46.213043Z 0 [Note] [MY-013911] [Server] Crash recovery finished in binlog engine. No attempts to commit, rollback or prepare any transactions.
2026-10-05T16:04:46.213068Z 0 [Note] [MY-013911] [Server] Crash recovery finished in InnoDB engine. No attempts to commit, rollback or prepare any transactions.
2026-10-05T16:04:46.219349Z 0 [Note] [MY-012487] [InnoDB] DDL log recovery : begin
2026-10-05T16:04:46.219619Z 0 [Note] [MY-012488] [InnoDB] DDL log recovery : end
2026-10-05T16:04:46.219834Z 0 [Note] [MY-011946] [InnoDB] Loading buffer pool(s) from /home/satya/WORK/vector/vec-memory-i-s-base/bld/mysql-test/var/mysqld.1/data/ib_buffer_pool
2026-10-05T16:04:46.226535Z 0 [Note] [MY-011946] [InnoDB] Buffer pool(s) load completed at 261005 19:04:46
2026-10-05T16:04:46.252695Z 0 [Note] [MY-010303] [Server] Skipping generation of SSL certificates as options related to SSL are specified.
2026-10-05T16:04:46.254547Z 0 [Warning] [MY-010068] [Server] CA certificate /home/satya/WORK/vector/vec-memory-i-s-base/mysql-test/std_data/cacert.pem is self signed.
2026-10-05T16:04:46.254576Z 0 [System] [MY-013602] [Server] Channel mysql_main configured to support TLS. Encrypted connections are now supported for this channel.
2026-10-05T16:04:46.254583Z 0 [Note] [MY-010310] [Server] Skipping generation of RSA key pair as --sha256_password_auto_generate_rsa_keys is set to OFF.
2026-10-05T16:04:46.254589Z 0 [Note] [MY-010310] [Server] Skipping generation of RSA key pair as --caching_sha2_password_auto_generate_rsa_keys is set to OFF.
2026-10-05T16:04:46.255120Z 0 [Note] [MY-010252] [Server] Server hostname (bind-address): '*'; port: 13000
2026-10-05T16:04:46.255151Z 0 [Note] [MY-010253] [Server] IPv6 is available.
2026-10-05T16:04:46.255157Z 0 [Note] [MY-010264] [Server]   - '::' resolves to '::';
2026-10-05T16:04:46.255174Z 0 [Note] [MY-010251] [Server] Server socket created on IP: '::'.
2026-10-05T16:04:46.264985Z 0 [Warning] [MY-000067] [Server] unknown variable 'loose-mysqlx-ssl=DISABLED'.
2026-10-05T16:04:46.355015Z 0 [Note] [MY-011025] [Repl] Failed to start replica threads for channel ''.
2026-10-05T16:04:46.364301Z 5 [Note] [MY-010051] [Server] Event Scheduler: scheduler thread started with id 5
2026-10-05T16:04:46.364603Z 0 [Note] [MY-011240] [Server] Plugin mysqlx reported: 'Using SSL configuration from MySQL Server'
2026-10-05T16:04:46.365143Z 0 [Note] [MY-011243] [Server] Plugin mysqlx reported: 'Using OpenSSL for TLS connections'
2026-10-05T16:04:46.365170Z 0 [Note] [MY-011245] [Server] Plugin mysqlx reported: 'Scheduler 'network', post task'
2026-10-05T16:04:46.365182Z 0 [Note] [MY-011245] [Server] Plugin mysqlx reported: 'Scheduler 'network', create threads'
2026-10-05T16:04:46.365232Z 0 [Note] [MY-011245] [Server] Plugin mysqlx reported: 'Scheduler 'network', post task'
2026-10-05T16:04:46.365236Z 0 [Note] [MY-011245] [Server] Plugin mysqlx reported: 'Scheduler 'network', create threads'
2026-10-05T16:04:46.365285Z 0 [Note] [MY-011245] [Server] Plugin mysqlx reported: 'Socket_acceptors_task::pre_loop'
2026-10-05T16:04:46.365338Z 0 [System] [MY-011323] [Server] X Plugin ready for connections. Bind-address: '::' port: 13020, socket: /home/satya/WORK/vector/vec-memory-i-s-base/bld/mysql-test/var/tmp/mysqlx.1.sock
2026-10-05T16:04:46.365472Z 0 [System] [MY-010931] [Server] /home/satya/WORK/vector/vec-memory-i-s-base/bld/runtime_output_directory/mysqld: ready for connections. Version: '9.7.1-1-debug'  socket: '/home/satya/WORK/vector/vec-memory-i-s-base/bld/mysql-test/var/tmp/mysqld.1.sock'  port: 13000  Source distribution.
2026-10-05T16:04:46.791680Z 10 [System] [MY-013172] [Server] Received SHUTDOWN from user root. Shutting down mysqld (Version: 9.7.1-1-debug).
2026-10-05T16:04:46.792259Z 0 [Note] [MY-011245] [Server] Plugin mysqlx reported: 'Server::graceful_shutdown state=1'
2026-10-05T16:04:46.792330Z 0 [Note] [MY-011245] [Server] Plugin mysqlx reported: 'Socket_acceptors_task::post_loop'
2026-10-05T16:04:46.792828Z 0 [Note] [MY-015023] [Server] MySQL Server: Closing Connections - start.
2026-10-05T16:04:46.792917Z 0 [Note] [MY-010067] [Server] Giving 2 client threads a chance to die gracefully
2026-10-05T16:04:46.792933Z 0 [Note] [MY-010117] [Server] Shutting down replica threads
2026-10-05T16:04:46.792945Z 0 [Note] [MY-010054] [Server] Event Scheduler: Killing the scheduler thread, thread id 5
2026-10-05T16:04:46.792956Z 0 [Note] [MY-010050] [Server] Event Scheduler: Waiting for the scheduler thread to reply
2026-10-05T16:04:46.793111Z 0 [Note] [MY-010048] [Server] Event Scheduler: Stopped
2026-10-05T16:04:48.793190Z 0 [Note] [MY-010118] [Server] Forcefully disconnecting 0 remaining clients
2026-10-05T16:04:48.793223Z 0 [Note] [MY-010043] [Server] Event Scheduler: Purging the queue. 0 events
2026-10-05T16:04:48.793304Z 0 [Note] [MY-015024] [Server] MySQL Server: Closing Connections - end.
2026-10-05T16:04:48.794516Z 0 [Note] [MY-012330] [InnoDB] FTS optimize thread exiting.
2026-10-05T16:04:49.554800Z 0 [Note] [MY-010120] [Server] Binlog end
2026-10-05T16:04:49.557011Z 0 [Note] [MY-015019] [Server] MySQL Server: Plugins Shutdown - start.
2026-10-05T16:04:49.557031Z 0 [Note] [MY-010733] [Server] Shutting down plugin 'mysqlx'
2026-10-05T16:04:49.557157Z 0 [Note] [MY-011245] [Server] Plugin mysqlx reported: 'Scheduler "work" stopped.'
2026-10-05T16:04:49.557244Z 0 [Note] [MY-011245] [Server] Plugin mysqlx reported: 'Scheduler "network" stopped.'
2026-10-05T16:04:49.557536Z 0 [Note] [MY-010733] [Server] Shutting down plugin 'mysqlx_cache_cleaner'
2026-10-05T16:04:49.557545Z 0 [Note] [MY-010733] [Server] Shutting down plugin 'ngram'
2026-10-05T16:04:49.557549Z 0 [Note] [MY-010733] [Server] Shutting down plugin 'BLACKHOLE'
2026-10-05T16:04:49.557559Z 0 [Note] [MY-010733] [Server] Shutting down plugin 'ARCHIVE'
2026-10-05T16:04:49.557563Z 0 [Note] [MY-010733] [Server] Shutting down plugin 'TempTable'
2026-10-05T16:04:49.557570Z 0 [Note] [MY-010733] [Server] Shutting down plugin 'MRG_MYISAM'
2026-10-05T16:04:49.557576Z 0 [Note] [MY-010733] [Server] Shutting down plugin 'MyISAM'
2026-10-05T16:04:49.557594Z 0 [Note] [MY-010733] [Server] Shutting down plugin 'INNODB_SESSION_TEMP_TABLESPACES'
2026-10-05T16:04:49.557600Z 0 [Note] [MY-010733] [Server] Shutting down plugin 'INNODB_CACHED_INDEXES'
2026-10-05T16:04:49.557604Z 0 [Note] [MY-010733] [Server] Shutting down plugin 'INNODB_VIRTUAL'
2026-10-05T16:04:49.557609Z 0 [Note] [MY-010733] [Server] Shutting down plugin 'INNODB_COLUMNS'
2026-10-05T16:04:49.557613Z 0 [Note] [MY-010733] [Server] Shutting down plugin 'INNODB_TABLESPACES'
2026-10-05T16:04:49.557617Z 0 [Note] [MY-010733] [Server] Shutting down plugin 'INNODB_INDEXES'
2026-10-05T16:04:49.557622Z 0 [Note] [MY-010733] [Server] Shutting down plugin 'INNODB_TABLESTATS'
2026-10-05T16:04:49.557626Z 0 [Note] [MY-010733] [Server] Shutting down plugin 'INNODB_TABLES'
2026-10-05T16:04:49.557630Z 0 [Note] [MY-010733] [Server] Shutting down plugin 'INNODB_FT_INDEX_TABLE'
2026-10-05T16:04:49.557634Z 0 [Note] [MY-010733] [Server] Shutting down plugin 'INNODB_FT_INDEX_CACHE'
2026-10-05T16:04:49.557638Z 0 [Note] [MY-010733] [Server] Shutting down plugin 'INNODB_FT_CONFIG'
2026-10-05T16:04:49.557642Z 0 [Note] [MY-010733] [Server] Shutting down plugin 'INNODB_FT_BEING_DELETED'
2026-10-05T16:04:49.557646Z 0 [Note] [MY-010733] [Server] Shutting down plugin 'INNODB_FT_DELETED'
2026-10-05T16:04:49.557654Z 0 [Note] [MY-010733] [Server] Shutting down plugin 'INNODB_FT_DEFAULT_STOPWORD'
2026-10-05T16:04:49.557658Z 0 [Note] [MY-010733] [Server] Shutting down plugin 'INNODB_METRICS'
2026-10-05T16:04:49.557662Z 0 [Note] [MY-010733] [Server] Shutting down plugin 'INNODB_TEMP_TABLE_INFO'
2026-10-05T16:04:49.557666Z 0 [Note] [MY-010733] [Server] Shutting down plugin 'INNODB_BUFFER_POOL_STATS'
2026-10-05T16:04:49.557670Z 0 [Note] [MY-010733] [Server] Shutting down plugin 'INNODB_BUFFER_PAGE_LRU'
2026-10-05T16:04:49.557678Z 0 [Note] [MY-010733] [Server] Shutting down plugin 'INNODB_BUFFER_PAGE'
2026-10-05T16:04:49.557682Z 0 [Note] [MY-010733] [Server] Shutting down plugin 'INNODB_CMP_PER_INDEX_RESET'
2026-10-05T16:04:49.557687Z 0 [Note] [MY-010733] [Server] Shutting down plugin 'INNODB_CMP_PER_INDEX'
2026-10-05T16:04:49.557691Z 0 [Note] [MY-010733] [Server] Shutting down plugin 'INNODB_CMPMEM_RESET'
2026-10-05T16:04:49.557695Z 0 [Note] [MY-010733] [Server] Shutting down plugin 'INNODB_CMPMEM'
2026-10-05T16:04:49.557699Z 0 [Note] [MY-010733] [Server] Shutting down plugin 'INNODB_CMP_RESET'
2026-10-05T16:04:49.557703Z 0 [Note] [MY-010733] [Server] Shutting down plugin 'INNODB_CMP'
2026-10-05T16:04:49.557707Z 0 [Note] [MY-010733] [Server] Shutting down plugin 'INNODB_TRX'
2026-10-05T16:04:49.557712Z 0 [Note] [MY-010733] [Server] Shutting down plugin 'MEMORY'
2026-10-05T16:04:49.557717Z 0 [Note] [MY-010733] [Server] Shutting down plugin 'CSV'
2026-10-05T16:04:49.557723Z 0 [Note] [MY-010733] [Server] Shutting down plugin 'PERFORMANCE_SCHEMA'
2026-10-05T16:04:49.557786Z 0 [Note] [MY-010733] [Server] Shutting down plugin 'daemon_keyring_proxy_plugin'
2026-10-05T16:04:49.557833Z 0 [Note] [MY-010733] [Server] Shutting down plugin 'caching_sha2_password'
2026-10-05T16:04:49.557857Z 0 [Note] [MY-010733] [Server] Shutting down plugin 'sha256_password'
2026-10-05T16:04:49.557968Z 0 [Note] [MY-010733] [Server] Shutting down plugin 'binlog'
2026-10-05T16:04:49.557977Z 0 [Note] [MY-010733] [Server] Shutting down plugin 'InnoDB'
2026-10-05T16:04:49.558037Z 0 [Note] [MY-013072] [InnoDB] Starting shutdown...
2026-10-05T16:04:49.558115Z 0 [Note] [MY-011944] [InnoDB] Dumping buffer pool(s) to /home/satya/WORK/vector/vec-memory-i-s-base/bld/mysql-test/var/mysqld.1/data/ib_buffer_pool
2026-10-05T16:04:49.558287Z 0 [Note] [MY-011944] [InnoDB] Buffer pool(s) dump completed at 261005 19:04:49
2026-10-05T16:04:49.663696Z 0 [Note] [MY-013084] [InnoDB] Log background threads are being closed...
2026-10-05T16:04:50.083357Z 0 [Note] [MY-013854] [InnoDB] Bytes written to disk by DBLWR (ON): 2129920
2026-10-05T16:04:50.084025Z 0 [Note] [MY-012980] [InnoDB] Shutdown completed; log sequence number 19704423
2026-10-05T16:04:50.084270Z 0 [Note] [MY-012255] [InnoDB] Removed temporary tablespace data file: "ibtmp1"
2026-10-05T16:04:50.084565Z 0 [Note] [MY-015020] [Server] MySQL Server: Plugins Shutdown - end.
2026-10-05T16:04:50.085877Z 0 [Note] [MY-010037] [Server] Debug sync points hit:                                   104325
2026-10-05T16:04:50.085892Z 0 [Note] [MY-010038] [Server] Debug sync points executed:                                   0
2026-10-05T16:04:50.085897Z 0 [Note] [MY-010039] [Server] Debug sync points max active per thread:                      0
2026-10-05T16:04:50.086053Z 0 [Note] [MY-015021] [Server] MySQL Server: Components Shutdown - start.
2026-10-05T16:04:50.086767Z 0 [Note] [MY-015022] [Server] MySQL Server: Components Shutdown - end (with return value = 0).
2026-10-05T16:04:50.086932Z 0 [System] [MY-010910] [Server] /home/satya/WORK/vector/vec-memory-i-s-base/bld/runtime_output_directory/mysqld: Shutdown complete (mysqld 9.7.1-1-debug)  Source distribution.
2026-10-05T16:04:50.086938Z 0 [System] [MY-015016] [Server] MySQL Server - end.
2026-10-05T16:04:51.126624Z 0 [Note] [MY-013667] [Server] Error-log destination "stderr" is not a file. Can not restore error log messages from previous run.
2026-10-05T16:04:50.954229Z 0 [System] [MY-015015] [Server] MySQL Server - start.
2026-10-05T16:04:51.121624Z 0 [Warning] [MY-013711] [Server] Manifest file '/home/satya/WORK/vector/vec-memory-i-s-base/bld/runtime_output_directory/mysqld.my' is not read-only. For better security, please make sure that the file is read-only.
2026-10-05T16:04:51.123252Z 0 [Warning] [MY-010099] [Server] Insecure configuration for --secure-file-priv: Data directory is accessible through --secure-file-priv. Consider choosing a different directory.
2026-10-05T16:04:51.123262Z 0 [Warning] [MY-010101] [Server] Insecure configuration for --secure-file-priv: Location is accessible to all OS users. Consider choosing a different directory.
2026-10-05T16:04:51.123269Z 0 [Warning] [MY-010097] [Server] Insecure configuration for --secure-log-path: Current value does not restrict location of generated files. Consider setting it to a valid, non-empty path.
2026-10-05T16:04:51.123380Z 0 [Warning] [MY-015655] [Server] Server ignores the discovered container restrictions as --container_aware is OFF
2026-10-05T16:04:51.123403Z 0 [Note] [MY-013932] [Server] BuildID[sha1]=04b11225d2cfd4409339b48b0877815fd177f0a9
2026-10-05T16:04:51.123410Z 0 [Note] [MY-010949] [Server] Basedir set to /home/satya/WORK/vector/vec-memory-i-s-base/bld/.
2026-10-05T16:04:51.123422Z 0 [System] [MY-010116] [Server] /home/satya/WORK/vector/vec-memory-i-s-base/bld/runtime_output_directory/mysqld (mysqld 9.7.1-1-debug) starting as process 589039
2026-10-05T16:04:51.123433Z 0 [System] [MY-015603] [Server] MySQL Server has access to 96 logical CPUs.
2026-10-05T16:04:51.123446Z 0 [System] [MY-015603] [Server] MySQL Server has access to 535796215808 bytes of physical memory.
2026-10-05T16:04:51.126738Z 0 [Note] [MY-048400] [Server] For VECTOR_DISTANCE using  hardware accelerated AVX-512F (dimensions >= 16) and SSE4.2 (dimensions < 16).
2026-10-05T16:04:51.130383Z 0 [Note] [MY-012366] [InnoDB] Using Linux native AIO
2026-10-05T16:04:51.130436Z 0 [Note] [MY-015140] [InnoDB] Using innodb_flush_method=O_DIRECT
2026-10-05T16:04:51.130866Z 0 [Note] [MY-010747] [Server] Plugin 'FEDERATED' is disabled.
2026-10-05T16:04:51.134117Z 1 [System] [MY-013576] [InnoDB] InnoDB initialization has started.
2026-10-05T16:04:51.134172Z 1 [Note] [MY-013546] [InnoDB] Atomic write enabled
2026-10-05T16:04:51.134201Z 1 [Note] [MY-012932] [InnoDB] PUNCH HOLE support available
2026-10-05T16:04:51.134208Z 1 [Note] [MY-012937] [InnoDB] !!!!!!!! UNIV_DEBUG switched on !!!!!!!!!
2026-10-05T16:04:51.134214Z 1 [Note] [MY-012944] [InnoDB] Uses event mutexes
2026-10-05T16:04:51.134219Z 1 [Note] [MY-012945] [InnoDB] GCC builtin __atomic_thread_fence() is used for memory barrier
2026-10-05T16:04:51.134226Z 1 [Note] [MY-012948] [InnoDB] Compressed tables use zlib 1.3.2
2026-10-05T16:04:51.137270Z 1 [Note] [MY-012951] [InnoDB] Using hardware accelerated crc32 and polynomial multiplication.
2026-10-05T16:04:51.137698Z 1 [Note] [MY-012203] [InnoDB] Directories to scan './'
2026-10-05T16:04:51.137725Z 1 [Note] [MY-012204] [InnoDB] Scanning './'
2026-10-05T16:04:51.139808Z 1 [Note] [MY-012208] [InnoDB] Completed space ID check of 8 files.
2026-10-05T16:04:51.141905Z 1 [Note] [MY-012955] [InnoDB] Initializing buffer pool, total size = 24.000000M, instances = 1, chunk size =24.000000M 
2026-10-05T16:04:51.141919Z 1 [Note] [MY-011872] [InnoDB] Setting NUMA memory policy to MPOL_INTERLEAVE
get_mempolicy: Operation not permitted
get_mempolicy: Operation not permitted
2026-10-05T16:04:51.182318Z 1 [Note] [MY-011874] [InnoDB] Setting NUMA memory policy to MPOL_DEFAULT
2026-10-05T16:04:51.182347Z 1 [Note] [MY-012957] [InnoDB] Completed initialization of buffer pool
2026-10-05T16:04:51.188082Z 0 [Note] [MY-011952] [InnoDB] If the mysqld execution user is authorized, page cleaner and LRU manager thread priority can be changed. See the man page of setpriority().
2026-10-05T16:04:51.188306Z 1 [Note] [MY-013532] [InnoDB] Using './#ib_16384_0.dblwr' for doublewrite
2026-10-05T16:04:51.192285Z 1 [Note] [MY-013532] [InnoDB] Using './#ib_16384_1.dblwr' for doublewrite
2026-10-05T16:04:51.203551Z 1 [Note] [MY-013566] [InnoDB] Double write buffer files: 2, --innodb-doublewrite-files=2, segments_per_file=2
2026-10-05T16:04:51.203570Z 1 [Note] [MY-013565] [InnoDB] Double write buffer pages per instance: 128
2026-10-05T16:04:51.203589Z 1 [Note] [MY-013532] [InnoDB] Using './#ib_16384_0.dblwr' for doublewrite
2026-10-05T16:04:51.203604Z 1 [Note] [MY-013532] [InnoDB] Using './#ib_16384_1.dblwr' for doublewrite
2026-10-05T16:04:51.445790Z 1 [Note] [MY-013883] [InnoDB] The latest found checkpoint is at lsn = 19704423 in redo log file ./#innodb_redo/#ib_redo60.
2026-10-05T16:04:51.445877Z 1 [Note] [MY-013086] [InnoDB] Starting to parse redo log at lsn = 19704423, whereas checkpoint_lsn = 19704423 and start_lsn = 19704320
2026-10-05T16:04:51.445888Z 1 [Note] [MY-012532] [InnoDB] Applying a batch of 0 redo log records ...
2026-10-05T16:04:51.445976Z 1 [Note] [MY-012535] [InnoDB] Apply batch completed!
2026-10-05T16:04:51.457140Z 1 [Note] [MY-013083] [InnoDB] Log background threads are being started...
2026-10-05T16:04:51.458256Z 1 [Note] [MY-013252] [InnoDB] Using undo tablespace './undo_001'.
2026-10-05T16:04:51.458550Z 1 [Note] [MY-013252] [InnoDB] Using undo tablespace './undo_002'.
2026-10-05T16:04:51.458950Z 1 [Note] [MY-012910] [InnoDB] Opened 2 existing undo tablespaces.
2026-10-05T16:04:51.458999Z 1 [Note] [MY-011980] [InnoDB] GTID recovery trx_no: 1549
2026-10-05T16:04:51.518697Z 1 [Note] [MY-013776] [InnoDB] Parallel initialization of rseg complete
2026-10-05T16:04:51.518727Z 1 [Note] [MY-013777] [InnoDB] Time taken to initialize rseg using 4 thread: 59 ms.
2026-10-05T16:04:51.518938Z 1 [Note] [MY-012923] [InnoDB] Creating shared tablespace for temporary tables
2026-10-05T16:04:51.519063Z 1 [Note] [MY-012265] [InnoDB] Setting file './ibtmp1' size to 12 MB. Physically writing the file full; Please wait ...
2026-10-05T16:04:51.520881Z 1 [Note] [MY-012266] [InnoDB] File './ibtmp1' size is now 12 MB.
2026-10-05T16:04:51.521048Z 1 [Note] [MY-013627] [InnoDB] Scanning temp tablespace dir:'./#innodb_temp/'
2026-10-05T16:04:51.546445Z 1 [Note] [MY-013018] [InnoDB] Created 128 and tracked 128 new rollback segment(s) in the temporary tablespace. 128 are now active.
2026-10-05T16:04:51.546849Z 1 [Note] [MY-012976] [InnoDB] Percona XtraDB (http://www.percona.com) 9.7.1-1 started; log sequence number 19704433
2026-10-05T16:04:51.547383Z 1 [System] [MY-013577] [InnoDB] InnoDB initialization has ended.
2026-10-05T16:04:51.565090Z 1 [Note] [MY-011089] [Server] Data dictionary restarting version '90200'.
2026-10-05T16:04:52.084445Z 1 [Note] [MY-012357] [InnoDB] Reading DD tablespace files
2026-10-05T16:04:52.089228Z 1 [Note] [MY-012356] [InnoDB] Scanned 10 tablespaces. Validated 10.
2026-10-05T16:04:52.181755Z 1 [Note] [MY-010006] [Server] Using data dictionary with version '90200'.
2026-10-05T16:04:52.206468Z 0 [Note] [MY-011245] [Server] Plugin mysqlx reported: 'Scheduler 'work', set number of threads to 2'
2026-10-05T16:04:52.206541Z 0 [Note] [MY-011245] [Server] Plugin mysqlx reported: 'Scheduler 'work', create threads'
2026-10-05T16:04:52.206606Z 0 [Note] [MY-011245] [Server] Plugin mysqlx reported: 'Scheduler 'work', create threads'
2026-10-05T16:04:52.206633Z 0 [Note] [MY-011245] [Server] Plugin mysqlx reported: 'Scheduler "work" started.'
2026-10-05T16:04:52.206639Z 0 [Note] [MY-011245] [Server] Plugin mysqlx reported: 'Scheduler 'network', create threads'
2026-10-05T16:04:52.206665Z 0 [Note] [MY-011245] [Server] Plugin mysqlx reported: 'Scheduler "network" started.'
2026-10-05T16:04:52.206713Z 0 [Note] [MY-011245] [Server] Plugin mysqlx reported: 'TCP Sockets address is '*' and port is 13020'
2026-10-05T16:04:52.206766Z 0 [Note] [MY-011332] [Server] Plugin mysqlx reported: 'IPv6 is available'
2026-10-05T16:04:52.206822Z 0 [Note] [MY-011245] [Server] Plugin mysqlx reported: 'UNIX Socket is /home/satya/WORK/vector/vec-memory-i-s-base/bld/mysql-test/var/tmp/mysqlx.1.sock'
2026-10-05T16:04:52.207054Z 0 [Note] [MY-011323] [Server] Plugin mysqlx reported: 'X Plugin ready for connections. bind-address: '::' port: 13020'
2026-10-05T16:04:52.207073Z 0 [Note] [MY-011323] [Server] Plugin mysqlx reported: 'X Plugin ready for connections. socket: '/home/satya/WORK/vector/vec-memory-i-s-base/bld/mysql-test/var/tmp/mysqlx.1.sock''
2026-10-05T16:04:52.349303Z 0 [Note] [MY-010902] [Server] Thread priority attribute setting in Resource Group SQL shall be ignored due to unsupported platform or insufficient privilege.
2026-10-05T16:04:52.355862Z 0 [Note] [MY-010856] [Server] Failed to open the crashed binlog file when source server is recovering it.
2026-10-05T16:04:52.360874Z 0 [Note] [MY-013911] [Server] Crash recovery finished in binlog engine. No attempts to commit, rollback or prepare any transactions.
2026-10-05T16:04:52.360891Z 0 [Note] [MY-013911] [Server] Crash recovery finished in InnoDB engine. No attempts to commit, rollback or prepare any transactions.
2026-10-05T16:04:52.366117Z 0 [Note] [MY-012487] [InnoDB] DDL log recovery : begin
2026-10-05T16:04:52.366414Z 0 [Note] [MY-012488] [InnoDB] DDL log recovery : end
2026-10-05T16:04:52.366603Z 0 [Note] [MY-011946] [InnoDB] Loading buffer pool(s) from /home/satya/WORK/vector/vec-memory-i-s-base/bld/mysql-test/var/mysqld.1/data/ib_buffer_pool
2026-10-05T16:04:52.371816Z 0 [Note] [MY-011946] [InnoDB] Buffer pool(s) load completed at 261005 19:04:52
2026-10-05T16:04:52.415944Z 0 [Note] [MY-010303] [Server] Skipping generation of SSL certificates as options related to SSL are specified.
2026-10-05T16:04:52.417785Z 0 [Warning] [MY-010068] [Server] CA certificate /home/satya/WORK/vector/vec-memory-i-s-base/mysql-test/std_data/cacert.pem is self signed.
2026-10-05T16:04:52.417813Z 0 [System] [MY-013602] [Server] Channel mysql_main configured to support TLS. Encrypted connections are now supported for this channel.
2026-10-05T16:04:52.417822Z 0 [Note] [MY-010310] [Server] Skipping generation of RSA key pair as --sha256_password_auto_generate_rsa_keys is set to OFF.
2026-10-05T16:04:52.417827Z 0 [Note] [MY-010310] [Server] Skipping generation of RSA key pair as --caching_sha2_password_auto_generate_rsa_keys is set to OFF.
2026-10-05T16:04:52.418359Z 0 [Note] [MY-010252] [Server] Server hostname (bind-address): '*'; port: 13000
2026-10-05T16:04:52.418389Z 0 [Note] [MY-010253] [Server] IPv6 is available.
2026-10-05T16:04:52.418396Z 0 [Note] [MY-010264] [Server]   - '::' resolves to '::';
2026-10-05T16:04:52.418404Z 0 [Note] [MY-010251] [Server] Server socket created on IP: '::'.
2026-10-05T16:04:52.428345Z 0 [Warning] [MY-000067] [Server] unknown variable 'loose-mysqlx-ssl=DISABLED'.
2026-10-05T16:04:52.520810Z 0 [Note] [MY-011025] [Repl] Failed to start replica threads for channel ''.
2026-10-05T16:04:52.530646Z 5 [Note] [MY-010051] [Server] Event Scheduler: scheduler thread started with id 5
2026-10-05T16:04:52.530960Z 0 [Note] [MY-011240] [Server] Plugin mysqlx reported: 'Using SSL configuration from MySQL Server'
2026-10-05T16:04:52.531513Z 0 [Note] [MY-011243] [Server] Plugin mysqlx reported: 'Using OpenSSL for TLS connections'
2026-10-05T16:04:52.531539Z 0 [Note] [MY-011245] [Server] Plugin mysqlx reported: 'Scheduler 'network', post task'
2026-10-05T16:04:52.531547Z 0 [Note] [MY-011245] [Server] Plugin mysqlx reported: 'Scheduler 'network', create threads'
2026-10-05T16:04:52.531601Z 0 [Note] [MY-011245] [Server] Plugin mysqlx reported: 'Scheduler 'network', post task'
2026-10-05T16:04:52.531606Z 0 [Note] [MY-011245] [Server] Plugin mysqlx reported: 'Scheduler 'network', create threads'
2026-10-05T16:04:52.531657Z 0 [Note] [MY-011245] [Server] Plugin mysqlx reported: 'Socket_acceptors_task::pre_loop'
2026-10-05T16:04:52.531710Z 0 [System] [MY-011323] [Server] X Plugin ready for connections. Bind-address: '::' port: 13020, socket: /home/satya/WORK/vector/vec-memory-i-s-base/bld/mysql-test/var/tmp/mysqlx.1.sock
2026-10-05T16:04:52.531845Z 0 [System] [MY-010931] [Server] /home/satya/WORK/vector/vec-memory-i-s-base/bld/runtime_output_directory/mysqld: ready for connections. Version: '9.7.1-1-debug'  socket: '/home/satya/WORK/vector/vec-memory-i-s-base/bld/mysql-test/var/tmp/mysqld.1.sock'  port: 13000  Source distribution.
----------SERVER LOG END-------------


 - the logfile can be found in '/home/satya/WORK/vector/vec-memory-i-s-base/bld/mysql-test/var/log/main.temptable_status_vars/temptable_status_vars.log'

Test main.temptable_status_vars has failed 2 times, no more retries.

[ 66%] main.user_host_name                       [ fail ]
        Test ended at 2026-10-05 16:04:59

CURRENT_TEST: main.user_host_name
--- /home/satya/WORK/vector/vec-memory-i-s-base/mysql-test/r/user_host_name.result	2026-10-05 19:03:07.669310985 +0300
+++ /home/satya/WORK/vector/vec-memory-i-s-base/bld/mysql-test/var/log/user_host_name.reject	2026-10-05 19:04:58.447953706 +0300
@@ -31,7 +31,6 @@
 mysql.infoschema	16	localhost	9
 mysql.session	13	localhost	9
 mysql.sys	9	localhost	9
-percona.telemetry	17	localhost	9
 root	4	localhost	9
 GRANT ' role2' TO '  user2'@' host.org';
 Warnings:

mysqltest: Result content mismatch


The result from queries just before the failure was:
Leading and trailing white spaces must be removed from user and host.
The statements must succeed with warnings.
CREATE USER '   user1'@'     host.org';
Warnings:
Warning	6524	Leading or trailing spaces have been trimmed from user or host, account: 'user1'@'host.org'.
CREATE USER 'user2 '@'host.org		';
Warnings:
Warning	6524	Leading or trailing spaces have been trimmed from user or host, account: 'user2'@'host.org'.
CREATE USER '		user3		'@' host.org   ';
Warnings:
Warning	6524	Leading or trailing spaces have been trimmed from user or host, account: 'user3'@'host.org'.
CREATE USER ' u s e r 4 ';
Warnings:
Warning	6524	Leading or trailing spaces have been trimmed from user or host, account: 'u s e r 4'@'%'.
CREATE USER '   '@host.org;
Warnings:
Warning	6524	Leading or trailing spaces have been trimmed from user or host, account: ''@'host.org'.
CREATE ROLE ' role1 '@' host.com ', 'role2			';
Warnings:
Warning	6524	Leading or trailing spaces have been trimmed from user or host, account: 'role1'@'host.com'.
Warning	6524	Leading or trailing spaces have been trimmed from user or host, account: 'role2'@'%'.
SELECT user, length(user), host, length(host) FROM mysql.user;
user	length(user)	host	length(host)
role2	5	%	1
u s e r 4	9	%	1
role1	5	host.com	8
	0	host.org	8
user1	5	host.org	8
user2	5	host.org	8
user3	5	host.org	8
mysql.infoschema	16	localhost	9
mysql.session	13	localhost	9
mysql.sys	9	localhost	9
root	4	localhost	9
GRANT ' role2' TO '  user2'@' host.org';
Warnings:
Warning	6524	Leading or trailing spaces have been trimmed from user or host, account: 'user2'@'host.org'.
Warning	6524	Leading or trailing spaces have been trimmed from user or host, account: 'role2'@'%'.
SET DEFAULT ROLE '     role2' TO ' user2 '@host.org;
Warnings:
Warning	6524	Leading or trailing spaces have been trimmed from user or host, account: 'role2'@'%'.
Warning	6524	Leading or trailing spaces have been trimmed from user or host, account: 'user2'@'host.org'.
REVOKE ' role2   ' FROM ' user2 '@'	host.org  ';
Warnings:
Warning	6524	Leading or trailing spaces have been trimmed from user or host, account: 'user2'@'host.org'.
Warning	6524	Leading or trailing spaces have been trimmed from user or host, account: 'role2'@'%'.
ALTER USER 'user3 '@host.org ACCOUNT LOCK;
Warnings:
Warning	6524	Leading or trailing spaces have been trimmed from user or host, account: 'user3'@'host.org'.
RENAME USER '	u s e r 4'  TO '  user4 ';
Warnings:
Warning	6524	Leading or trailing spaces have been trimmed from user or host, account: 'u s e r 4'@'%'.
Warning	6524	Leading or trailing spaces have been trimmed from user or host, account: 'user4'@'%'.
SET PASSWORD FOR user1@'  host.org' = '123';
Warnings:
Warning	6524	Leading or trailing spaces have been trimmed from user or host, account: 'user1'@'host.org'.
DROP USER ' user1 '@' host.org ', '   user2'@'  host.org';
Warnings:
Warning	6524	Leading or trailing spaces have been trimmed from user or host, account: 'user1'@'host.org'.
Warning	6524	Leading or trailing spaces have been trimmed from user or host, account: 'user2'@'host.org'.
DROP USER 'user3	'@'host.org   ', 'user4		';
Warnings:
Warning	6524	Leading or trailing spaces have been trimmed from user or host, account: 'user3'@'host.org'.
Warning	6524	Leading or trailing spaces have been trimmed from user or host, account: 'user4'@'%'.
DROP USER '				'@' host.org ';
Warnings:
Warning	6524	Leading or trailing spaces have been trimmed from user or host, account: ''@'host.org'.
DROP ROLE 'role1  '@host.com;
Warnings:
Warning	6524	Leading or trailing spaces have been trimmed from user or host, account: 'role1'@'host.com'.
DROP ROLE ' role2 ';
Warnings:
Warning	6524	Leading or trailing spaces have been trimmed from user or host, account: 'role2'@'%'.
safe_process[589246]: Child process: 589247, exit: 1



Server [mysqld.1 - pid: 589150, winpid: 589150] log: 
Server log from this test:
----------SERVER LOG START-----------
2026-10-05T16:04:56.066400Z 0 [Note] [MY-013667] [Server] Error-log destination "stderr" is not a file. Can not restore error log messages from previous run.
2026-10-05T16:04:55.894636Z 0 [System] [MY-015015] [Server] MySQL Server - start.
2026-10-05T16:04:56.061417Z 0 [Warning] [MY-013711] [Server] Manifest file '/home/satya/WORK/vector/vec-memory-i-s-base/bld/runtime_output_directory/mysqld.my' is not read-only. For better security, please make sure that the file is read-only.
2026-10-05T16:04:56.063052Z 0 [Warning] [MY-010099] [Server] Insecure configuration for --secure-file-priv: Data directory is accessible through --secure-file-priv. Consider choosing a different directory.
2026-10-05T16:04:56.063061Z 0 [Warning] [MY-010101] [Server] Insecure configuration for --secure-file-priv: Location is accessible to all OS users. Consider choosing a different directory.
2026-10-05T16:04:56.063069Z 0 [Warning] [MY-010097] [Server] Insecure configuration for --secure-log-path: Current value does not restrict location of generated files. Consider setting it to a valid, non-empty path.
2026-10-05T16:04:56.063181Z 0 [Warning] [MY-015655] [Server] Server ignores the discovered container restrictions as --container_aware is OFF
2026-10-05T16:04:56.063203Z 0 [Note] [MY-013932] [Server] BuildID[sha1]=04b11225d2cfd4409339b48b0877815fd177f0a9
2026-10-05T16:04:56.063210Z 0 [Note] [MY-010949] [Server] Basedir set to /home/satya/WORK/vector/vec-memory-i-s-base/bld/.
2026-10-05T16:04:56.063222Z 0 [System] [MY-010116] [Server] /home/satya/WORK/vector/vec-memory-i-s-base/bld/runtime_output_directory/mysqld (mysqld 9.7.1-1-debug) starting as process 589151
2026-10-05T16:04:56.063233Z 0 [System] [MY-015603] [Server] MySQL Server has access to 96 logical CPUs.
2026-10-05T16:04:56.063245Z 0 [System] [MY-015603] [Server] MySQL Server has access to 535796215808 bytes of physical memory.
2026-10-05T16:04:56.066510Z 0 [Note] [MY-048400] [Server] For VECTOR_DISTANCE using  hardware accelerated AVX-512F (dimensions >= 16) and SSE4.2 (dimensions < 16).
2026-10-05T16:04:56.068295Z 0 [Warning] [MY-010075] [Server] No existing UUID has been found, so we assume that this is the first time that this server has been started. Generating a new UUID: 81ef679f-c0d6-11f1-8c68-fea0814f1a12.
2026-10-05T16:04:56.071571Z 0 [Note] [MY-012366] [InnoDB] Using Linux native AIO
2026-10-05T16:04:56.071628Z 0 [Note] [MY-015140] [InnoDB] Using innodb_flush_method=O_DIRECT
2026-10-05T16:04:56.072055Z 0 [Note] [MY-010747] [Server] Plugin 'FEDERATED' is disabled.
2026-10-05T16:04:56.075078Z 1 [System] [MY-013576] [InnoDB] InnoDB initialization has started.
2026-10-05T16:04:56.075131Z 1 [Note] [MY-013546] [InnoDB] Atomic write enabled
2026-10-05T16:04:56.075167Z 1 [Note] [MY-012932] [InnoDB] PUNCH HOLE support available
2026-10-05T16:04:56.075176Z 1 [Note] [MY-012937] [InnoDB] !!!!!!!! UNIV_DEBUG switched on !!!!!!!!!
2026-10-05T16:04:56.075182Z 1 [Note] [MY-012944] [InnoDB] Uses event mutexes
2026-10-05T16:04:56.075187Z 1 [Note] [MY-012945] [InnoDB] GCC builtin __atomic_thread_fence() is used for memory barrier
2026-10-05T16:04:56.075193Z 1 [Note] [MY-012948] [InnoDB] Compressed tables use zlib 1.3.2
2026-10-05T16:04:56.078252Z 1 [Note] [MY-012951] [InnoDB] Using hardware accelerated crc32 and polynomial multiplication.
2026-10-05T16:04:56.078671Z 1 [Note] [MY-012203] [InnoDB] Directories to scan './'
2026-10-05T16:04:56.078709Z 1 [Note] [MY-012204] [InnoDB] Scanning './'
2026-10-05T16:04:56.086203Z 1 [Note] [MY-012208] [InnoDB] Completed space ID check of 8 files.
2026-10-05T16:04:56.088601Z 1 [Note] [MY-012955] [InnoDB] Initializing buffer pool, total size = 24.000000M, instances = 1, chunk size =24.000000M 
2026-10-05T16:04:56.088615Z 1 [Note] [MY-011872] [InnoDB] Setting NUMA memory policy to MPOL_INTERLEAVE
get_mempolicy: Operation not permitted
get_mempolicy: Operation not permitted
2026-10-05T16:04:56.128451Z 1 [Note] [MY-011874] [InnoDB] Setting NUMA memory policy to MPOL_DEFAULT
2026-10-05T16:04:56.128473Z 1 [Note] [MY-012957] [InnoDB] Completed initialization of buffer pool
2026-10-05T16:04:56.133677Z 0 [Note] [MY-011952] [InnoDB] If the mysqld execution user is authorized, page cleaner and LRU manager thread priority can be changed. See the man page of setpriority().
2026-10-05T16:04:56.135752Z 1 [Note] [MY-013532] [InnoDB] Using './#ib_16384_0.dblwr' for doublewrite
2026-10-05T16:04:56.141210Z 1 [Note] [MY-013532] [InnoDB] Using './#ib_16384_1.dblwr' for doublewrite
2026-10-05T16:04:56.152520Z 1 [Note] [MY-013566] [InnoDB] Double write buffer files: 2, --innodb-doublewrite-files=2, segments_per_file=2
2026-10-05T16:04:56.152541Z 1 [Note] [MY-013565] [InnoDB] Double write buffer pages per instance: 128
2026-10-05T16:04:56.152561Z 1 [Note] [MY-013532] [InnoDB] Using './#ib_16384_0.dblwr' for doublewrite
2026-10-05T16:04:56.152575Z 1 [Note] [MY-013532] [InnoDB] Using './#ib_16384_1.dblwr' for doublewrite
2026-10-05T16:04:56.393677Z 1 [Note] [MY-013883] [InnoDB] The latest found checkpoint is at lsn = 19328774 in redo log file ./#innodb_redo/#ib_redo59.
2026-10-05T16:04:56.393756Z 1 [Note] [MY-013086] [InnoDB] Starting to parse redo log at lsn = 19328543, whereas checkpoint_lsn = 19328774 and start_lsn = 19328512
2026-10-05T16:04:56.393780Z 1 [Note] [MY-012532] [InnoDB] Applying a batch of 0 redo log records ...
2026-10-05T16:04:56.393853Z 1 [Note] [MY-012535] [InnoDB] Apply batch completed!
2026-10-05T16:04:56.405116Z 1 [Note] [MY-013083] [InnoDB] Log background threads are being started...
2026-10-05T16:04:56.406275Z 1 [Note] [MY-013252] [InnoDB] Using undo tablespace './undo_001'.
2026-10-05T16:04:56.406535Z 1 [Note] [MY-013252] [InnoDB] Using undo tablespace './undo_002'.
2026-10-05T16:04:56.406953Z 1 [Note] [MY-012910] [InnoDB] Opened 2 existing undo tablespaces.
2026-10-05T16:04:56.407000Z 1 [Note] [MY-011980] [InnoDB] GTID recovery trx_no: 1091
2026-10-05T16:04:56.475090Z 1 [Note] [MY-013776] [InnoDB] Parallel initialization of rseg complete
2026-10-05T16:04:56.475120Z 1 [Note] [MY-013777] [InnoDB] Time taken to initialize rseg using 4 thread: 68 ms.
2026-10-05T16:04:56.475345Z 1 [Note] [MY-012923] [InnoDB] Creating shared tablespace for temporary tables
2026-10-05T16:04:56.475489Z 1 [Note] [MY-012265] [InnoDB] Setting file './ibtmp1' size to 12 MB. Physically writing the file full; Please wait ...
2026-10-05T16:04:56.477328Z 1 [Note] [MY-012266] [InnoDB] File './ibtmp1' size is now 12 MB.
2026-10-05T16:04:56.477501Z 1 [Note] [MY-013627] [InnoDB] Scanning temp tablespace dir:'./#innodb_temp/'
2026-10-05T16:04:56.503353Z 1 [Note] [MY-013018] [InnoDB] Created 128 and tracked 128 new rollback segment(s) in the temporary tablespace. 128 are now active.
2026-10-05T16:04:56.503814Z 1 [Note] [MY-012976] [InnoDB] Percona XtraDB (http://www.percona.com) 9.7.1-1 started; log sequence number 19328784
2026-10-05T16:04:56.504103Z 1 [System] [MY-013577] [InnoDB] InnoDB initialization has ended.
2026-10-05T16:04:56.523983Z 1 [Note] [MY-011089] [Server] Data dictionary restarting version '90200'.
2026-10-05T16:04:57.050092Z 1 [Note] [MY-012357] [InnoDB] Reading DD tablespace files
2026-10-05T16:04:57.054907Z 1 [Note] [MY-012356] [InnoDB] Scanned 10 tablespaces. Validated 10.
2026-10-05T16:04:57.156589Z 1 [Note] [MY-010006] [Server] Using data dictionary with version '90200'.
2026-10-05T16:04:57.178190Z 0 [Note] [MY-011245] [Server] Plugin mysqlx reported: 'Scheduler 'work', set number of threads to 2'
2026-10-05T16:04:57.178260Z 0 [Note] [MY-011245] [Server] Plugin mysqlx reported: 'Scheduler 'work', create threads'
2026-10-05T16:04:57.178323Z 0 [Note] [MY-011245] [Server] Plugin mysqlx reported: 'Scheduler 'work', create threads'
2026-10-05T16:04:57.178356Z 0 [Note] [MY-011245] [Server] Plugin mysqlx reported: 'Scheduler "work" started.'
2026-10-05T16:04:57.178362Z 0 [Note] [MY-011245] [Server] Plugin mysqlx reported: 'Scheduler 'network', create threads'
2026-10-05T16:04:57.178385Z 0 [Note] [MY-011245] [Server] Plugin mysqlx reported: 'Scheduler "network" started.'
2026-10-05T16:04:57.178432Z 0 [Note] [MY-011245] [Server] Plugin mysqlx reported: 'TCP Sockets address is '*' and port is 13020'
2026-10-05T16:04:57.178484Z 0 [Note] [MY-011332] [Server] Plugin mysqlx reported: 'IPv6 is available'
2026-10-05T16:04:57.178539Z 0 [Note] [MY-011245] [Server] Plugin mysqlx reported: 'UNIX Socket is /home/satya/WORK/vector/vec-memory-i-s-base/bld/mysql-test/var/tmp/mysqlx.1.sock'
2026-10-05T16:04:57.178764Z 0 [Note] [MY-011323] [Server] Plugin mysqlx reported: 'X Plugin ready for connections. bind-address: '::' port: 13020'
2026-10-05T16:04:57.178779Z 0 [Note] [MY-011323] [Server] Plugin mysqlx reported: 'X Plugin ready for connections. socket: '/home/satya/WORK/vector/vec-memory-i-s-base/bld/mysql-test/var/tmp/mysqlx.1.sock''
2026-10-05T16:04:57.805893Z 0 [Note] [MY-010902] [Server] Thread priority attribute setting in Resource Group SQL shall be ignored due to unsupported platform or insufficient privilege.
2026-10-05T16:04:57.816509Z 0 [Note] [MY-013911] [Server] Crash recovery finished in binlog engine. No attempts to commit, rollback or prepare any transactions.
2026-10-05T16:04:57.816533Z 0 [Note] [MY-013911] [Server] Crash recovery finished in InnoDB engine. No attempts to commit, rollback or prepare any transactions.
2026-10-05T16:04:57.822814Z 0 [Note] [MY-012487] [InnoDB] DDL log recovery : begin
2026-10-05T16:04:57.823116Z 0 [Note] [MY-012488] [InnoDB] DDL log recovery : end
2026-10-05T16:04:57.823331Z 0 [Note] [MY-011946] [InnoDB] Loading buffer pool(s) from /home/satya/WORK/vector/vec-memory-i-s-base/bld/mysql-test/var/mysqld.1/data/ib_buffer_pool
2026-10-05T16:04:57.830045Z 0 [Note] [MY-011946] [InnoDB] Buffer pool(s) load completed at 261005 19:04:57
2026-10-05T16:04:57.855875Z 0 [Note] [MY-010303] [Server] Skipping generation of SSL certificates as options related to SSL are specified.
2026-10-05T16:04:57.857781Z 0 [Warning] [MY-010068] [Server] CA certificate /home/satya/WORK/vector/vec-memory-i-s-base/mysql-test/std_data/cacert.pem is self signed.
2026-10-05T16:04:57.857809Z 0 [System] [MY-013602] [Server] Channel mysql_main configured to support TLS. Encrypted connections are now supported for this channel.
2026-10-05T16:04:57.857817Z 0 [Note] [MY-010310] [Server] Skipping generation of RSA key pair as --sha256_password_auto_generate_rsa_keys is set to OFF.
2026-10-05T16:04:57.857823Z 0 [Note] [MY-010310] [Server] Skipping generation of RSA key pair as --caching_sha2_password_auto_generate_rsa_keys is set to OFF.
2026-10-05T16:04:57.858400Z 0 [Note] [MY-010252] [Server] Server hostname (bind-address): '*'; port: 13000
2026-10-05T16:04:57.858431Z 0 [Note] [MY-010253] [Server] IPv6 is available.
2026-10-05T16:04:57.858437Z 0 [Note] [MY-010264] [Server]   - '::' resolves to '::';
2026-10-05T16:04:57.858446Z 0 [Note] [MY-010251] [Server] Server socket created on IP: '::'.
2026-10-05T16:04:57.868301Z 0 [Warning] [MY-000067] [Server] unknown variable 'loose-mysqlx-ssl=DISABLED'.
2026-10-05T16:04:57.957988Z 0 [Note] [MY-011025] [Repl] Failed to start replica threads for channel ''.
2026-10-05T16:04:57.967332Z 5 [Note] [MY-010051] [Server] Event Scheduler: scheduler thread started with id 5
2026-10-05T16:04:57.967618Z 0 [Note] [MY-011240] [Server] Plugin mysqlx reported: 'Using SSL configuration from MySQL Server'
2026-10-05T16:04:57.968188Z 0 [Note] [MY-011243] [Server] Plugin mysqlx reported: 'Using OpenSSL for TLS connections'
2026-10-05T16:04:57.968213Z 0 [Note] [MY-011245] [Server] Plugin mysqlx reported: 'Scheduler 'network', post task'
2026-10-05T16:04:57.968220Z 0 [Note] [MY-011245] [Server] Plugin mysqlx reported: 'Scheduler 'network', create threads'
2026-10-05T16:04:57.968270Z 0 [Note] [MY-011245] [Server] Plugin mysqlx reported: 'Scheduler 'network', post task'
2026-10-05T16:04:57.968275Z 0 [Note] [MY-011245] [Server] Plugin mysqlx reported: 'Scheduler 'network', create threads'
2026-10-05T16:04:57.968324Z 0 [Note] [MY-011245] [Server] Plugin mysqlx reported: 'Socket_acceptors_task::pre_loop'
2026-10-05T16:04:57.968368Z 0 [System] [MY-011323] [Server] X Plugin ready for connections. Bind-address: '::' port: 13020, socket: /home/satya/WORK/vector/vec-memory-i-s-base/bld/mysql-test/var/tmp/mysqlx.1.sock
2026-10-05T16:04:57.968508Z 0 [System] [MY-010931] [Server] /home/satya/WORK/vector/vec-memory-i-s-base/bld/runtime_output_directory/mysqld: ready for connections. Version: '9.7.1-1-debug'  socket: '/home/satya/WORK/vector/vec-memory-i-s-base/bld/mysql-test/var/tmp/mysqld.1.sock'  port: 13000  Source distribution.
----------SERVER LOG END-------------


 - the logfile can be found in '/home/satya/WORK/vector/vec-memory-i-s-base/bld/mysql-test/var/log/main.user_host_name/user_host_name.log'

Retrying test main.user_host_name, attempt(2/3).

[ 66%] main.user_host_name                       [ retry-fail ]
        Test ended at 2026-10-05 16:05:03

CURRENT_TEST: main.user_host_name
--- /home/satya/WORK/vector/vec-memory-i-s-base/mysql-test/r/user_host_name.result	2026-10-05 19:03:07.669310985 +0300
+++ /home/satya/WORK/vector/vec-memory-i-s-base/bld/mysql-test/var/log/user_host_name.reject	2026-10-05 19:05:02.401976647 +0300
@@ -31,7 +31,6 @@
 mysql.infoschema	16	localhost	9
 mysql.session	13	localhost	9
 mysql.sys	9	localhost	9
-percona.telemetry	17	localhost	9
 root	4	localhost	9
 GRANT ' role2' TO '  user2'@' host.org';
 Warnings:

mysqltest: Result content mismatch


The result from queries just before the failure was:
Leading and trailing white spaces must be removed from user and host.
The statements must succeed with warnings.
CREATE USER '   user1'@'     host.org';
Warnings:
Warning	6524	Leading or trailing spaces have been trimmed from user or host, account: 'user1'@'host.org'.
CREATE USER 'user2 '@'host.org		';
Warnings:
Warning	6524	Leading or trailing spaces have been trimmed from user or host, account: 'user2'@'host.org'.
CREATE USER '		user3		'@' host.org   ';
Warnings:
Warning	6524	Leading or trailing spaces have been trimmed from user or host, account: 'user3'@'host.org'.
CREATE USER ' u s e r 4 ';
Warnings:
Warning	6524	Leading or trailing spaces have been trimmed from user or host, account: 'u s e r 4'@'%'.
CREATE USER '   '@host.org;
Warnings:
Warning	6524	Leading or trailing spaces have been trimmed from user or host, account: ''@'host.org'.
CREATE ROLE ' role1 '@' host.com ', 'role2			';
Warnings:
Warning	6524	Leading or trailing spaces have been trimmed from user or host, account: 'role1'@'host.com'.
Warning	6524	Leading or trailing spaces have been trimmed from user or host, account: 'role2'@'%'.
SELECT user, length(user), host, length(host) FROM mysql.user;
user	length(user)	host	length(host)
role2	5	%	1
u s e r 4	9	%	1
role1	5	host.com	8
	0	host.org	8
user1	5	host.org	8
user2	5	host.org	8
user3	5	host.org	8
mysql.infoschema	16	localhost	9
mysql.session	13	localhost	9
mysql.sys	9	localhost	9
root	4	localhost	9
GRANT ' role2' TO '  user2'@' host.org';
Warnings:
Warning	6524	Leading or trailing spaces have been trimmed from user or host, account: 'user2'@'host.org'.
Warning	6524	Leading or trailing spaces have been trimmed from user or host, account: 'role2'@'%'.
SET DEFAULT ROLE '     role2' TO ' user2 '@host.org;
Warnings:
Warning	6524	Leading or trailing spaces have been trimmed from user or host, account: 'role2'@'%'.
Warning	6524	Leading or trailing spaces have been trimmed from user or host, account: 'user2'@'host.org'.
REVOKE ' role2   ' FROM ' user2 '@'	host.org  ';
Warnings:
Warning	6524	Leading or trailing spaces have been trimmed from user or host, account: 'user2'@'host.org'.
Warning	6524	Leading or trailing spaces have been trimmed from user or host, account: 'role2'@'%'.
ALTER USER 'user3 '@host.org ACCOUNT LOCK;
Warnings:
Warning	6524	Leading or trailing spaces have been trimmed from user or host, account: 'user3'@'host.org'.
RENAME USER '	u s e r 4'  TO '  user4 ';
Warnings:
Warning	6524	Leading or trailing spaces have been trimmed from user or host, account: 'u s e r 4'@'%'.
Warning	6524	Leading or trailing spaces have been trimmed from user or host, account: 'user4'@'%'.
SET PASSWORD FOR user1@'  host.org' = '123';
Warnings:
Warning	6524	Leading or trailing spaces have been trimmed from user or host, account: 'user1'@'host.org'.
DROP USER ' user1 '@' host.org ', '   user2'@'  host.org';
Warnings:
Warning	6524	Leading or trailing spaces have been trimmed from user or host, account: 'user1'@'host.org'.
Warning	6524	Leading or trailing spaces have been trimmed from user or host, account: 'user2'@'host.org'.
DROP USER 'user3	'@'host.org   ', 'user4		';
Warnings:
Warning	6524	Leading or trailing spaces have been trimmed from user or host, account: 'user3'@'host.org'.
Warning	6524	Leading or trailing spaces have been trimmed from user or host, account: 'user4'@'%'.
DROP USER '				'@' host.org ';
Warnings:
Warning	6524	Leading or trailing spaces have been trimmed from user or host, account: ''@'host.org'.
DROP ROLE 'role1  '@host.com;
Warnings:
Warning	6524	Leading or trailing spaces have been trimmed from user or host, account: 'role1'@'host.com'.
DROP ROLE ' role2 ';
Warnings:
Warning	6524	Leading or trailing spaces have been trimmed from user or host, account: 'role2'@'%'.
safe_process[589353]: Child process: 589354, exit: 1



Server [mysqld.1 - pid: 589255, winpid: 589255] log: 
Server log from this test:
----------SERVER LOG START-----------
2026-10-05T16:05:00.014478Z 0 [Note] [MY-013667] [Server] Error-log destination "stderr" is not a file. Can not restore error log messages from previous run.
2026-10-05T16:04:59.844203Z 0 [System] [MY-015015] [Server] MySQL Server - start.
2026-10-05T16:05:00.009540Z 0 [Warning] [MY-013711] [Server] Manifest file '/home/satya/WORK/vector/vec-memory-i-s-base/bld/runtime_output_directory/mysqld.my' is not read-only. For better security, please make sure that the file is read-only.
2026-10-05T16:05:00.011152Z 0 [Warning] [MY-010099] [Server] Insecure configuration for --secure-file-priv: Data directory is accessible through --secure-file-priv. Consider choosing a different directory.
2026-10-05T16:05:00.011165Z 0 [Warning] [MY-010101] [Server] Insecure configuration for --secure-file-priv: Location is accessible to all OS users. Consider choosing a different directory.
2026-10-05T16:05:00.011173Z 0 [Warning] [MY-010097] [Server] Insecure configuration for --secure-log-path: Current value does not restrict location of generated files. Consider setting it to a valid, non-empty path.
2026-10-05T16:05:00.011285Z 0 [Warning] [MY-015655] [Server] Server ignores the discovered container restrictions as --container_aware is OFF
2026-10-05T16:05:00.011309Z 0 [Note] [MY-013932] [Server] BuildID[sha1]=04b11225d2cfd4409339b48b0877815fd177f0a9
2026-10-05T16:05:00.011317Z 0 [Note] [MY-010949] [Server] Basedir set to /home/satya/WORK/vector/vec-memory-i-s-base/bld/.
2026-10-05T16:05:00.011329Z 0 [System] [MY-010116] [Server] /home/satya/WORK/vector/vec-memory-i-s-base/bld/runtime_output_directory/mysqld (mysqld 9.7.1-1-debug) starting as process 589256
2026-10-05T16:05:00.011340Z 0 [System] [MY-015603] [Server] MySQL Server has access to 96 logical CPUs.
2026-10-05T16:05:00.011352Z 0 [System] [MY-015603] [Server] MySQL Server has access to 535796215808 bytes of physical memory.
2026-10-05T16:05:00.014587Z 0 [Note] [MY-048400] [Server] For VECTOR_DISTANCE using  hardware accelerated AVX-512F (dimensions >= 16) and SSE4.2 (dimensions < 16).
2026-10-05T16:05:00.015935Z 0 [Warning] [MY-010075] [Server] No existing UUID has been found, so we assume that this is the first time that this server has been started. Generating a new UUID: 8449c582-c0d6-11f1-a9cc-fea0814f1a12.
2026-10-05T16:05:00.019221Z 0 [Note] [MY-012366] [InnoDB] Using Linux native AIO
2026-10-05T16:05:00.019289Z 0 [Note] [MY-015140] [InnoDB] Using innodb_flush_method=O_DIRECT
2026-10-05T16:05:00.019735Z 0 [Note] [MY-010747] [Server] Plugin 'FEDERATED' is disabled.
2026-10-05T16:05:00.022790Z 1 [System] [MY-013576] [InnoDB] InnoDB initialization has started.
2026-10-05T16:05:00.022843Z 1 [Note] [MY-013546] [InnoDB] Atomic write enabled
2026-10-05T16:05:00.022868Z 1 [Note] [MY-012932] [InnoDB] PUNCH HOLE support available
2026-10-05T16:05:00.022876Z 1 [Note] [MY-012937] [InnoDB] !!!!!!!! UNIV_DEBUG switched on !!!!!!!!!
2026-10-05T16:05:00.022881Z 1 [Note] [MY-012944] [InnoDB] Uses event mutexes
2026-10-05T16:05:00.022886Z 1 [Note] [MY-012945] [InnoDB] GCC builtin __atomic_thread_fence() is used for memory barrier
2026-10-05T16:05:00.022894Z 1 [Note] [MY-012948] [InnoDB] Compressed tables use zlib 1.3.2
2026-10-05T16:05:00.026157Z 1 [Note] [MY-012951] [InnoDB] Using hardware accelerated crc32 and polynomial multiplication.
2026-10-05T16:05:00.026584Z 1 [Note] [MY-012203] [InnoDB] Directories to scan './'
2026-10-05T16:05:00.026620Z 1 [Note] [MY-012204] [InnoDB] Scanning './'
2026-10-05T16:05:00.034324Z 1 [Note] [MY-012208] [InnoDB] Completed space ID check of 8 files.
2026-10-05T16:05:00.036530Z 1 [Note] [MY-012955] [InnoDB] Initializing buffer pool, total size = 24.000000M, instances = 1, chunk size =24.000000M 
2026-10-05T16:05:00.036546Z 1 [Note] [MY-011872] [InnoDB] Setting NUMA memory policy to MPOL_INTERLEAVE
get_mempolicy: Operation not permitted
get_mempolicy: Operation not permitted
2026-10-05T16:05:00.076123Z 1 [Note] [MY-011874] [InnoDB] Setting NUMA memory policy to MPOL_DEFAULT
2026-10-05T16:05:00.076150Z 1 [Note] [MY-012957] [InnoDB] Completed initialization of buffer pool
2026-10-05T16:05:00.081505Z 0 [Note] [MY-011952] [InnoDB] If the mysqld execution user is authorized, page cleaner and LRU manager thread priority can be changed. See the man page of setpriority().
2026-10-05T16:05:00.083607Z 1 [Note] [MY-013532] [InnoDB] Using './#ib_16384_0.dblwr' for doublewrite
2026-10-05T16:05:00.088689Z 1 [Note] [MY-013532] [InnoDB] Using './#ib_16384_1.dblwr' for doublewrite
2026-10-05T16:05:00.100026Z 1 [Note] [MY-013566] [InnoDB] Double write buffer files: 2, --innodb-doublewrite-files=2, segments_per_file=2
2026-10-05T16:05:00.100047Z 1 [Note] [MY-013565] [InnoDB] Double write buffer pages per instance: 128
2026-10-05T16:05:00.100067Z 1 [Note] [MY-013532] [InnoDB] Using './#ib_16384_0.dblwr' for doublewrite
2026-10-05T16:05:00.100081Z 1 [Note] [MY-013532] [InnoDB] Using './#ib_16384_1.dblwr' for doublewrite
2026-10-05T16:05:00.340832Z 1 [Note] [MY-013883] [InnoDB] The latest found checkpoint is at lsn = 19328774 in redo log file ./#innodb_redo/#ib_redo59.
2026-10-05T16:05:00.340910Z 1 [Note] [MY-013086] [InnoDB] Starting to parse redo log at lsn = 19328543, whereas checkpoint_lsn = 19328774 and start_lsn = 19328512
2026-10-05T16:05:00.340929Z 1 [Note] [MY-012532] [InnoDB] Applying a batch of 0 redo log records ...
2026-10-05T16:05:00.341007Z 1 [Note] [MY-012535] [InnoDB] Apply batch completed!
2026-10-05T16:05:00.352201Z 1 [Note] [MY-013083] [InnoDB] Log background threads are being started...
2026-10-05T16:05:00.353396Z 1 [Note] [MY-013252] [InnoDB] Using undo tablespace './undo_001'.
2026-10-05T16:05:00.353630Z 1 [Note] [MY-013252] [InnoDB] Using undo tablespace './undo_002'.
2026-10-05T16:05:00.354082Z 1 [Note] [MY-012910] [InnoDB] Opened 2 existing undo tablespaces.
2026-10-05T16:05:00.354131Z 1 [Note] [MY-011980] [InnoDB] GTID recovery trx_no: 1091
2026-10-05T16:05:00.421665Z 1 [Note] [MY-013776] [InnoDB] Parallel initialization of rseg complete
2026-10-05T16:05:00.421695Z 1 [Note] [MY-013777] [InnoDB] Time taken to initialize rseg using 4 thread: 67 ms.
2026-10-05T16:05:00.421925Z 1 [Note] [MY-012923] [InnoDB] Creating shared tablespace for temporary tables
2026-10-05T16:05:00.422053Z 1 [Note] [MY-012265] [InnoDB] Setting file './ibtmp1' size to 12 MB. Physically writing the file full; Please wait ...
2026-10-05T16:05:00.423896Z 1 [Note] [MY-012266] [InnoDB] File './ibtmp1' size is now 12 MB.
2026-10-05T16:05:00.424069Z 1 [Note] [MY-013627] [InnoDB] Scanning temp tablespace dir:'./#innodb_temp/'
2026-10-05T16:05:00.449929Z 1 [Note] [MY-013018] [InnoDB] Created 128 and tracked 128 new rollback segment(s) in the temporary tablespace. 128 are now active.
2026-10-05T16:05:00.450401Z 1 [Note] [MY-012976] [InnoDB] Percona XtraDB (http://www.percona.com) 9.7.1-1 started; log sequence number 19328784
2026-10-05T16:05:00.450698Z 1 [System] [MY-013577] [InnoDB] InnoDB initialization has ended.
2026-10-05T16:05:00.470635Z 1 [Note] [MY-011089] [Server] Data dictionary restarting version '90200'.
2026-10-05T16:05:00.989406Z 1 [Note] [MY-012357] [InnoDB] Reading DD tablespace files
2026-10-05T16:05:00.994224Z 1 [Note] [MY-012356] [InnoDB] Scanned 10 tablespaces. Validated 10.
2026-10-05T16:05:01.096540Z 1 [Note] [MY-010006] [Server] Using data dictionary with version '90200'.
2026-10-05T16:05:01.118872Z 0 [Note] [MY-011245] [Server] Plugin mysqlx reported: 'Scheduler 'work', set number of threads to 2'
2026-10-05T16:05:01.118946Z 0 [Note] [MY-011245] [Server] Plugin mysqlx reported: 'Scheduler 'work', create threads'
2026-10-05T16:05:01.118996Z 0 [Note] [MY-011245] [Server] Plugin mysqlx reported: 'Scheduler 'work', create threads'
2026-10-05T16:05:01.119026Z 0 [Note] [MY-011245] [Server] Plugin mysqlx reported: 'Scheduler "work" started.'
2026-10-05T16:05:01.119031Z 0 [Note] [MY-011245] [Server] Plugin mysqlx reported: 'Scheduler 'network', create threads'
2026-10-05T16:05:01.119054Z 0 [Note] [MY-011245] [Server] Plugin mysqlx reported: 'Scheduler "network" started.'
2026-10-05T16:05:01.119097Z 0 [Note] [MY-011245] [Server] Plugin mysqlx reported: 'TCP Sockets address is '*' and port is 13020'
2026-10-05T16:05:01.119167Z 0 [Note] [MY-011332] [Server] Plugin mysqlx reported: 'IPv6 is available'
2026-10-05T16:05:01.119227Z 0 [Note] [MY-011245] [Server] Plugin mysqlx reported: 'UNIX Socket is /home/satya/WORK/vector/vec-memory-i-s-base/bld/mysql-test/var/tmp/mysqlx.1.sock'
2026-10-05T16:05:01.119465Z 0 [Note] [MY-011323] [Server] Plugin mysqlx reported: 'X Plugin ready for connections. bind-address: '::' port: 13020'
2026-10-05T16:05:01.119481Z 0 [Note] [MY-011323] [Server] Plugin mysqlx reported: 'X Plugin ready for connections. socket: '/home/satya/WORK/vector/vec-memory-i-s-base/bld/mysql-test/var/tmp/mysqlx.1.sock''
2026-10-05T16:05:01.750331Z 0 [Note] [MY-010902] [Server] Thread priority attribute setting in Resource Group SQL shall be ignored due to unsupported platform or insufficient privilege.
2026-10-05T16:05:01.760590Z 0 [Note] [MY-013911] [Server] Crash recovery finished in binlog engine. No attempts to commit, rollback or prepare any transactions.
2026-10-05T16:05:01.760614Z 0 [Note] [MY-013911] [Server] Crash recovery finished in InnoDB engine. No attempts to commit, rollback or prepare any transactions.
2026-10-05T16:05:01.766928Z 0 [Note] [MY-012487] [InnoDB] DDL log recovery : begin
2026-10-05T16:05:01.767236Z 0 [Note] [MY-012488] [InnoDB] DDL log recovery : end
2026-10-05T16:05:01.767452Z 0 [Note] [MY-011946] [InnoDB] Loading buffer pool(s) from /home/satya/WORK/vector/vec-memory-i-s-base/bld/mysql-test/var/mysqld.1/data/ib_buffer_pool
2026-10-05T16:05:01.774070Z 0 [Note] [MY-011946] [InnoDB] Buffer pool(s) load completed at 261005 19:05:01
2026-10-05T16:05:01.800266Z 0 [Note] [MY-010303] [Server] Skipping generation of SSL certificates as options related to SSL are specified.
2026-10-05T16:05:01.802168Z 0 [Warning] [MY-010068] [Server] CA certificate /home/satya/WORK/vector/vec-memory-i-s-base/mysql-test/std_data/cacert.pem is self signed.
2026-10-05T16:05:01.802197Z 0 [System] [MY-013602] [Server] Channel mysql_main configured to support TLS. Encrypted connections are now supported for this channel.
2026-10-05T16:05:01.802205Z 0 [Note] [MY-010310] [Server] Skipping generation of RSA key pair as --sha256_password_auto_generate_rsa_keys is set to OFF.
2026-10-05T16:05:01.802211Z 0 [Note] [MY-010310] [Server] Skipping generation of RSA key pair as --caching_sha2_password_auto_generate_rsa_keys is set to OFF.
2026-10-05T16:05:01.802785Z 0 [Note] [MY-010252] [Server] Server hostname (bind-address): '*'; port: 13000
2026-10-05T16:05:01.802815Z 0 [Note] [MY-010253] [Server] IPv6 is available.
2026-10-05T16:05:01.802821Z 0 [Note] [MY-010264] [Server]   - '::' resolves to '::';
2026-10-05T16:05:01.802830Z 0 [Note] [MY-010251] [Server] Server socket created on IP: '::'.
2026-10-05T16:05:01.813034Z 0 [Warning] [MY-000067] [Server] unknown variable 'loose-mysqlx-ssl=DISABLED'.
2026-10-05T16:05:01.904181Z 0 [Note] [MY-011025] [Repl] Failed to start replica threads for channel ''.
2026-10-05T16:05:01.913397Z 5 [Note] [MY-010051] [Server] Event Scheduler: scheduler thread started with id 5
2026-10-05T16:05:01.913719Z 0 [Note] [MY-011240] [Server] Plugin mysqlx reported: 'Using SSL configuration from MySQL Server'
2026-10-05T16:05:01.914291Z 0 [Note] [MY-011243] [Server] Plugin mysqlx reported: 'Using OpenSSL for TLS connections'
2026-10-05T16:05:01.914316Z 0 [Note] [MY-011245] [Server] Plugin mysqlx reported: 'Scheduler 'network', post task'
2026-10-05T16:05:01.914324Z 0 [Note] [MY-011245] [Server] Plugin mysqlx reported: 'Scheduler 'network', create threads'
2026-10-05T16:05:01.914375Z 0 [Note] [MY-011245] [Server] Plugin mysqlx reported: 'Scheduler 'network', post task'
2026-10-05T16:05:01.914380Z 0 [Note] [MY-011245] [Server] Plugin mysqlx reported: 'Scheduler 'network', create threads'
2026-10-05T16:05:01.914448Z 0 [Note] [MY-011245] [Server] Plugin mysqlx reported: 'Socket_acceptors_task::pre_loop'
2026-10-05T16:05:01.914503Z 0 [System] [MY-011323] [Server] X Plugin ready for connections. Bind-address: '::' port: 13020, socket: /home/satya/WORK/vector/vec-memory-i-s-base/bld/mysql-test/var/tmp/mysqlx.1.sock
2026-10-05T16:05:01.914623Z 0 [System] [MY-010931] [Server] /home/satya/WORK/vector/vec-memory-i-s-base/bld/runtime_output_directory/mysqld: ready for connections. Version: '9.7.1-1-debug'  socket: '/home/satya/WORK/vector/vec-memory-i-s-base/bld/mysql-test/var/tmp/mysqld.1.sock'  port: 13000  Source distribution.
----------SERVER LOG END-------------


 - the logfile can be found in '/home/satya/WORK/vector/vec-memory-i-s-base/bld/mysql-test/var/log/main.user_host_name/user_host_name.log'

Test main.user_host_name has failed 2 times, no more retries.

[100%] shutdown_report                           [ pass ]       
------------------------------------------------------------------------------
The servers were restarted 2 times
The servers were reinitialized 0 times
Spent 0.000 of 44 seconds executing testcases

Completed: Failed 2/3 tests, 33.33% were successful.

Failing test(s): main.temptable_status_vars main.user_host_name

The log files in var/log may give you some hint of what went wrong.

If you want to report this error, please read first the documentation
at http://dev.mysql.com/doc/mysql/en/mysql-test-suite.html

mysql-test-run: *** ERROR: there were failing test cases
BASEDONE
