Logging: /home/satya/WORK/vector/vec-memory-i-s/mysql-test/mysql-test-run.pl  --mysqld=--log-error-suppression-list=MY-011873,MY-011879,MY-011875 --suite=main --parallel=32 --force --max-test-fail=0 --retry=0
MySQL Version 9.7.1
Checking supported features
 - Binaries are debug compiled
Using suite(s): main
Collecting tests
Removing old var directory
Creating var directory '/home/satya/WORK/vector/vec-memory-i-s/bld/mysql-test/var'
Installing system database
Using parallel: 32
ports_per_thread:30

==============================================================================
                  TEST NAME                   WORKER RESULT  TIME (ms) COMMENT
------------------------------------------------------------------------------
[  0%] main.alter_table-big                      [ skipped ]  Test needs 'big-test' or 'only-big-test' option.
[  0%] main.alter_table-big_myisam               [ skipped ]  Test needs 'big-test' or 'only-big-test' option.
[  0%] main.big_packets                          [ skipped ]  Test needs 'big-test' or 'only-big-test' option.
[  0%] main.big_packets_async                    [ skipped ]  Test needs 'big-test' or 'only-big-test' option.
[  0%] main.big_packets_boundary                 [ skipped ]  Test needs 'big-test' or 'only-big-test' option.
[  0%] main.big_packets_boundary_async           [ skipped ]  Test needs 'big-test' or 'only-big-test' option.
[  0%] main.change_user_deadlock                 [ skipped ]  Test needs 'big-test' or 'only-big-test' option.
[  0%] main.count_distinct3                      [ skipped ]  Test needs 'big-test' or 'only-big-test' option.
[  0%] main.create-big                           [ skipped ]  Test needs 'big-test' or 'only-big-test' option.
[  0%] main.ctype_cp932_binlog_stm               [ skipped ]  Test needs 'big-test' or 'only-big-test' option.
[  0%] main.ctype_eucjpms                        [ skipped ]  Test needs 'big-test' or 'only-big-test' option.
[  0%] main.ctype_euckr                          [ skipped ]  Test needs 'big-test' or 'only-big-test' option.
[  0%] main.ctype_gb18030_conversion             [ skipped ]  Test needs 'big-test' or 'only-big-test' option.
[  0%] main.ctype_ujis                           [ skipped ]  Test needs 'big-test' or 'only-big-test' option.
[  0%] main.ctype_unicode900_casetable           [ skipped ]  Test needs 'big-test' or 'only-big-test' option.
[  1%] main.dd_bootstrap                         [ skipped ]  Test needs 'big-test' or 'only-big-test' option.
[  1%] main.dd_bootstrap_debug                   [ skipped ]  Test needs 'big-test' or 'only-big-test' option.
[  1%] main.deprecation_56                       [ skipped ]  Test needs 'big-test' or 'only-big-test' option.
[  1%] main.disable_drop_rename_user             [ skipped ]  Test needs 'big-test' or 'only-big-test' option.
[  1%] main.ds_mrr-big                           [ skipped ]  Test needs 'big-test' or 'only-big-test' option.
[  1%] main.events_stress                        [ skipped ]  Test needs 'big-test' or 'only-big-test' option.
[  1%] main.grant_dynamic_flush_privileges_upgrade  [ skipped ]  Test needs 'big-test' or 'only-big-test' option.
[  1%] main.grant_dynamic_flush_upgrade          [ skipped ]  Test needs 'big-test' or 'only-big-test' option.
[  1%] main.grant_dynamic_suid_upgrade           [ skipped ]  Test needs 'big-test' or 'only-big-test' option.
[  1%] main.greedy_optimizer                     [ skipped ]  Test needs 'big-test' or 'only-big-test' option.
[  1%] main.hypergraph_io_cost                   [ skipped ]  Test needs 'big-test' or 'only-big-test' option.
[  1%] main.index_merge_innodb                   [ skipped ]  Test needs 'big-test' or 'only-big-test' option.
[  1%] main.index_merge_innodb_hypergraph        [ skipped ]  Test needs 'big-test' or 'only-big-test' option.
[  1%] main.initialize-bug20350099               [ skipped ]  Test needs 'big-test' or 'only-big-test' option.
[  1%] main.initialize-bug20504142               [ skipped ]  Test needs 'big-test' or 'only-big-test' option.
[  2%] main.initialize-bug21335821               [ skipped ]  Test needs 'big-test' or 'only-big-test' option.
[  2%] main.initialize-bug35254025               [ skipped ]  Test needs 'big-test' or 'only-big-test' option.
[  2%] main.initialize-errors                    [ skipped ]  Test needs 'big-test' or 'only-big-test' option.
[  2%] main.initialize-init-acls                 [ skipped ]  Test needs 'big-test' or 'only-big-test' option.
[  2%] main.initialize-sha256                    [ skipped ]  Test needs 'big-test' or 'only-big-test' option.
[  2%] main.initialize                           [ skipped ]  Test needs 'big-test' or 'only-big-test' option.
[  2%] main.innodb_explain_json_non_select_all   [ skipped ]  Test needs 'big-test' or 'only-big-test' option.
[  2%] main.innodb_explain_json_non_select_none  [ skipped ]  Test needs 'big-test' or 'only-big-test' option.
[  2%] main.innodb_explain_non_select_all        [ skipped ]  Test needs 'big-test' or 'only-big-test' option.
[  2%] main.innodb_explain_non_select_none       [ skipped ]  Test needs 'big-test' or 'only-big-test' option.
[  2%] main.innodb_tmp_table_heap_to_disk        [ skipped ]  Test needs 'big-test' or 'only-big-test' option.
[  2%] main.log_buffered-big                     [ skipped ]  Test needs 'big-test' or 'only-big-test' option.
[  2%] main.log_connection_hanging               [ skipped ]  Test needs 'big-test' or 'only-big-test' option.
[  2%] main.log_options_cmdline                  [ skipped ]  Test needs 'big-test' or 'only-big-test' option.
[  2%] main.log_server_stages                    [ skipped ]  Test needs 'big-test' or 'only-big-test' option.
[  2%] main.log_tables-big                       [ skipped ]  Test needs 'big-test' or 'only-big-test' option.
[  3%] main.lowercase_table4                     [ skipped ]  Test needs 'big-test' or 'only-big-test' option.
[  3%] main.lowercase_utf8                       [ skipped ]  Test needs 'big-test' or 'only-big-test' option.
[  3%] main.lowercase_view                       [ skipped ]  Test needs 'big-test' or 'only-big-test' option.
[  3%] main.merge-big                            [ skipped ]  Test needs 'big-test' or 'only-big-test' option.
[  3%] main.multi_update2                        [ skipped ]  Test needs 'big-test' or 'only-big-test' option.
[  3%] main.mysql_upgrade                        [ skipped ]  Test needs 'big-test' or 'only-big-test' option.
[  3%] main.mysql_upgrade_grant                  [ skipped ]  Test needs 'big-test' or 'only-big-test' option.
[  3%] main.mysql_upgrade_slave_master_info      [ skipped ]  Test needs 'big-test' or 'only-big-test' option.
[  3%] main.mysqlbinlog_row_big                  [ skipped ]  Test needs 'big-test' or 'only-big-test' option.
[  3%] main.opt_costmodel_upgrade                [ skipped ]  Test needs 'big-test' or 'only-big-test' option.
[  3%] main.packet_big_test                      [ skipped ]  Test needs 'big-test' or 'only-big-test' option.
[  3%] main.parser-big-64bit                     [ skipped ]  Test needs 'big-test' or 'only-big-test' option.
[  3%] main.ps_sys_upgrade                       [ skipped ]  Test needs 'big-test' or 'only-big-test' option.
[  3%] main.restart_server_no_acl                [ skipped ]  Test needs 'big-test' or 'only-big-test' option.
[  3%] main.slow_log_extra-big                   [ skipped ]  Test needs 'big-test' or 'only-big-test' option.
[  4%] main.ssl-big                              [ skipped ]  Test needs 'big-test' or 'only-big-test' option.
[  4%] main.ssl_connect                          [ skipped ]  Test needs 'big-test' or 'only-big-test' option.
[  4%] main.sum_distinct-big                     [ skipped ]  Test needs 'big-test' or 'only-big-test' option.
[  4%] main.type_newdecimal-big                  [ skipped ]  Test needs 'big-test' or 'only-big-test' option.
[  4%] main.variables-big                        [ skipped ]  Test needs 'big-test' or 'only-big-test' option.
[  4%] main.window_functions_big                 [ skipped ]  Test needs 'big-test' or 'only-big-test' option.
[  4%] main.with_recursive_closure               [ skipped ]  Test needs 'big-test' or 'only-big-test' option.
[  4%] main.wrong_basedir                        [ skipped ]  Test needs 'big-test' or 'only-big-test' option.
[  4%] main.xa_applier_shutdown                  [ skipped ]  Test needs 'big-test' or 'only-big-test' option.
[  4%] main.xa_recovery_errors                   [ skipped ]  Test needs 'big-test' or 'only-big-test' option.
[  4%] main.xa_recovery_errors_mmap              [ skipped ]  Test needs 'big-test' or 'only-big-test' option.
[  4%] main.dd_schema_definition_after_upgrade_80_debug  [ disabled ]   Bug#36312666 Several InnoDB testcases fail after the change to 9.0
[  4%] main.dd_upgrade_ci                        [ disabled ]   Bug#36312666 Several InnoDB testcases fail after the change to 9.0
[  4%] main.dd_upgrade_cs                        [ disabled ]   Bug#36312666 Several InnoDB testcases fail after the change to 9.0
[  4%] main.dd_upgrade_error_ci                  [ disabled ]   Bug#36312666 Several InnoDB testcases fail after the change to 9.0
[  5%] main.dd_upgrade_error_cs                  [ disabled ]   Bug#36312666 Several InnoDB testcases fail after the change to 9.0
[  5%] main.dd_upgrade_error_debug               [ disabled ]   Bug#36312666 Several InnoDB testcases fail after the change to 9.0
[  5%] main.events_time_zone                     [ disabled ]   BUG#2179 percona https://jira.percona.com/browse/PS-2179
[  5%] main.mysql_80_inplace_upgrade             [ disabled ]   Bug#36312666 Several InnoDB testcases fail after the change to 9.0
[  5%] main.mysql_inplace_upgrade                [ disabled ]   Bug#36312666 Several InnoDB testcases fail after the change to 9.0
[  5%] main.partition_prefixkey_upgrade          [ disabled ]   Bug#36312666 Several InnoDB testcases fail after the change to 9.0
[  5%] main.print_stacktrace                     [ disabled ]   Bug#36027494 Add mtr test for my_print_stacktrace
[  5%] main.read_only_ddl                        [ disabled ]   Bug#36312666 Several InnoDB testcases fail after the change to 9.0
[  5%] main.upgrade_with_float_auto_increment    [ disabled ]   Bug#36312666 Several InnoDB testcases fail after the change to 9.0
[  5%] main.log_components_eventlog             w6  [ skipped ]  Need windows
[  5%] main.plugin_load                         w17 [ pass ]      5
[  5%] main.log_components_notwin               w8  [ pass ]     15
[  5%] main.bug46261                            w27 [ pass ]     17
[  5%] main.component_file_service              w32 [ pass ]     13
[  5%] main.multi_plugin_load_add2              w13 [ pass ]     13
[  5%] main.conflicting_variables_plugin        w20 [ pass ]     31
[  6%] main.component_debug                     w31 [ pass ]     20
[  6%] main.multi_plugin_load                   w14 [ pass ]      9
[  6%] main.plugin_load_option                  w18 [ pass ]     12
[  6%] main.test_mysql_thd_store_service        w19 [ pass ]     16
[  6%] main.component_init_then_register        w23 [ pass ]      9
[  6%] main.dynamic_loader_guard                w30 [ pass ]      8
[  6%] main.log_timestamp_ts                    w10 [ pass ]     17
[  6%] main.component_deinit_no_deadlock        w21 [ pass ]      8
[  6%] main.plugin_load_early                   w24 [ pass ]     25
[  6%] main.log_components_config               w4  [ pass ]     32
[  6%] main.plugin                              w2  [ pass ]    193
[  6%] main.component_set                       w16 [ pass ]    222
[  6%] main.plugin_is_dying                     w1  [ pass ]    204
[  6%] main.log_components_filter               w15 [ pass ]    238
[  6%] main.log_components                      w7  [ pass ]    117
[  7%] main.plugin_auth_qa_2                    w11 [ pass ]    302
[  7%] main.udf_services                        w19 [ pass ]     17
[  7%] main.test_security_context               w30 [ pass ]     16
[  7%] main.query_attributes                    w32 [ pass ]     50
[  7%] main.sensitive_variables_permission      w21 [ pass ]     99
[  7%] main.sensitive_variables_rewrite         w21 [ pass ]     28
[  7%] main.plugin_auth_sha256_server_default_tls w19 [ pass ]    134
[  7%] main.fulltext_plugin                     w14 [ pass ]     86
[  7%] main.locking_service                     w9  [ pass ]   5485
[  7%] main.multi_plugin_load_add               w8  [ pass ]     14
[  7%] main.component_string_service            w24 [ pass ]      8
[  7%] main.udf_skip_grants                     w2  [ pass ]      6
[  7%] main.plugin_auth_qa_3                    w27 [ pass ]     65
[  7%] main.binlog_storage_iterator_skip_binlog w31 [ pass ]     66
[  7%] main.enable_cleartext_plugin             w17 [ pass ]    303
[  7%] main.roles-sp-case                       w11 [ pass ]     75
[  8%] main.validate_password_plugin_check_user w15 [ pass ]     82
[  8%] main.create_if_not_exists                w16 [ pass ]    323
[  8%] main.component_string_service_charset    w24 [ pass ]      8
[  8%] main.mysql_client_test_valgrind          w17 [ skipped ]  Need '--valgrind'
[  8%] main.ipv6_debug                          w30 [ pass ]      5
[  8%] main.bind_address_2_not_windows          w32 [ pass ]    154
[  8%] main.component_string_service_long       w24 [ pass ]      9
[  8%] main.bind_address_3                      w21 [ pass ]    184
[  8%] main.component_backup_lock_service       w23 [ pass ]   5985
[  8%] main.grant_alter_user_qa                 w28 [ pass ]   8203
[  8%] main.ipv4_as_ipv6                        w32 [ pass ]   2127
[  8%] main.component                           w29 [ pass ]  10135
[  8%] main.flush2                              w19 [ pass ]     38
[  8%] main.lock_tables_lost_commit             w9  [ pass ]     83
[  8%] main.mysqlbinlog_compressed_files        w14 [ pass ]     99
[  9%] main.ctype_latin1_de_myisam              w31 [ pass ]     78
[  9%] main.ctype_filesystem                    w27 [ pass ]     20
[  9%] main.ctype_utf16_def                     w30 [ pass ]     12
[  9%] main.ctype_ucs2_def                      w15 [ pass ]    151
[  9%] main.ctype_latin1_de                     w11 [ pass ]    506
[  9%] main.mysqlbinlog_start_stop_streaming_input w14 [ pass ]    341
[  9%] main.no_engine_substitution              w26 [ pass ]  12371
[  9%] main.utf8_hugeid_ci                      w23 [ pass ]     25
[  9%] main.deprecate_user_defined_collations   w24 [ pass ]    181
[  9%] main.lock_sync                           w8  [ pass ]   1797
[  9%] main.mysqlbinlog                         w2  [ pass ]   3315
[  9%] main.persisted_variables_for_component   w1  [ pass ]  11915
[  9%] main.boot_coll_server_binary             w32 [ pass ]     19
[  9%] main.disabled_storage_engines            w22 [ pass ]  15215
[  9%] main.xa_commit_failure_before_commit_engines_mmap w9  [ skipped ]  Test only executed when `GLOBAL.log_bin = 0`
[ 10%] main.no_binlog_gtid_next_partially_failed_stmts_error w31 [ pass ]    170
[ 10%] main.system_variable_source              w4  [ pass ]  15284
[ 10%] main.xa_commit_failure_before_commit_tc_mmap w9  [ skipped ]  Test only executed when `GLOBAL.log_bin = 0`
[ 10%] main.no_binlog_gtid_next_partially_failed_stmts w27 [ pass ]    442
[ 10%] main.type_timestamp_myisam               w30 [ pass ]     37
[ 10%] main.explain_other                       w19 [ pass ]    973
[ 10%] main.xa_commit_failure_before_gtid_externalization_mmap w9  [ skipped ]  Test only executed when `GLOBAL.log_bin = 0`
[ 10%] main.merge_mmap                          w8  [ pass ]    365
[ 10%] main.sensitive_variables_persistence_without_keyring w10 [ pass ]   9911
[ 10%] main.show_check_ci_myisam                w23 [ skipped ]  Test requires 'case_insensitive_file_system'
[ 10%] main.xa_commit_one_phase_failure_before_commit_engines_mmap w9  [ skipped ]  Test only executed when `GLOBAL.log_bin = 0`
[ 10%] main.myisam-blob                         w14 [ pass ]    756
[ 10%] main.key_cache                           w26 [ pass ]    400
[ 10%] main.import_empty_secure_file_priv       w2  [ pass ]    111
[ 10%] main.xa_commit_one_phase_failure_before_commit_tc_mmap w9  [ skipped ]  Test only executed when `GLOBAL.log_bin = 0`
[ 10%] main.show_check_cs_myisam                w23 [ pass ]    443
[ 11%] main.xa_commit_one_phase_failure_before_gtid_externalization_mmap w9  [ skipped ]  Test only executed when `GLOBAL.log_bin = 0`
[ 11%] main.xa_prepare_failure_before_gtid_externalization_mmap w9  [ skipped ]  Test only executed when `GLOBAL.log_bin = 0`
[ 11%] main.log_components_split                w3  [ pass ]   9967
[ 11%] main.xa_prepare_failure_before_prepare_2nd_phase_mmap w9  [ skipped ]  Test only executed when `GLOBAL.log_bin = 0`
[ 11%] main.mysqlcheck_myisam                   w10 [ pass ]    273
[ 11%] main.xa_prepare_failure_before_prepare_in_engines_mmap w9  [ skipped ]  Test only executed when `GLOBAL.log_bin = 0`
[ 11%] main.delete_all_rows_myisam              w22 [ pass ]    105
[ 11%] main.all_persisted_variables             w13 [ pass ]  15044
[ 11%] main.almost_full                         w30 [ pass ]    217
[ 11%] main.xa_prepare_failure_before_prepare_tc_mmap w9  [ skipped ]  Test only executed when `GLOBAL.log_bin = 0`
[ 11%] main.filter_single_col_idx_small_myisam  w19 [ pass ]    134
[ 11%] main.default_as_expr                     w16 [ pass ]  14513
[ 11%] main.no_binlog_gtid_next_partially_failed_stmts_anonymous w22 [ pass ]    108
[ 11%] main.xa_rollback_failure_before_gtid_externalization_mmap w9  [ skipped ]  Test only executed when `GLOBAL.log_bin = 0`
[ 11%] main.log_tables_myisam                   w4  [ pass ]    183
[ 12%] main.alter_sync_myisam                   w30 [ pass ]    220
[ 12%] main.flush_myisam                        w19 [ pass ]     60
[ 12%] main.log_components_syslog               w5  [ pass ]  21856
[ 12%] main.import_symlink                      w27 [ pass ]     56
[ 12%] main.myisam_crash_before_flush_keys      w32 [ pass ]   2195
[ 12%] main.no_binlog_gtid_next_single_stmt_trx_rollback w31 [ pass ]    718
[ 12%] main.invalid_collation                   w28 [ pass ]   8187
[ 12%] main.insert_update_myisam                w8  [ pass ]    113
[ 12%] main.xa_rollback_failure_before_rollback_engines_mmap w9  [ skipped ]  Test only executed when `GLOBAL.log_bin = 0`
[ 12%] main.session_tracker_trx_state_myisam    w22 [ pass ]    598
[ 12%] main.xa_rollback_failure_before_rollback_tc_mmap w9  [ skipped ]  Test only executed when `GLOBAL.log_bin = 0`
[ 12%] main.mdl_sync                            w15 [ pass ]   6265
[ 12%] main.xa_gtid                             w23 [ pass ]    334
[ 12%] main.time_zone2_myisam                   w14 [ pass ]     46
[ 12%] main.invalid_text_sort                   w8  [ pass ]     32
[ 13%] main.disconnect_on_expired_password_off  w26 [ pass ]    129
[ 13%] main.mysqldump_single_trans_min_privs    w2  [ pass ]    247
[ 13%] main.symlink                             w27 [ pass ]   1693
[ 13%] main.ctype_ldml                          w21 [ pass ]  11063
[ 13%] main.invisible_columns_myisam            w8  [ pass ]   1225
[ 13%] main.persisted_variables_for_plugin      w7  [ pass ]  23998
[ 13%] main.partition_innodb_semi_consistent    w11 [ pass ]  10372
[ 13%] main.invisible_indexes_myisam            w8  [ pass ]   1342
[ 13%] main.table_open_cache_triggers_functionality w13 [ pass ]   1151
[ 13%] main.mysqldump_gtid                      w4  [ pass ]    151
[ 13%] main.alter_table_myisam                  w30 [ pass ]   4697
[ 13%] main.flush_read_lock                     w19 [ pass ]   4517
[ 13%] main.myisam_recover                      w24 [ pass ]  10061
[ 13%] main.no_binlog_gtid_empty_transaction    w5  [ pass ]    269
[ 13%] main.time_zone3                          w14 [ skipped ]  Test requires 'have_moscow_leap_timezone'
[ 13%] main.log_state_bug33693                  w15 [ pass ]      5
[ 14%] main.mem_cnt_common                      w26 [ skipped ]  Test requires binaries to be compiled in release mode
[ 14%] main.analyze_myisam                      w30 [ pass ]     75
[ 14%] main.no_binlog_gtid_mode_on              w32 [ pass ]    960
[ 14%] main.flush_read_lock_on_function_update_temp_table_row w19 [ pass ]     74
[ 14%] main.key_myisam                          w8  [ pass ]    608
[ 14%] main.flush_table_myisam                  w19 [ pass ]     22
[ 14%] main.kill_myisam                         w8  [ pass ]    579
[ 14%] main.auto_increment                      w30 [ pass ]    936
[ 14%] main.no_binlog_gtid_mode_on_explicit_prepared_stmts w32 [ pass ]    958
[ 14%] main.init_file                           w2  [ pass ]     93
[ 14%] main.init_connect                        w27 [ pass ]    360
[ 14%] main.limit_myisam                        w8  [ pass ]     24
[ 14%] main.no_binlog_gtid_next_begin_caused_trx w32 [ pass ]    242
[ 14%] main.type_timestamp                      w22 [ pass ]   3906
[ 14%] main.session_tracker                     w7  [ pass ]   5557
[ 15%] main.bench_count_distinct                w30 [ pass ]   1553
[ 15%] main.foreign_key_myisam                  w19 [ pass ]   2889
[ 15%] main.type_timestamp_explicit             w9  [ pass ]   5474
[ 15%] main.trigger-trans_myisam                w14 [ pass ]    209
[ 15%] main.populate_charsets                   w28 [ pass ]   9591
[ 15%] main.bug46760_myisam                     w30 [ pass ]     19
[ 15%] main.trigger_before_not_null_myisam      w14 [ pass ]    405
[ 15%] main.check_constraints_myisam            w30 [ pass ]     78
[ 15%] main.validate_password_plugin            w7  [ pass ]   1405
[ 15%] main.check_myisam                        w30 [ pass ]     73
[ 15%] main.trigger_debug                       w14 [ pass ]     67
[ 15%] main.log_state                           w23 [ pass ]   6721
[ 15%] main.mysqldump-max                       w10 [ pass ]  13942
[ 15%] main.system_tables_myisam                w16 [ pass ]  12499
[ 15%] main.validate_password_component         w1  [ pass ]  22026
[ 15%] main.basedir                             w20 [ pass ]  35425
[ 16%] main.fulltext                            w19 [ pass ]   3194
[ 16%] main.lock_backup_ddl_myisam              w8  [ pass ]   6192
[ 16%] main.mysqld_cmdline_warnings             w20 [ pass ]    657
[ 16%] main.mysqldump_myisam                    w10 [ pass ]   1817
[ 16%] main.innodb_recovery_with_upper_case_names w28 [ skipped ]  Test requires 'case_insensitive_file_system'
[ 16%] main.explain_for_connection_small_json   w29 [ pass ]  22949
[ 16%] main.fulltext2                           w19 [ pass ]   1046
[ 16%] main.null_key_all_myisam                 w10 [ pass ]    343
[ 16%] main.fulltext3                           w19 [ pass ]    338
[ 16%] main.partition_list                      w32 [ pass ]   2677
[ 16%] main.trigger_myisam                      w14 [ pass ]   4289
[ 16%] main.null_key_icp_myisam                 w10 [ pass ]    333
[ 16%] main.bug46760                            w7  [ pass ]     78
[ 16%] main.fulltext_cache                      w19 [ pass ]     48
[ 16%] main.udf                                 w16 [ pass ]   1858
[ 17%] main.fulltext_distinct                   w19 [ pass ]     56
[ 17%] main.null_key_none_myisam                w10 [ pass ]    319
[ 17%] main.validate_password_component_check_user w1  [ pass ]     86
[ 17%] main.type_bit_myisam                     w14 [ pass ]   1261
[ 17%] main.olap_myisam                         w10 [ pass ]    162
[ 17%] main.fulltext_left_join                  w19 [ pass ]    221
[ 17%] main.type_blob_myisam                    w14 [ pass ]     37
[ 17%] main.validate_password_component_random_password w1  [ pass ]    245
[ 17%] main.fulltext_multi                      w19 [ pass ]     33
[ 17%] main.opt_costmodel_myisam                w10 [ pass ]    137
[ 17%] main.type_datetime_myisam                w14 [ pass ]     39
[ 17%] main.fulltext_order_by                   w19 [ pass ]    144
[ 17%] main.type_float_myisam                   w14 [ pass ]     26
[ 17%] main.fulltext_update                     w19 [ pass ]     40
[ 17%] main.partition_innodb_tablespace         w22 [ pass ]   6586
[ 18%] main.insert_debug                        w32 [ pass ]    286
[ 18%] main.type_newdecimal_myisam              w14 [ pass ]     19
[ 18%] main.fulltext_var                        w19 [ pass ]     37
[ 18%] main.type_set_myisam                     w14 [ pass ]     42
[ 18%] main.func_date_add_myisam                w19 [ pass ]     37
[ 18%] main.undo_tablespace_myisam              w14 [ pass ]      7
[ 18%] main.func_str_myisam                     w19 [ pass ]    147
[ 18%] main.library_privileges_db_caseness      w26 [ pass ]     47
[ 18%] main.union_myisam                        w14 [ pass ]    150
[ 18%] main.lowercase_mixed_tmpdir              w24 [ pass ]     73
[ 18%] main.dd_debug_lowercase1                 w5  [ pass ]    148
[ 18%] main.lowercase_mixed_tmpdir_innodb       w15 [ skipped ]  Test requires 'lower_case_table_names = 2'
[ 18%] main.system_tables_myisam_lctn_2         w2  [ skipped ]  Test requires 'case_insensitive_file_system'
[ 18%] main.update_myisam                       w14 [ pass ]    330
[ 18%] main.bug17076131                         w20 [ pass ]   5759
[ 18%] main.lock_multi                          w8  [ pass ]   9426
[ 19%] main.lock_myisam                         w8  [ pass ]    198
[ 19%] main.internal_tmp_disk_storage_engine    w11 [ pass ]   4884
[ 19%] main.lowercase_table                     w27 [ pass ]    873
[ 19%] main.function_defaults_myisam            w19 [ pass ]   2551
[ 19%] main.mysql_load_data_local_dir           w22 [ pass ]    179
[ 19%] main.locking_clause_myisam               w8  [ pass ]     29
[ 19%] main.ps_trace_thread_outfile_exists      w32 [ pass ]    584
[ 19%] main.lowercase_table_grant               w27 [ pass ]     50
[ 19%] main.innodb_mysql_lock                   w1  [ pass ]   2923
[ 19%] main.gis-precise                         w19 [ pass ]    836
[ 19%] main.ssl_dynamic_binlog                  w15 [ pass ]     91
[ 19%] main.secure_file_priv_win                w24 [ skipped ]  Need windows
[ 19%] main.show_check_ci                       w20 [ skipped ]  Test requires 'case_insensitive_file_system'
[ 19%] main.error_logging_verbosity             w2  [ pass ]    377
[ 19%] main.gis-rt-precise                      w19 [ pass ]    212
[ 20%] main.alter_table_partition               w4  [ pass ]   6144
[ 20%] main.persisted_variables_extended        w6  [ pass ]  48440
[ 20%] main.multi_statement                     w11 [ pass ]     74
[ 20%] main.gis-rtree                           w19 [ pass ]    770
[ 20%] main.table_open_cache_functionality      w13 [ pass ]   8719
[ 20%] main.archive                             w4  [ pass ]   1730
[ 20%] main.ps                                  w7  [ pass ]  10544
[ 20%] main.opt_costmodel_restart_myisam        w10 [ pass ]  12114
[ 20%] main.no_binlog_related_options           w32 [ pass ]     30
[ 20%] main.concurrent_innodb_safelog           w16 [ pass ]  10007
[ 20%] main.plugin_auth_sha256_2                w24 [ pass ]    147
[ 20%] main.system_tables_myisam_lctn_1         w26 [ pass ]   8227
[ 20%] main.slow_log_extra                      w27 [ pass ]   2094
[ 20%] main.log_timestamps                      w15 [ pass ]      6
[ 20%] main.plugin_auth_sha256_server_default   w24 [ pass ]    138
[ 21%] main.slow_log_extra_myisam               w27 [ pass ]     88
[ 21%] main.opt_hints_join_order_myisam         w10 [ pass ]    876
[ 21%] main.dd_pfs                              w28 [ pass ]  15128
[ 21%] main.show_check_cs                       w20 [ pass ]   4913
[ 21%] main.innodb_deadlock                     w16 [ pass ]    732
[ 21%] main.view_myisam                         w14 [ pass ]   9323
[ 21%] main.optimizer_bug12837084               w10 [ pass ]    151
[ 21%] main.debug_sync2                         w2  [ pass ]   1296
[ 21%] main.create-big_myisam                   w30 [ pass ]  22900
[ 21%] main.named_pipe                          w13 [ skipped ]  Need windows
[ 21%] main.histogram_background_error_throttling w6  [ pass ]   1140
[ 21%] main.create_myisam                       w30 [ pass ]    105
[ 21%] main.skip_grants                         w26 [ pass ]    234
[ 21%] main.create_select_tmp_myisam            w30 [ pass ]     97
[ 21%] main.select_for_update                   w16 [ pass ]   2273
[ 21%] main.skip_grants_flush                   w26 [ pass ]     35
[ 22%] main.csv_myisam                          w30 [ pass ]     71
[ 22%] main.packet_myisam                       w10 [ pass ]   2381
[ 22%] main.status                              w3  [ pass ]  36917
[ 22%] main.mysql_client_test                   w12 [ pass ]  62132
[ 22%] main.parser_myisam                       w10 [ pass ]      9
[ 22%] main.explain_for_connection_small_trad   w29 [ pass ]  22996
[ 22%] main.func_time                           w5  [ pass ]   9951
[ 22%] main.ctype_binary_myisam                 w30 [ pass ]    292
[ 22%] main.shm                                 w28 [ skipped ]  Need windows
[ 22%] main.shm_server_restart                  w20 [ skipped ]  Need windows
[ 22%] main.roles-admin                         w15 [ pass ]    728
[ 22%] main.partition_myisam                    w10 [ pass ]    242
[ 22%] main.plugin_auth_sha256                  w27 [ pass ]    192
[ 22%] main.ctype_cp1251_myisam                 w30 [ pass ]    282
[ 22%] main.ssl_8k_key                          w13 [ pass ]     92
[ 23%] main.gis                                 w19 [ pass ]   9157
[ 23%] main.wait_for_disk_space                 w14 [ pass ]   5051
[ 23%] main.partition_not_supported_myisam      w10 [ pass ]    197
[ 23%] main.skip_log_bin                        w2  [ pass ]    148
[ 23%] main.ctype_gb18030_binlog                w30 [ pass ]    141
[ 23%] main.window_functions_myisam             w14 [ pass ]     37
[ 23%] main.func_digest_small_buffer            w6  [ pass ]     83
[ 23%] main.windows_myisam                      w14 [ skipped ]  Need windows
[ 23%] main.grant2                              w19 [ pass ]   1413
[ 23%] main.component-upgrade                   w25 [ pass ]  65151
[ 23%] main.year-myisam                         w14 [ pass ]    283
[ 23%] main.ctype_utf8mb4_innodb                w4  [ pass ]  10365
[ 23%] main.grant4_myisam                       w19 [ pass ]    180
[ 23%] main.bug58669                            w29 [ pass ]     97
[ 23%] main.relay_log_index_variables           w28 [ pass ]     11
[ 23%] main.relay_log_variables                 w20 [ pass ]      8
[ 24%] main.func_group_innodb_16k               w4  [ pass ]     86
[ 24%] main.server_offline_6                    w3  [ pass ]    153
[ 24%] main.preload                             w10 [ pass ]   3416
[ 24%] main.ssl-big-packet                      w16 [ pass ]   3281
[ 24%] main.dd_schema_dd_properties_debug       w13 [ pass ]     45
[ 24%] main.grant3                              w27 [ pass ]    504
[ 24%] main.ctype_latin1_myisam                 w30 [ pass ]   4405
[ 24%] main.disabled_replication                w2  [ pass ]     94
[ 24%] main.ps_2myisam                          w10 [ pass ]    887
[ 24%] main.loaddata_special                    w13 [ pass ]    112
[ 24%] main.subquery_scalar_to_derived          w24 [ pass ]   7381
[ 24%] main.ctype_latin2_ch_myisam              w30 [ pass ]     93
[ 24%] main.group_skip_scan                     w19 [ pass ]   3256
[ 24%] main.ps_ddl_myisam                       w10 [ pass ]    249
[ 24%] main.plugin_auth                         w17 [ pass ]  63062
[ 25%] main.events_bugs                         w1  [ pass ]  14808
[ 25%] main.ctype_tis620_myisam                 w30 [ pass ]    144
[ 25%] main.innodb_mrr                          w7  [ pass ]  10202
[ 25%] main.ps_grant                            w10 [ pass ]    168
[ 25%] main.mysqldump-no-binlog                 w14 [ pass ]     56
[ 25%] main.union                               w22 [ pass ]  16607
[ 25%] main.warnings                            w6  [ pass ]   1361
[ 25%] main.ctype_uca_myisam                    w30 [ pass ]     53
[ 25%] main.sp                                  w31 [ pass ]  44281
[ 25%] main.no_binlog                           w29 [ pass ]     72
[ 25%] main.xa_prepared_binlog_off              w14 [ skipped ]  Test only executed when `GLOBAL.xa_detach_on_prepare = 0`
[ 25%] main.plugin_auth_expire                  w17 [ pass ]     34
[ 25%] main.roles                               w15 [ pass ]   8247
[ 25%] main.ctype_ucs2_def_myisam               w30 [ pass ]     28
[ 25%] main.bind_address_1_not_windows          w28 [ pass ]    244
[ 26%] main.flush_privileges_sql_mode           w3  [ pass ]    152
[ 26%] main.no_binlog_gtid_empty_statement      w29 [ pass ]    138
[ 26%] main.plugin_auth_password_history        w17 [ pass ]     43
[ 26%] main.partition                           w9  [ pass ]  35385
[ 26%] main.ctype_ucs_myisam                    w30 [ pass ]    454
[ 26%] main.delete_all_rows                     w25 [ pass ]    229
[ 26%] main.ssl_verify_identity                 w16 [ pass ]    114
[ 26%] main.ctype_ujis_myisam                   w30 [ pass ]     40
[ 26%] main.plugin_auth_qa                      w17 [ pass ]    297
[ 26%] main.ssl-sha512                          w27 [ pass ]     39
[ 26%] main.no_binlog_gtid_next_temporary_table w25 [ pass ]    105
[ 26%] main.histogram_background_error          w11 [ pass ]  15464
[ 26%] main.ipv6                                w28 [ pass ]   1329
[ 26%] main.group_skip_scan_hypergraph          w19 [ pass ]   3318
[ 26%] main.ctype_utf16_myisam                  w30 [ pass ]    144
[ 26%] main.plugin_auth_qa_1                    w17 [ pass ]    354
[ 27%] main.ctype_utf16_uca_myisam              w30 [ pass ]     62
[ 27%] main.session_tracker_trx_state           w25 [ pass ]    661
[ 27%] main.ssl_crl_clients_valid               w22 [ pass ]     38
[ 27%] main.plugin_auth_user_lock               w17 [ pass ]     36
[ 27%] main.ssl_crl_crlpath                     w14 [ pass ]     52
[ 27%] main.utility_warnings                    w1  [ pass ]    354
[ 27%] main.ctype_utf16le_myisam                w30 [ pass ]    123
[ 27%] main.ssl_crl_clients                     w6  [ pass ]     68
[ 27%] main.ssl_crl                             w31 [ pass ]     74
[ 27%] main.ctype_utf32_myisam                  w30 [ pass ]    190
[ 27%] main.ssl_ca                              w15 [ pass ]     77
[ 27%] main.grant_alter_user                    w5  [ pass ]  14791
[ 27%] main.ctype_utf32_uca_myisam              w30 [ pass ]     55
[ 27%] main.subquery_to_derived_hypergraph      w24 [ pass ]   7588
[ 27%] main.ssl_cipher                          w29 [ pass ]     43
[ 28%] main.tls_certificate_validation_ca_path  w2  [ pass ]   4039
[ 28%] main.skip_name_resolve                   w28 [ pass ]   4202
[ 28%] main.archive_symlink                     w27 [ pass ]     64
[ 28%] main.sysdate_is_now                      w11 [ pass ]   1005
[ 28%] main.trigger-single-table                w22 [ pass ]    109
[ 28%] main.mem_cnt_temptable_keys              w17 [ pass ]    330
[ 28%] main.no-threads                          w14 [ pass ]     13
[ 28%] main.innodb_mrr_all                      w7  [ pass ]   9898
[ 28%] main.tls_certificate_validation_crl      w3  [ pass ]   3896
[ 28%] main.mysql_ssl                           w6  [ pass ]     52
[ 28%] main.grant_user_lock_qa                  w1  [ pass ]    916
[ 28%] main.rename_myisam                       w10 [ pass ]  10715
[ 28%] main.partition_exchange                  w9  [ pass ]   8979
[ 28%] main.long_tmpdir                         w24 [ pass ]     23
[ 28%] main.change_user                         w29 [ pass ]     55
[ 28%] main.repair                              w10 [ pass ]    296
[ 29%] main.grant_user_lock                     w5  [ pass ]   5071
[ 29%] main.group_by                            w4  [ pass ]  16004
[ 29%] main.func_aes_kdf_hkdf                   w29 [ pass ]      9
[ 29%] main.bug33509                            w28 [ pass ]     99
[ 29%] main.temp_table                          w15 [ pass ]   1517
[ 29%] main.handler_innodb                      w19 [ pass ]   9413
[ 29%] main.rollback_myisam                     w10 [ pass ]     37
[ 29%] main.func_aes_kdf_pbkdf2_hmac            w29 [ pass ]     45
[ 29%] main.bug35507223                         w28 [ pass ]     65
[ 29%] main.ctype_gb18030_ligatures             w11 [ pass ]    561
[ 29%] main.bug39022                            w28 [ skipped ]  Test cannot run with binlog_format ROW
[ 29%] main.func_aes_misc                       w29 [ pass ]    427
[ 29%] main.ctype_utf8                          w30 [ pass ]   7909
[ 29%] main.bulk_replace                        w28 [ pass ]     77
[ 29%] main.log_tables                          w20 [ pass ]  14341
[ 30%] main.temptable_disk                      w17 [ pass ]   4296
[ 30%] main.count_distinct2                     w26 [ pass ]  22749
[ 30%] main.func_aes_ofb                        w29 [ pass ]    104
[ 30%] main.date_formats                        w22 [ pass ]    708
[ 30%] main.events_trans                        w1  [ pass ]    469
[ 30%] main.xa_debug                            w25 [ pass ]  10427
[ 30%] main.log_tables_debug                    w20 [ pass ]     32
[ 30%] main.func_at_time_zone                   w29 [ pass ]    228
[ 30%] main.multi_update_tiny_hash              w26 [ pass ]    497
[ 30%] main.dd_column_and_index_name_collation  w22 [ pass ]    263
[ 30%] main.temptable_fallback                  w17 [ pass ]    584
[ 30%] main.loaddata                            w5  [ pass ]   3767
[ 30%] main.host_cache_size_functionality       w4  [ pass ]   4094
[ 30%] main.flush_block_commit                  w24 [ pass ]   1095
[ 30%] main.func_between                        w29 [ pass ]      4
[ 31%] main.case                                w28 [ pass ]   1801
[ 31%] main.func_isnull                         w15 [ pass ]    385
[ 31%] main.ctype_utf8mb4                       w30 [ pass ]   3151
[ 31%] main.handler_myisam                      w19 [ pass ]   5449
[ 31%] main.dd_debug                            w22 [ pass ]   1530
[ 31%] main.flush_block_commit_have_log_bin     w24 [ pass ]   1224
[ 31%] main.dd_is_compatibility_ci              w22 [ skipped ]  Test requires 'case_insensitive_file_system'
[ 31%] main.having_myisam                       w19 [ pass ]    118
[ 31%] main.flush_read_lock_kill                w24 [ pass ]     78
[ 31%] main.alter_table                         w21 [ pass ]  49402
[ 31%] main.func_bitwise_ops                    w29 [ pass ]   2284
[ 31%] main.func_like                           w15 [ pass ]   1049
[ 31%] main.heap_btree_myisam                   w19 [ pass ]    124
[ 31%] main.group_by_fd_ps_prot                 w20 [ skipped ]  Need ps-protocol
[ 31%] main.innodb_mrr_cost                     w7  [ pass ]  10121
[ 31%] main.cast                                w28 [ pass ]   2836
[ 32%] main.heap_hash_myisam                    w19 [ pass ]    176
[ 32%] main.derived_condition_pushdown_hypergraph w14 [ pass ]   6659
[ 32%] main.ctype_utf8mb4_myisam                w30 [ pass ]   2871
[ 32%] main.import_schema_mismatch              w17 [ pass ]    629
[ 32%] main.dd_is_compatibility_ci_myisam       w30 [ skipped ]  Test requires 'case_insensitive_file_system'
[ 32%] main.func_comparison                     w29 [ pass ]   2063
[ 32%] main.mem_status_limit                    w2  [ pass ]  10721
[ 32%] main.innodb_pk_extension_off             w4  [ pass ]   1501
[ 32%] main.partition_innodb                    w9  [ pass ]  11663
[ 32%] main.dd_is_compatibility_cs_myisam       w30 [ pass ]    136
[ 32%] main.inconsistent_scan                   w17 [ pass ]    762
[ 32%] main.1st                                 w2  [ pass ]     16
[ 32%] main.func_math                           w15 [ pass ]   3304
[ 32%] main.dd_is_debug_myisam                  w30 [ pass ]     36
[ 32%] main.group_by_hypergraph                 w20 [ pass ]   2905
[ 33%] main.loadxml                             w5  [ pass ]   7106
[ 33%] main.index_merge_bug29952775             w17 [ pass ]     75
[ 33%] main.schema_myisam                       w10 [ pass ]  11047
[ 33%] main.events_restart                      w6  [ pass ]   9020
[ 33%] main.func_compress                       w29 [ pass ]   1476
[ 33%] main.dd_is_gcov_myisam                   w30 [ pass ]     83
[ 33%] main.histogram_equi_height               w26 [ pass ]   3559
[ 33%] main.sdi_utf8                            w10 [ pass ]     20
[ 33%] main.innodb_pk_extension_on              w4  [ pass ]   1537
[ 33%] main.group_by_type_bit                   w20 [ pass ]    343
[ 33%] main.mysqlimport                         w5  [ pass ]    353
[ 33%] main.events_bugs_debug                   w3  [ pass ]   9867
[ 33%] main.index_merge_bugs                    w17 [ pass ]    434
[ 33%] main.debug_sync_myisam                   w30 [ pass ]     31
[ 33%] main.derived_correlated                  w14 [ pass ]   3625
[ 34%] main.func_concat                         w29 [ pass ]    543
[ 34%] main.partition_binlog_stmt               w5  [ pass ]     90
[ 34%] main.select_count                        w10 [ pass ]    547
[ 34%] main.events_grant                        w3  [ pass ]    252
[ 34%] main.index_merge_bugs_no_ps              w17 [ pass ]    176
[ 34%] main.delete_myisam                       w30 [ pass ]     68
[ 34%] main.histogram_singleton                 w26 [ pass ]    717
[ 34%] main.func_misc                           w15 [ pass ]   1754
[ 34%] main.flush_table                         w24 [ pass ]   6611
[ 34%] main.derived_correlated_hypergraph       w14 [ pass ]    107
[ 34%] main.func_date_add                       w29 [ pass ]    190
[ 34%] main.group_min_max_ext-debug             w20 [ pass ]    909
[ 34%] main.server_offline_3_myisam             w10 [ pass ]     54
[ 34%] main.func_op                             w15 [ pass ]    108
[ 34%] main.derived_cs                          w14 [ pass ]     18
[ 34%] main.generated_invisible_primary_key     w25 [ pass ]   7284
[ 35%] main.func_default                        w29 [ pass ]    136
[ 35%] main.server_offline_4                    w10 [ pass ]    260
[ 35%] main.ctype_gb2312                        w11 [ pass ]  13860
[ 35%] main.derived_limit                       w14 [ pass ]    116
[ 35%] main.histogram_update_using_data         w26 [ pass ]   1572
[ 35%] main.group_min_max_innodb                w20 [ pass ]   1569
[ 35%] main.get_diagnostics                     w25 [ pass ]    845
[ 35%] main.func_prefix_key                     w15 [ pass ]   1141
[ 35%] main.func_digest                         w29 [ pass ]    960
[ 35%] main.group_min_max_ps_protocol           w20 [ skipped ]  Need ps-protocol
[ 35%] main.get_diagnostics_debug               w25 [ pass ]     93
[ 35%] main.func_rand                           w15 [ pass ]    235
[ 35%] main.events_logs_tests                   w3  [ pass ]   3267
[ 35%] main.func_equal                          w29 [ pass ]    274
[ 35%] main.events_microsec                     w3  [ pass ]     17
[ 36%] main.innodb_mrr_cost_all                 w7  [ pass ]   9894
[ 36%] main.func_regexp                         w15 [ pass ]    464
[ 36%] main.events_scheduling                   w6  [ pass ]   6441
[ 36%] main.kill_explain_analyze                w3  [ pass ]     67
[ 36%] main.connect                             w27 [ pass ]  19284
[ 36%] main.key                                 w4  [ pass ]   6208
[ 36%] main.log_diagnostic                      w6  [ skipped ]  "The test needs log_diagnostic_enable."
[ 36%] main.get_table_share                     w25 [ pass ]   1278
[ 36%] main.func_rollback                       w15 [ pass ]    532
[ 36%] main.connection_compression_zstd         w27 [ pass ]    216
[ 36%] main.log_tables_upgrade                  w8  [ pass ]  54751
[ 36%] main.gis-debug                           w25 [ pass ]    125
[ 36%] main.lead_lag                            w3  [ pass ]    963
[ 36%] main.func_sapdb                          w15 [ pass ]    152
[ 36%] main.consistent_snapshot                 w27 [ pass ]     96
[ 36%] main.opt_costmodel                       w4  [ pass ]    894
[ 37%] main.desc_index_innodb                   w14 [ pass ]   4701
[ 37%] main.global_status_gr                    w25 [ pass ]     19
[ 37%] main.merge_innodb                        w8  [ pass ]    291
[ 37%] main.opt_costmodel_flush                 w4  [ pass ]    254
[ 37%] main.gr_member_actions                   w25 [ pass ]     17
[ 37%] main.lead_lag_explain                    w3  [ pass ]    653
[ 37%] main.func_set                            w15 [ pass ]    666
[ 37%] main.examined_rows                       w1  [ pass ]  19287
[ 37%] main.dictionary_timestamp                w14 [ pass ]    397
[ 37%] main.ssl                                 w16 [ pass ]  28848
[ 37%] main.rewrite_general_log                 w5  [ pass ]   8408
[ 37%] main.rewrite_slow_log                    w5  [ pass ]    205
[ 37%] main.library_privileges                  w3  [ pass ]    871
[ 37%] main.single_delete_update                w10 [ pass ]   8285
[ 37%] main.dd_is_compatibility_cs              w22 [ pass ]  16974
[ 38%] main.dirty_close                         w14 [ pass ]   1132
[ 38%] main.func_gconcat                        w29 [ pass ]   5952
[ 38%] main.index_merge_delete                  w17 [ pass ]  10253
[ 38%] main.derived                             w30 [ pass ]  10424
[ 38%] main.dd_is_concurrency                   w22 [ pass ]    264
[ 38%] main.disconnect_on_expired_password_default w14 [ pass ]    132
[ 38%] main.limit                               w3  [ pass ]    988
[ 38%] main.outfile_fsync_debug                 w13 [ pass ]  40678
[ 38%] main.eq_range_idx_stat                   w30 [ pass ]    576
[ 38%] main.loaddata_autocom_innodb             w3  [ pass ]    142
[ 38%] main.dd_is_debug                         w22 [ pass ]    697
[ 38%] main.locale                              w3  [ pass ]    150
[ 38%] main.skip_scan_myisam                    w10 [ pass ]   2681
[ 38%] main.dd_is_gcov                          w22 [ pass ]    247
[ 38%] main.memory_skip_lock_nowait             w16 [ pass ]     26
[ 39%] main.log_errchk                          w6  [ pass ]   6018
[ 39%] main.sp_gis                              w10 [ pass ]     50
[ 39%] main.mysql_native_password_removed       w5  [ pass ]     29
[ 39%] main.sp_trans_log                        w10 [ pass ]    185
[ 39%] main.explain                             w30 [ pass ]   2791
[ 39%] main.dd_is_view_usage                    w22 [ pass ]    973
[ 39%] main.innodb_mrr_cost_icp                 w7  [ pass ]  10387
[ 39%] main.mysql_os_user                       w5  [ pass ]     20
[ 39%] main.metadata                            w16 [ pass ]   1324
[ 39%] main.information_schema_statistics       w21 [ pass ]  18142
[ 39%] main.persisted_variables                 w18 [ pass ]  109945
[ 39%] main.sp_trans_myisam                     w10 [ pass ]    529
[ 39%] main.lock                                w3  [ pass ]   2197
[ 39%] main.mysql_os_user_unix                  w5  [ pass ]     21
[ 39%] main.explain_json_all                    w30 [ pass ]   1254
[ 39%] main.log_slow                            w6  [ pass ]     17
[ 40%] main.mysql_pager                         w5  [ pass ]     13
[ 40%] main.mtr_unit_tests                      w16 [ pass ]   1022
[ 40%] main.dd_schema_definition_debug          w22 [ pass ]   1491
[ 40%] main.ctype_gbk                           w11 [ pass ]  16063
[ 40%] main.bug12969156                         w12 [ pass ]  50043
[ 40%] main.grant                               w25 [ pass ]   9290
[ 40%] main.mysql_protocols                     w5  [ pass ]     54
[ 40%] main.distinct                            w14 [ pass ]   6203
[ 40%] main.long_table_name                     w6  [ pass ]     57
[ 40%] main.import                              w19 [ pass ]  23299
[ 40%] main.dd_stages                           w22 [ pass ]    261
[ 40%] main.ctype_gbk_binlog                    w11 [ pass ]    254
[ 40%] main.strict                              w10 [ pass ]   1601
[ 40%] main.import_debug                        w19 [ pass ]     45
[ 40%] main.lock_backup                         w3  [ pass ]   1712
[ 41%] main.mysql_ssl_default                   w5  [ pass ]     99
[ 41%] main.multi_update_innodb                 w16 [ pass ]    602
[ 41%] main.explain_json_none                   w30 [ pass ]   1307
[ 41%] main.distinct_group_by_hypergraph        w14 [ pass ]    373
[ 41%] main.information_schema_stats_expiry_debug w21 [ pass ]   2336
[ 41%] main.grant4                              w25 [ pass ]    667
[ 41%] main.strict_autoinc_1myisam              w10 [ pass ]     35
[ 41%] main.mysql_system_cmd_unix               w5  [ pass ]     56
[ 41%] main.loose_scan                          w6  [ pass ]    941
[ 41%] main.dd_string                           w22 [ pass ]    448
[ 41%] main.ctype_hebrew                        w11 [ pass ]    138
[ 41%] main.filter_single_col_idx_big_myisam    w30 [ pass ]    259
[ 41%] main.strict_autoinc_3heap                w10 [ pass ]     26
[ 41%] main.execution_constants                 w1  [ pass ]  11527
[ 41%] main.distinct_innodb                     w14 [ pass ]    512
[ 42%] main.grant_debug                         w25 [ pass ]    344
[ 42%] main.dd_table_access                     w22 [ pass ]    290
[ 42%] main.subselect_gis                       w10 [ pass ]     28
[ 42%] main.multi_update                        w31 [ pass ]  37917
[ 42%] main.mysql_tzinfo_to_sql                 w5  [ pass ]    529
[ 42%] main.ctype_latin1                        w11 [ pass ]    517
[ 42%] main.explain_dml                         w1  [ pass ]    297
[ 42%] main.mysql_tzinfo_to_sql_sys             w5  [ skipped ]  Unable to locate zoneinfo/Japan
[ 42%] main.dollar_identifier                   w14 [ pass ]    404
[ 42%] main.const_folding                       w27 [ pass ]  14487
[ 42%] main.ctype_latin2                        w11 [ pass ]    156
[ 42%] main.mysqlbinlog_raw_mode                w13 [ pass ]   5007
[ 42%] main.index_merge_insert-and-replace      w17 [ pass ]  11552
[ 42%] main.mysqldump_asan_bugs                 w12 [ skipped ]  Test requires Address Sanitizer
[ 42%] main.mysqlbinlog_raw_mode_win            w13 [ skipped ]  Need windows
[ 42%] main.explain_for_connection_crash        w1  [ pass ]    586
[ 43%] main.func_str                            w15 [ pass ]  14198
[ 43%] main.ctype_latin2_ch                     w11 [ pass ]    929
[ 43%] main.mysqldump_bug29998457               w12 [ pass ]    334
[ 43%] main.func_str_debug                      w15 [ pass ]      6
[ 43%] main.drop                                w14 [ pass ]   1406
[ 43%] main.opt_costmodel_restart               w4  [ pass ]  15413
[ 43%] main.func_str_no_ps                      w15 [ pass ]      6
[ 43%] main.join_cache_bka                      w9  [ pass ]  25149
[ 43%] main.explain_for_connection_small_json_innodb w1  [ pass ]   1459
[ 43%] main.partition_index_innodb              w4  [ pass ]    350
[ 43%] main.histograms                          w26 [ pass ]  21168
[ 43%] main.func_system                         w15 [ pass ]    231
[ 43%] main.mysqltest_escape                    w30 [ pass ]    204
[ 43%] main.innodb_mrr_icp                      w7  [ pass ]   9944
[ 43%] main.ctype_like_range                    w11 [ pass ]   1403
[ 44%] main.init_file_one_line_multiple_statements w21 [ pass ]   6188
[ 44%] main.explain_for_schema                  w1  [ pass ]    293
[ 44%] main.opt_costmodel_pfs                   w31 [ pass ]      7
[ 44%] main.mysqltest_json                      w30 [ pass ]     95
[ 44%] main.tablespace_myisam                   w10 [ pass ]   4806
[ 44%] main.negation_elimination                w30 [ pass ]    165
[ 44%] main.explain_for_schema_hypergraph       w1  [ pass ]    278
[ 44%] main.no-login-paths                      w30 [ pass ]     62
[ 44%] main.drop_debug                          w14 [ pass ]   3486
[ 44%] main.opt_costmodel_tables                w31 [ pass ]   1176
[ 44%] main.ctype_many                          w11 [ pass ]   1604
[ 44%] main.mysqldump_bugs                      w12 [ pass ]   3892
[ 44%] main.explain_into                        w1  [ pass ]    172
[ 44%] main.func_test                           w15 [ pass ]   2079
[ 44%] main.constraints                         w27 [ pass ]   6387
[ 44%] main.index_merge_intersect_dml           w17 [ pass ]   5870
[ 45%] main.mysqldump_debug_bugs                w12 [ pass ]    110
[ 45%] main.empty_table                         w14 [ pass ]     65
[ 45%] main.func_timestamp                      w15 [ pass ]    111
[ 45%] main.explain_into_hypergraph             w1  [ pass ]    160
[ 45%] main.ctype_mb                            w11 [ pass ]    449
[ 45%] main.mysqlcheck                          w13 [ pass ]   6327
[ 45%] main.func_unixtime                       w15 [ pass ]    203
[ 45%] main.histograms_debug                    w26 [ pass ]   1694
[ 45%] main.transactional_acl_tables            w32 [ pass ]  67493
[ 45%] main.mysqldump_event_terminology         w12 [ pass ]    638
[ 45%] main.func_group                          w29 [ pass ]  19767
[ 45%] main.temp_table_myisam                   w10 [ pass ]     37
[ 45%] main.mysqld--defaults-file               w13 [ pass ]    115
[ 45%] main.endspace                            w14 [ pass ]    860
[ 45%] main.grant_dynamic                       w25 [ pass ]   9480
[ 46%] main.count_distinct                      w27 [ pass ]   1275
[ 46%] main.ctype_recoding                      w11 [ pass ]    978
[ 46%] main.mysqld--help-notwin                 w13 [ pass ]     62
[ 46%] main.func_uuid                           w15 [ pass ]    586
[ 46%] main.hostname_length                     w26 [ pass ]    501
[ 46%] main.grant_dynamic_bugs                  w25 [ pass ]     37
[ 46%] main.func_group_innodb                   w29 [ pass ]    530
[ 46%] main.mysqld--help-win                    w13 [ skipped ]  Need windows
[ 46%] main.explain_json_hypergraph             w1  [ pass ]   2107
[ 46%] main.read_only_persisted_variables       w23 [ pass ]  92466
[ 46%] main.hostname_length_ipv4                w26 [ pass ]    125
[ 46%] main.mysqldump_restore                   w12 [ pass ]   1247
[ 46%] main.group_skip_scan_ext                 w20 [ pass ]  29211
[ 46%] main.func_weight_string                  w15 [ pass ]    573
[ 46%] main.engine_attribute                    w14 [ pass ]   1372
[ 47%] main.grant_dynamic_flush                 w25 [ pass ]    242
[ 47%] main.mysqldump_secondary_engine          w12 [ pass ]    193
[ 47%] main.hostname_length_ipv6                w26 [ pass ]    148
[ 47%] main.func_if                             w29 [ pass ]   1063
[ 47%] main.grant_dynamic_flush_privileges      w25 [ pass ]    115
[ 47%] main.partition_locking                   w4  [ pass ]   8383
[ 47%] main.grant_dynamic_session_variables_admin w25 [ pass ]    160
[ 47%] main.non_table_atomic_ddl                w30 [ pass ]   5941
[ 47%] main.temptable_myisam                    w10 [ pass ]   3819
[ 47%] main.nth                                 w30 [ pass ]    270
[ 47%] main.grant_dynamic_suid                  w25 [ pass ]    612
[ 47%] main.mysqldump_users                     w12 [ pass ]   2053
[ 47%] main.innodb_mrr_none                     w7  [ pass ]   9792
[ 47%] main.engine_attribute_debug              w14 [ pass ]   2739
[ 47%] main.nth_explain                         w30 [ pass ]     99
[ 47%] main.outfile                             w23 [ pass ]    201
[ 48%] main.mysqld--validate-config             w13 [ pass ]   4097
[ 48%] main.grant_explain_non_select            w25 [ pass ]    283
[ 48%] main.error_simulation                    w14 [ pass ]    743
[ 48%] main.grant_lowercase_fs                  w25 [ skipped ]  Test requires 'case_insensitive_file_system'
[ 48%] main.opt_hints_lowercase                 w32 [ pass ]    217
[ 48%] main.index_merge_update                  w17 [ pass ]   8741
[ 48%] main.explain_tree                        w1  [ pass ]   5868
[ 48%] main.outfile_loaddata                    w23 [ pass ]   1249
[ 48%] main.grant_revoke_not_existing_privilege w25 [ pass ]    348
[ 48%] main.opt_hints_pfs                       w32 [ pass ]    111
[ 48%] main.lowercase_fs_off                    w6  [ pass ]  18889
[ 48%] main.null                                w30 [ pass ]   1910
[ 48%] main.overflow                            w23 [ pass ]      9
[ 48%] main.errors                              w14 [ pass ]   1022
[ 48%] main.lowercase_fs_on                     w6  [ skipped ]  Test requires 'case_insensitive_file_system'
[ 49%] main.grant_revoke_not_existing_privilege_routine w25 [ pass ]    235
[ 49%] main.function_defaults                   w15 [ pass ]   6718
[ 49%] main.ps_1general                         w4  [ pass ]   4836
[ 49%] main.lowercase_table2                    w6  [ skipped ]  Test requires 'lower_case_table_names = 2'
[ 49%] main.index_merge_myisam                  w19 [ pass ]  21144
[ 49%] main.packet                              w23 [ pass ]    172
[ 49%] main.partition_column_prune              w10 [ pass ]    906
[ 49%] main.mysqldump_users_all_dbs_restore     w12 [ pass ]   3719
[ 49%] main.explain_tree_hypergraph             w1  [ pass ]   1222
[ 49%] main.grant_revoke_not_existing_privilege_table w25 [ pass ]    434
[ 49%] main.lowercase_table5                    w6  [ pass ]    134
[ 49%] main.mysqldumpslow                       w12 [ pass ]     25
[ 49%] main.index_skip_scan_end_range           w17 [ pass ]   2039
[ 49%] main.etag                                w14 [ pass ]   1092
[ 49%] main.opt_costmodel_warnings              w31 [ pass ]  12217
[ 50%] main.mysqlshow_ci                        w12 [ skipped ]  Test requires 'case_insensitive_file_system'
[ 50%] main.lpad                                w6  [ pass ]      9
[ 50%] main.information_schema_ci               w17 [ skipped ]  Test requires 'case_insensitive_file_system'
[ 50%] main.lock_backup_ddl                     w3  [ pass ]  22769
[ 50%] main.opt_hint_resource_group             w31 [ pass ]     57
[ 50%] main.opt_hint_resource_group_hypergraph  w31 [ pass ]     59
[ 50%] main.hypergraph_bugs                     w26 [ pass ]   9933
[ 50%] main.lock_backup_debug                   w3  [ pass ]   1158
[ 50%] main.mysqlshow_cs                        w12 [ fail ]
        Test ended at 2026-10-05 15:54:23

CURRENT_TEST: main.mysqlshow_cs
--- /home/satya/WORK/vector/vec-memory-i-s/mysql-test/r/mysqlshow_cs.result	2026-10-05 14:22:29.609301660 +0300
+++ /home/satya/WORK/vector/vec-memory-i-s/bld/mysql-test/var/12/log/mysqlshow_cs.reject	2026-10-05 18:54:22.121206654 +0300
@@ -128,6 +128,7 @@
 | INNODB_TABLESTATS                     |
 | INNODB_TEMP_TABLE_INFO                |
 | INNODB_TRX                            |
+| INNODB_VECTOR_INDEXES                 |
 | INNODB_VIRTUAL                        |
 | JSON_DUALITY_VIEWS                    |
 | JSON_DUALITY_VIEW_COLUMNS             |
@@ -226,6 +227,7 @@
 | INNODB_TABLESTATS                     |
 | INNODB_TEMP_TABLE_INFO                |
 | INNODB_TRX                            |
+| INNODB_VECTOR_INDEXES                 |
 | INNODB_VIRTUAL                        |
 | JSON_DUALITY_VIEWS                    |
 | JSON_DUALITY_VIEW_COLUMNS             |

mysqltest: Result content mismatch


The result from queries just before the failure was:
DROP TABLE IF EXISTS t1,t2,test1,test2;
CREATE TABLE t1 (a int);
INSERT INTO t1 VALUES (1),(2),(3);
CREATE TABLE t2 (a int, b int);
show tables;
Tables_in_test
t1
t2
select "--------------------" as "";

--------------------
Database: test
+--------+
| Tables |
+--------+
| t1     |
| t2     |
+--------+
select "---- -v ------------" as "";

---- -v ------------
Database: test
+--------+----------+
| Tables | Columns  |
+--------+----------+
| t1     |        1 |
| t2     |        2 |
+--------+----------+
2 rows in set.

select "---- -v -v ---------" as "";

---- -v -v ---------
Database: test
+--------+----------+------------+
| Tables | Columns  | Total Rows |
+--------+----------+------------+
| t1     |        1 |          3 |
| t2     |        2 |          0 |
+--------+----------+------------+
2 rows in set.

select "----- -t -----------" as "";

----- -t -----------
Database: test
+--------+------------+
| Tables | table_type |
+--------+------------+
| t1     | BASE TABLE |
| t2     | BASE TABLE |
+--------+------------+
select "---- -v -t ---------" as "";

---- -v -t ---------
Database: test
+--------+------------+----------+
| Tables | table_type | Columns  |
+--------+------------+----------+
| t1     | BASE TABLE |        1 |
| t2     | BASE TABLE |        2 |
+--------+------------+----------+
2 rows in set.

select "---- -v -v -t ------" as "";

---- -v -v -t ------
Database: test
+--------+------------+----------+------------+
| Tables | table_type | Columns  | Total Rows |
+--------+------------+----------+------------+
| t1     | BASE TABLE |        1 |          3 |
| t2     | BASE TABLE |        2 |          0 |
+--------+------------+----------+------------+
2 rows in set.

DROP TABLE t1, t2;
Database: information_schema
+---------------------------------------+
|                Tables                 |
+---------------------------------------+
| ADMINISTRABLE_ROLE_AUTHORIZATIONS     |
| APPLICABLE_ROLES                      |
| CHARACTER_SETS                        |
| CHECK_CONSTRAINTS                     |
| CLIENT_STATISTICS                     |
| COLLATIONS                            |
| COLLATION_CHARACTER_SET_APPLICABILITY |
| COLUMNS                               |
| COLUMNS_EXTENSIONS                    |
| COLUMN_PRIVILEGES                     |
| COLUMN_STATISTICS                     |
| COMPRESSION_DICTIONARY                |
| COMPRESSION_DICTIONARY_TABLES         |
| ENABLED_ROLES                         |
| ENGINES                               |
| EVENTS                                |
| FILES                                 |
| GLOBAL_TEMPORARY_TABLES               |
| INDEX_STATISTICS                      |
| INNODB_BUFFER_PAGE                    |
| INNODB_BUFFER_PAGE_LRU                |
| INNODB_BUFFER_POOL_STATS              |
| INNODB_CACHED_INDEXES                 |
| INNODB_CMP                            |
| INNODB_CMPMEM                         |
| INNODB_CMPMEM_RESET                   |
| INNODB_CMP_PER_INDEX                  |
| INNODB_CMP_PER_INDEX_RESET            |
| INNODB_CMP_RESET                      |
| INNODB_COLUMNS                        |
| INNODB_DATAFILES                      |
| INNODB_FIELDS                         |
| INNODB_FOREIGN                        |
| INNODB_FOREIGN_COLS                   |
| INNODB_FT_BEING_DELETED               |
| INNODB_FT_CONFIG                      |
| INNODB_FT_DEFAULT_STOPWORD            |
| INNODB_FT_DELETED                     |
| INNODB_FT_INDEX_CACHE                 |
| INNODB_FT_INDEX_TABLE                 |
| INNODB_INDEXES                        |
| INNODB_METRICS                        |
| INNODB_SESSION_TEMP_TABLESPACES       |
| INNODB_TABLES                         |
| INNODB_TABLESPACES                    |
| INNODB_TABLESPACES_BRIEF              |
| INNODB_TABLESTATS                     |
| INNODB_TEMP_TABLE_INFO                |
| INNODB_TRX                            |
| INNODB_VECTOR_INDEXES                 |
| INNODB_VIRTUAL                        |
| JSON_DUALITY_VIEWS                    |
| JSON_DUALITY_VIEW_COLUMNS             |
| JSON_DUALITY_VIEW_LINKS               |
| JSON_DUALITY_VIEW_TABLES              |
| KEYWORDS                              |
| KEY_COLUMN_USAGE                      |
| LIBRARIES                             |
| OPTIMIZER_TRACE                       |
| PARAMETERS                            |
| PARTITIONS                            |
| PLUGINS                               |
| PROCESSLIST                           |
| PROFILING                             |
| REFERENTIAL_CONSTRAINTS               |
| RESOURCE_GROUPS                       |
| ROLE_COLUMN_GRANTS                    |
| ROLE_ROUTINE_GRANTS                   |
| ROLE_TABLE_GRANTS                     |
| ROUTINES                              |
| ROUTINE_LIBRARIES                     |
| SCHEMATA                              |
| SCHEMATA_EXTENSIONS                   |
| SCHEMA_PRIVILEGES                     |
| STATISTICS                            |
| ST_GEOMETRY_COLUMNS                   |
| ST_SPATIAL_REFERENCE_SYSTEMS          |
| ST_UNITS_OF_MEASURE                   |
| TABLES                                |
| TABLESPACES_EXTENSIONS                |
| TABLES_EXTENSIONS                     |
| TABLE_CONSTRAINTS                     |
| TABLE_CONSTRAINTS_EXTENSIONS          |
| TABLE_PRIVILEGES                      |
| TABLE_STATISTICS                      |
| TEMPORARY_TABLES                      |
| THREAD_STATISTICS                     |
| TRIGGERS                              |
| USER_ATTRIBUTES                       |
| USER_PRIVILEGES                       |
| USER_STATISTICS                       |
| VIEWS                                 |
| VIEW_ROUTINE_USAGE                    |
| VIEW_TABLE_USAGE                      |
+---------------------------------------+
Database: INFORMATION_SCHEMA
+---------------------------------------+
|                Tables                 |
+---------------------------------------+
| ADMINISTRABLE_ROLE_AUTHORIZATIONS     |
| APPLICABLE_ROLES                      |
| CHARACTER_SETS                        |
| CHECK_CONSTRAINTS                     |
| CLIENT_STATISTICS                     |
| COLLATIONS                            |
| COLLATION_CHARACTER_SET_APPLICABILITY |
| COLUMNS                               |
| COLUMNS_EXTENSIONS                    |
| COLUMN_PRIVILEGES                     |
| COLUMN_STATISTICS                     |
| COMPRESSION_DICTIONARY                |
| COMPRESSION_DICTIONARY_TABLES         |
| ENABLED_ROLES                         |
| ENGINES                               |
| EVENTS                                |
| FILES                                 |
| GLOBAL_TEMPORARY_TABLES               |
| INDEX_STATISTICS                      |
| INNODB_BUFFER_PAGE                    |
| INNODB_BUFFER_PAGE_LRU                |
| INNODB_BUFFER_POOL_STATS              |
| INNODB_CACHED_INDEXES                 |
| INNODB_CMP                            |
| INNODB_CMPMEM                         |
| INNODB_CMPMEM_RESET                   |
| INNODB_CMP_PER_INDEX                  |
| INNODB_CMP_PER_INDEX_RESET            |
| INNODB_CMP_RESET                      |
| INNODB_COLUMNS                        |
| INNODB_DATAFILES                      |
| INNODB_FIELDS                         |
| INNODB_FOREIGN                        |
| INNODB_FOREIGN_COLS                   |
| INNODB_FT_BEING_DELETED               |
| INNODB_FT_CONFIG                      |
| INNODB_FT_DEFAULT_STOPWORD            |
| INNODB_FT_DELETED                     |
| INNODB_FT_INDEX_CACHE                 |
| INNODB_FT_INDEX_TABLE                 |
| INNODB_INDEXES                        |
| INNODB_METRICS                        |
| INNODB_SESSION_TEMP_TABLESPACES       |
| INNODB_TABLES                         |
| INNODB_TABLESPACES                    |
| INNODB_TABLESPACES_BRIEF              |
| INNODB_TABLESTATS                     |
| INNODB_TEMP_TABLE_INFO                |
| INNODB_TRX                            |
| INNODB_VECTOR_INDEXES                 |
| INNODB_VIRTUAL                        |
| JSON_DUALITY_VIEWS                    |
| JSON_DUALITY_VIEW_COLUMNS             |
| JSON_DUALITY_VIEW_LINKS               |
| JSON_DUALITY_VIEW_TABLES              |
| KEYWORDS                              |
| KEY_COLUMN_USAGE                      |
| LIBRARIES                             |
| OPTIMIZER_TRACE                       |
| PARAMETERS                            |
| PARTITIONS                            |
| PLUGINS                               |
| PROCESSLIST                           |
| PROFILING                             |
| REFERENTIAL_CONSTRAINTS               |
| RESOURCE_GROUPS                       |
| ROLE_COLUMN_GRANTS                    |
| ROLE_ROUTINE_GRANTS                   |
| ROLE_TABLE_GRANTS                     |
| ROUTINES                              |
| ROUTINE_LIBRARIES                     |
| SCHEMATA                              |
| SCHEMATA_EXTENSIONS                   |
| SCHEMA_PRIVILEGES                     |
| STATISTICS                            |
| ST_GEOMETRY_COLUMNS                   |
| ST_SPATIAL_REFERENCE_SYSTEMS          |
| ST_UNITS_OF_MEASURE                   |
| TABLES                                |
| TABLESPACES_EXTENSIONS                |
| TABLES_EXTENSIONS                     |
| TABLE_CONSTRAINTS                     |
| TABLE_CONSTRAINTS_EXTENSIONS          |
| TABLE_PRIVILEGES                      |
| TABLE_STATISTICS                      |
| TEMPORARY_TABLES                      |
| THREAD_STATISTICS                     |
| TRIGGERS                              |
| USER_ATTRIBUTES                       |
| USER_PRIVILEGES                       |
| USER_STATISTICS                       |
| VIEWS                                 |
| VIEW_ROUTINE_USAGE                    |
| VIEW_TABLE_USAGE                      |
+---------------------------------------+
Wildcard: inf_rmation_schema
+--------------------+
|     Databases      |
+--------------------+
| information_schema |
+--------------------+
Database: test
+--------+
| Tables |
+--------+
+--------+
#
# Bug#12688860 : SECURITY RECOMMENDATION: PASSWORDS ON CLI
#
DROP DATABASE IF EXISTS b12688860_db;
CREATE DATABASE b12688860_db;
CREATE TABLE b12688860_db.b12688860_tab (c1 INT);
mysqlshow: [Warning] Using a password on the command line interface can be insecure.
Database: b12688860_db
+---------------+
|    Tables     |
+---------------+
| b12688860_tab |
+---------------+
DROP TABLE b12688860_db.b12688860_tab;
DROP DATABASE b12688860_db;
#
# Bug #21246 sql-mode parameter NO_BACKSLASH_ESCAPES
#            breaks parameters with apostrophe's (')
#
# sql_mode = 'NO_BACKSLASH_ESCAPES'
SET @OLD_SQL_MODE = @@SQL_MODE;
SET GLOBAL sql_mode = 'NO_BACKSLASH_ESCAPES';
SHOW GLOBAL VARIABLES LIKE 'sql_mode';
Variable_name	Value
sql_mode	NO_BACKSLASH_ESCAPES
DROP TABLE IF EXISTS ```t1`,```t2`;
CREATE TABLE ```t1` (a int);
INSERT INTO ```t1` VALUES (1),(2),(3);
CREATE TABLE ```t2` (a int, b int);
show tables;
Tables_in_test
`t1
`t2
Database: test
+--------+
| Tables |
+--------+
| `t1    |
| `t2    |
+--------+
Database: test  Wildcard: `t%
+--------+
| Tables |
+--------+
| `t1    |
| `t2    |
+--------+
DROP TABLE ```t1`, ```t2`;
# sql_mode = ''
SET GLOBAL sql_mode = '';
SHOW GLOBAL VARIABLES LIKE 'sql_mode';
Variable_name	Value
sql_mode	
DROP TABLE IF EXISTS ```t1`,```t2`;
CREATE TABLE ```t1` (a int);
INSERT INTO ```t1` VALUES (1),(2),(3);
CREATE TABLE ```t2` (a int, b int);
show tables;
Tables_in_test
`t1
`t2
Database: test
+--------+
| Tables |
+--------+
| `t1    |
| `t2    |
+--------+
Database: test  Wildcard: `t%
+--------+
| Tables |
+--------+
| `t1    |
| `t2    |
+--------+
DROP TABLE ```t1`, ```t2`;
SET GLOBAL sql_mode = @OLD_SQL_MODE;
#
# WL#2284: Increase the length of a user name
#
CREATE USER 'user_with_length_32_abcdefghijkl'@'localhost';
GRANT ALL ON *.* TO 'user_with_length_32_abcdefghijkl'@'localhost';
Database: mysql  Table: user  Wildcard: user
+-------+----------+-------------+------+-----+---------+-------+---------------------------------+---------+
| Field | Type     | Collation   | Null | Key | Default | Extra | Privileges                      | Comment |
+-------+----------+-------------+------+-----+---------+-------+---------------------------------+---------+
| User  | char(32) | utf8mb3_bin | NO   | PRI |         |       | select,insert,update,references |         |
+-------+----------+-------------+------+-----+---------+-------+---------------------------------+---------+
DROP USER 'user_with_length_32_abcdefghijkl'@'localhost';

End of tests
safe_process[490517]: Child process: 490518, exit: 1



Server [mysqld.1 - pid: 483500, winpid: 483500] log: 
Server log from this test:
----------SERVER LOG START-----------
----------SERVER LOG END-------------


 - the logfile can be found in '/home/satya/WORK/vector/vec-memory-i-s/bld/mysql-test/var/log/main.mysqlshow_cs/mysqlshow_cs.log'

 - found 'core.289964', moving it to '/home/satya/WORK/vector/vec-memory-i-s/bld/mysql-test/var/log/main.mysqlshow_cs'
 - found 'core.289964' (0/5)

Trying 'dbx' to get a backtrace

Trying 'gdb' to get a backtrace
Core generated by '/home/satya/WORK/vector/vec-memory-i-s/bld/runtime_output_directory//mysqltest'
Output from gdb follows. The first stack trace is from the failing thread.
The following stack traces are from all threads (so the failing one is
duplicated).
--------------------------
[New LWP 289964]

This GDB supports auto-downloading debuginfo from the following URLs:
  <https://debuginfod.ubuntu.com>
Enable debuginfod for this session? (y or [n]) [answered N; input not from terminal]
Debuginfod has been disabled.
To make this setting permanent, add 'set debuginfod enabled off' to .gdbinit.
[Thread debugging using libthread_db enabled]
Using host libthread_db library "/usr/lib/x86_64-linux-gnu/libthread_db.so.1".
Core was generated by `/home/satya/WORK/vector/vec-memory-i-s/bld/runtime_output_directory//mysqltest --defaults-file=/home/satya/WORK/vector/vec-memory-i-s/bld/mysql-test/var/25/my.cnf --silent --tmpdir=/home/satya/WORK/vector/vec-memory-i-s/bld/mysql-test/var/tmp/25 --character-sets-dir=/home/satya/WORK/vector/vec-memory-i-s/share/charsets --logdir=/home/satya/WORK/vector/vec-memory-i-s/bld/mysql-test/var/25/log --database=test --plugin_dir=/home/satya/WORK/vector/vec-memory-i-s/bld/plugin_output_directory --timer-file=/home/satya/WORK/vector/vec-memory-i-s/bld/mysql-test/var/25/log/timer --test-file=/home/satya/WORK/vector/vec-memory-i-s/mysql-test/t/transactional_acl_tables.test --tail-lines=500 --result-file=/home/satya/WORK/vector/vec-memory-i-s/mysql-test/r/transactional_acl_tables.result'.
Program terminated with signal SIGABRT, Aborted.
#0  0x00007f45cfd3c1ac in pthread_kill () from /usr/lib/x86_64-linux-gnu/libc.so.6
#0  0x00007f45cfd3c1ac in pthread_kill () from /usr/lib/x86_64-linux-gnu/libc.so.6
#1  0x00005ccad4a6ce43 in my_write_core (sig=6) at ../../mysys/stacktrace.cc:367
#2  0x00005ccad4949bd4 in signal_handler (sig=6) at ../../client/mysqltest.cc:9754
#3  <signal handler called>
#4  0x00007f45cfd3632e in ?? () from /usr/lib/x86_64-linux-gnu/libc.so.6
#5  0x00007f45cfd8baf2 in clock_nanosleep () from /usr/lib/x86_64-linux-gnu/libc.so.6
#6  0x00007f45cfd99707 in nanosleep () from /usr/lib/x86_64-linux-gnu/libc.so.6
#7  0x00005ccad49e20e1 in std::this_thread::sleep_for<long, std::ratio<1l, 1000000l> > (__rtime=std::chrono::duration = { 100000us }) at /usr/include/c++/15/bits/this_thread_sleep.h:82
#8  0x00005ccad49e1a5a in my_sleep (micro_seconds=100000) at ../../mysys/my_systime.cc:49
#9  0x00005ccad493e34e in do_sleep (command=0x5ccb05424310) at ../../client/mysqltest.cc:5807
#10 0x00005ccad494b7cf in main (argc=12, argv=0x7ffe3c6e7858) at ../../client/mysqltest.cc:10291

Thread 1 (Thread 0x7f45cfbb0780 (LWP 289964)):
#0  0x00007f45cfd3c1ac in pthread_kill () from /usr/lib/x86_64-linux-gnu/libc.so.6
#1  0x00005ccad4a6ce43 in my_write_core (sig=6) at ../../mysys/stacktrace.cc:367
#2  0x00005ccad4949bd4 in signal_handler (sig=6) at ../../client/mysqltest.cc:9754
#3  <signal handler called>
#4  0x00007f45cfd3632e in ?? () from /usr/lib/x86_64-linux-gnu/libc.so.6
#5  0x00007f45cfd8baf2 in clock_nanosleep () from /usr/lib/x86_64-linux-gnu/libc.so.6
#6  0x00007f45cfd99707 in nanosleep () from /usr/lib/x86_64-linux-gnu/libc.so.6
#7  0x00005ccad49e20e1 in std::this_thread::sleep_for<long, std::ratio<1l, 1000000l> > (__rtime=std::chrono::duration = { 100000us }) at /usr/include/c++/15/bits/this_thread_sleep.h:82
#8  0x00005ccad49e1a5a in my_sleep (micro_seconds=100000) at ../../mysys/my_systime.cc:49
#9  0x00005ccad493e34e in do_sleep (command=0x5ccb05424310) at ../../client/mysqltest.cc:5807
#10 0x00005ccad494b7cf in main (argc=12, argv=0x7ffe3c6e7858) at ../../client/mysqltest.cc:10291

Compressed file /home/satya/WORK/vector/vec-memory-i-s/bld/mysql-test/var/log/main.mysqlshow_cs/core.289964
[ 50%] main.masking_policy                      w6  [ pass ]   1441
[ 50%] main.partition_mgm                       w7  [ pass ]   2913
[ 50%] main.character_set_deprecation           w28 [ pass ]  50792
[ 50%] main.opt_hint_timeout                    w31 [ pass ]    648
[ 50%] main.opt_hints_set_var                   w32 [ pass ]   4939
[ 50%] main.hypergraph_bugs_debug               w26 [ pass ]    293
[ 50%] main.external_table                      w1  [ pass ]   3989
[ 51%] main.hypergraph_compiled_out             w26 [ skipped ]  Test requires binaries built with WITH_HYPERGRAPH_OPTIMIZER=OFF
[ 51%] main.partition_datatype                  w10 [ pass ]   4317
[ 51%] main.functional_index                    w15 [ pass ]   4717
[ 51%] main.materialize_cost                    w6  [ pass ]     78
[ 51%] main.func_in_all                         w29 [ pass ]  11687
[ 51%] main.sort_buffer_size_functionality      w4  [ pass ]   5253
[ 51%] main.opt_hint_timeout_hypergraph         w31 [ pass ]    661
[ 51%] main.null_key_all_innodb                 w30 [ pass ]   6217
[ 51%] main.materialize_cost_hypergraph         w6  [ pass ]    451
[ 51%] main.hypergraph_cost_constants           w26 [ pass ]    559
[ 51%] main.partition_debug                     w10 [ pass ]    931
[ 51%] main.partition_mgm_err                   w7  [ pass ]   1610
[ 51%] main.functional_index_debug              w15 [ pass ]   1688
[ 51%] main.mysqld_daemon                       w13 [ pass ]  11197
[ 51%] main.partition_not_supported             w7  [ pass ]   1036
[ 52%] main.ctype_sjis                          w11 [ pass ]  17252
[ 52%] main.hypergraph_cost_model               w26 [ pass ]   1609
[ 52%] main.create                              w27 [ pass ]  17694
[ 52%] main.partition_debug_sync                w10 [ pass ]   1277
[ 52%] main.gcc296                              w15 [ pass ]    581
[ 52%] main.opt_hints                           w31 [ pass ]   2740
[ 52%] main.perror-win                          w15 [ skipped ]  Need windows
[ 52%] main.create_not_windows                  w27 [ pass ]     71
[ 52%] main.partition_not_windows               w7  [ pass ]    328
[ 52%] main.ctype_tis620                        w11 [ pass ]    543
[ 52%] main.file_contents                       w1  [ pass ]      9
[ 52%] main.create_ps_protocol                  w27 [ skipped ]  Need ps-protocol
[ 52%] main.opt_hints_set_var_hypergraph        w32 [ pass ]   5026
[ 52%] main.perror                              w15 [ pass ]     21
[ 52%] main.hypergraph_cost_model_sanity        w26 [ pass ]   1530
[ 52%] main.parser                              w23 [ pass ]  10532
[ 53%] main.opt_hints_subquery                  w32 [ pass ]    471
[ 53%] main.parser_57                           w23 [ pass ]     63
[ 53%] main.partition_debug_sync_stmt           w10 [ pass ]   2516
[ 53%] main.filesort                            w1  [ pass ]   1529
[ 53%] main.opt_hints_hypergraph                w31 [ pass ]   2631
[ 53%] main.null_key_icp_innodb                 w30 [ pass ]   6240
[ 53%] main.opt_hints_subquery_hypergraph       w32 [ pass ]    510
[ 53%] main.admin_interface                     w2  [ pass ]  57324
[ 53%] main.greedy_search                       w25 [ pass ]  12835
[ 53%] main.filesort_debug                      w1  [ pass ]    907
[ 53%] main.opt_hints_index                     w31 [ pass ]    889
[ 53%] main.hypergraph_hash_join_cost           w26 [ pass ]   2536
[ 53%] main.partition_order                     w7  [ pass ]   3954
[ 53%] main.optimize_table                      w32 [ pass ]    503
[ 53%] main.filesort_json                       w1  [ pass ]    387
[ 54%] main.table_definition_cache_functionality w4  [ pass ]   5296
[ 54%] main.lock_backup_sessions                w3  [ pass ]  11371
[ 54%] main.optimizer_debug_sync                w32 [ pass ]    276
[ 54%] main.opt_hints_index_hypergraph          w31 [ pass ]    795
[ 54%] main.hypergraph_index_on_derived         w26 [ pass ]    810
[ 54%] main.initialize_gtid                     w21 [ pass ]  25579
[ 54%] main.merge_myisam                        w8  [ pass ]  49217
[ 54%] main.hypergraph_io_cost_debug            w26 [ pass ]    473
[ 54%] main.opt_hints_index_merge               w31 [ pass ]    667
[ 54%] main.metadata_myisam                     w8  [ pass ]     67
[ 54%] main.optimizer_switch                    w32 [ pass ]   1118
[ 54%] main.group_by_fd_no_prot                 w25 [ pass ]   3603
[ 54%] main.func_in_icp                         w29 [ pass ]  12563
[ 54%] main.opt_hints_index_merge_hypergraph    w31 [ pass ]    739
[ 54%] main.null_key_none_innodb                w30 [ pass ]   6075
[ 55%] main.information_schema_cs               w17 [ fail ]
        Test ended at 2026-10-05 15:54:39

CURRENT_TEST: main.information_schema_cs
--- /home/satya/WORK/vector/vec-memory-i-s/mysql-test/r/information_schema_cs.result	2026-10-05 14:22:29.548301525 +0300
+++ /home/satya/WORK/vector/vec-memory-i-s/bld/mysql-test/var/17/log/information_schema_cs.reject	2026-10-05 18:54:38.332481444 +0300
@@ -898,6 +898,7 @@
 INNODB_BUFFER_PAGE_LRU	TABLE_NAME	select
 INNODB_CMP_PER_INDEX	table_name	select
 INNODB_CMP_PER_INDEX_RESET	table_name	select
+INNODB_VECTOR_INDEXES	TABLE_NAME	select
 JSON_DUALITY_VIEWS	TABLE_NAME	select
 JSON_DUALITY_VIEW_COLUMNS	TABLE_NAME	select
 JSON_DUALITY_VIEW_LINKS	TABLE_NAME	select

mysqltest: Result content mismatch


The result from queries just before the failure was:
OPTIMIZER_TRACE	QUERY
PARAMETERS	SPECIFIC_SCHEMA
PARTITIONS	TABLE_SCHEMA
PLUGINS	PLUGIN_NAME
PROCESSLIST	ID
PROFILING	QUERY_ID
REFERENTIAL_CONSTRAINTS	CONSTRAINT_SCHEMA
RESOURCE_GROUPS	RESOURCE_GROUP_NAME
ROLE_COLUMN_GRANTS	TABLE_SCHEMA
ROLE_ROUTINE_GRANTS	SPECIFIC_SCHEMA
ROLE_TABLE_GRANTS	TABLE_SCHEMA
ROUTINES	ROUTINE_SCHEMA
ROUTINE_LIBRARIES	ROUTINE_SCHEMA
SCHEMATA	SCHEMA_NAME
SCHEMATA_EXTENSIONS	SCHEMA_NAME
SCHEMA_PRIVILEGES	TABLE_SCHEMA
STATISTICS	TABLE_SCHEMA
ST_GEOMETRY_COLUMNS	TABLE_SCHEMA
ST_SPATIAL_REFERENCE_SYSTEMS	SRS_NAME
ST_UNITS_OF_MEASURE	UNIT_NAME
TABLES	TABLE_SCHEMA
TABLESPACES_EXTENSIONS	TABLESPACE_NAME
TABLES_EXTENSIONS	TABLE_SCHEMA
TABLE_CONSTRAINTS	CONSTRAINT_SCHEMA
TABLE_CONSTRAINTS_EXTENSIONS	CONSTRAINT_SCHEMA
TABLE_PRIVILEGES	TABLE_SCHEMA
TABLE_STATISTICS	TABLE_SCHEMA
TEMPORARY_TABLES	TABLE_SCHEMA
THREAD_STATISTICS	THREAD_ID
TRIGGERS	TRIGGER_SCHEMA
USER_ATTRIBUTES	USER
USER_PRIVILEGES	GRANTEE
USER_STATISTICS	USER
VIEWS	TABLE_SCHEMA
VIEW_ROUTINE_USAGE	TABLE_SCHEMA
VIEW_TABLE_USAGE	VIEW_SCHEMA
#
# BUG#24679166: TABLE CREATION WITH BINARY TYPE COLUMN IS RESULTING IN
#               ASSERT CONDITION FAILURE.
# Without patch, the server exits in debug build and
# an error is reported in release build.
CREATE TABLE t1(fld1 BINARY(10) NOT NULL DEFAULT 'a',
fld2 BINARY(10) NOT NULL DEFAULT 0xAA,
fld3 BINARY(10) NOT NULL DEFAULT 0xA,
fld4 BINARY(10) NOT NULL DEFAULT b'1001',
fld5 VARBINARY(5) NOT NULL DEFAULT 'a',
fld6 VARBINARY(5) NOT NULL DEFAULT 0xAA,
fld7 VARBINARY(5) NOT NULL DEFAULT 0xA,
fld8 VARBINARY(5) NOT NULL DEFAULT b'1001');
# With the patch, default value is displayed in the hex format.
SHOW COLUMNS from t1;
Field	Type	Null	Key	Default	Extra
fld1	binary(10)	NO		0x61	
fld2	binary(10)	NO		0xAA	
fld3	binary(10)	NO		0x0A	
fld4	binary(10)	NO		0x09	
fld5	varbinary(5)	NO		0x61	
fld6	varbinary(5)	NO		0xAA	
fld7	varbinary(5)	NO		0x0A	
fld8	varbinary(5)	NO		0x09	
SELECT COLUMN_DEFAULT FROM INFORMATION_SCHEMA.COLUMNS WHERE TABLE_NAME= 't1';
COLUMN_DEFAULT
0x09
0x09
0x0A
0x0A
0x61
0x61
0xAA
0xAA
# Cleanup.
DROP TABLE t1;
#
# BUG#25185947 -- issues with renaming root user
#
RENAME USER root@localhost TO master@localhost;
Warnings:
Warning	4005	User 'root'@'localhost' is referenced as a definer account in a stored routine.
Warning	4005	User 'root'@'localhost' is referenced as a definer account in a trigger.
FLUSH PRIVILEGES;
Warnings:
Warning	1681	'FLUSH PRIVILEGES' is deprecated and will be removed in a future release.
# Without patch, SHOW DATABASES returns error ERROR 1449 (HY000):
# The user specified as a definer ('root'@'localhost') does not exist
SHOW DATABASES;
Database
information_schema
mtr
mysql
performance_schema
sys
test
RENAME USER master@localhost TO root@localhost;
Warnings:
Warning	4005	User 'root'@'localhost' is referenced as a definer account in a stored routine.
Warning	4005	User 'root'@'localhost' is referenced as a definer account in a trigger.
FLUSH PRIVILEGES;
Warnings:
Warning	1681	'FLUSH PRIVILEGES' is deprecated and will be removed in a future release.
#
# Bug#27041452 assertion
# `ticket->m_lock->m_obtrusive_locks_granted_waiting_count != 0' failed.
#
CREATE TABLE t1(c1 INT);
LOCK TABLES t1 WRITE;
# The following statement asserts while trying to acquire lock
# on TABLESPACE, without the fix.
SELECT file_name, initial_size!=0 FROM information_schema.files
WHERE tablespace_name='test/t1';
FILE_NAME	initial_size!=0
./test/t1.ibd	1
UNLOCK TABLES;
DROP TABLE t1;
#
# Bug#27041526 assertion `mon > 0 && mon < 13' failed.
#
CREATE TABLE t1(c1 int);
SET TIMESTAMP=UNIX_TIMESTAMP('2017-11-20 10:44:01');
SET SESSION TIME_ZONE='-10:00';
SHOW VARIABLES LIKE 'collation_connection';
Variable_name	Value
collation_connection	utf8mb4_0900_ai_ci
SELECT table_rows FROM information_schema.tables
WHERE table_name='t1';
TABLE_ROWS
0
# This SELECT does not return any row without the fix.
SELECT table_rows FROM information_schema.tables
WHERE table_name='t1' AND table_rows>=0;
TABLE_ROWS
0
# The following statement asserts or throws a warning without the fix.
SET SESSION collation_connection='utf32_general_ci';
SELECT table_rows FROM information_schema.tables WHERE table_name='t1';
TABLE_ROWS
0
DROP TABLE t1;
SET SESSION TIMESTAMP=default;
SET SESSION collation_connection=default;
#
# Bug#27041323 INNODB: ASSERTION FAILURE:
# REM0REC.CC:372:LEN <= COL->LEN || ((COL->MTYPE)==5...
#
CREATE TABLE t1(c1 INT,c2 CHAR (1)COMMENT'')
COMMENT='abcdefghijabcdefghijabcdefghijabcdefghijabcdefghijabcdefghijabcdefghi
jabcdefghijabcdefghijabcdefghijabcdefghijabcdefghijabcdefghijabcdefghijabcdefg
hijabcdefghijabcdefghijabcdefghijabcdefghijabcdefghijabcdefghijabcdefghijabcde
fghijabcdefghijabcdefghijabcdefghijabcdefghijabcdefghijabcdefghijabcdefghijabc
defghijabcdefghijabcdefghijabcdefghijabcdefghijabcdefghijabcdefghijabcdefghija
bcdefghijabcdefghijabcdefghijabcdefghijabcdefghijabcdefghijabcdefghijabcdefghi
jabcdefghijabcdefghijabcdefghijabcdefghijabcdefghijabcdefghijabcdefghijabcdefg
hijabcdefghijabcdefghijabcdefghijabcdefghijabcdefghijabcdefghijabcdefghijabcde
fghijabcdefghijabcdefghijabcdefghijabcdefghijabcdefghijabcdefghijabcdefghijabc
defghijabcdefghijabcdefghijabcdefghijabcdefghijabcdefghijabcdefghijabcdefghija
bcdefghijabcdefghijabcdefghijabcdefghijabcdefghijabcdefghijabcdefghijabcdefghi
jabcdefghijabcdefghijabcdefghijabcdefghijabcdefghijabcdefghijabcdefghijabcdefg
hijabcdefghijabcdefghijabcdefghijabcdefghijabcdefghijabcdefghijabcdefghijabcde
fghijabcdefghijabcde';
SET big_tables=1;
SET character_set_connection=ucs2;
Warnings:
Warning	1287	'ucs2' is deprecated and will be removed in a future release. Please use utf8mb4 instead
# The below statement asserts or shows comment text in ucs2 instead of
# using system charset, when run without the fix.
SHOW TABLE STATUS;
Name	Engine	Version	Row_format	Rows	Avg_row_length	Data_length	Max_data_length	Index_length	Data_free	Auto_increment	Create_time	Update_time	Check_time	Collation	Checksum	Create_options	Comment
t1	InnoDB	10	Dynamic	0	0	#	#	0	0	NULL	#	#	NULL	utf8mb4_0900_ai_ci	NULL		abcdefghijabcdefghijabcdefghijabcdefghijabcdefghijabcdefghijabcdefghi
jabcdefghijabcdefghijabcdefghijabcdefghijabcdefghijabcdefghijabcdefghijabcdefg
hijabcdefghijabcdefghijabcdefghijabcdefghijabcdefghijabcdefghijabcdefghijabcde
fghijabcdefghijabcdefghijabcdefghijabcdefghijabcdefghijabcdefghijabcdefghijabc
defghijabcdefghijabcdefghijabcdefghijabcdefghijabcdefghijabcdefghijabcdefghija
bcdefghijabcdefghijabcdefghijabcdefghijabcdefghijabcdefghijabcdefghijabcdefghi
jabcdefghijabcdefghijabcdefghijabcdefghijabcdefghijabcdefghijabcdefghijabcdefg
hijabcdefghijabcdefghijabcdefghijabcdefghijabcdefghijabcdefghijabcdefghijabcde
fghijabcdefghijabcdefghijabcdefghijabcdefghijabcdefghijabcdefghijabcdefghijabc
defghijabcdefghijabcdefghijabcdefghijabcdefghijabcdefghijabcdefghijabcdefghija
bcdefghijabcdefghijabcdefghijabcdefghijabcdefghijabcdefghijabcdefghijabcdefghi
jabcdefghijabcdefghijabcdefghijabcdefghijabcdefghijabcdefghijabcdefghijabcdefg
hijabcdefghijabcdefghijabcdefghijabcdefghijabcdefghijabcdefghijabcdefghijabcde
fghijabcdefghijabcde
SET big_tables=default;
SET character_set_connection=default;
DROP TABLE t1;
#
# Bug#27945704 UNABLE TO JOIN TABLE_CONSTRAINTS AND REFERENTIAL_CONSTRAINTS
#
SELECT COUNT(*) = 0
FROM INFORMATION_SCHEMA.REFERENTIAL_CONSTRAINTS AS rcons
LEFT OUTER JOIN INFORMATION_SCHEMA.TABLE_CONSTRAINTS AS tcons
ON tcons.constraint_catalog = rcons.constraint_catalog AND
tcons.constraint_schema = rcons.constraint_schema AND
tcons.constraint_name = rcons.unique_constraint_name;
COUNT(*) = 0
1
#
# Bug#27729859 QUERYING THE KEYWORDS TABLE FAILS UNLESS THERE IS A
#              DEFAULT DATABASE
#
# Connect without a schema name, and see that we can query the KEYWORDS
# view.
SELECT COUNT(*) > 0 FROM INFORMATION_SCHEMA.KEYWORDS;
COUNT(*) > 0
1
#
# Bug#28499603 SHOW INDEXES PRINTS WRONG OUTPUT FOR PREFIX INDEXES
#
CREATE TABLE t1 (col1 BLOB(33), INDEX (col1(8)));
SHOW INDEXES FROM t1;
Table	Non_unique	Key_name	Seq_in_index	Column_name	Collation	Cardinality	Sub_part	Packed	Null	Index_type	Comment	Index_comment	Visible	Expression
t1	1	col1	1	col1	A	0	8	NULL	YES	BTREE			YES	NULL
SELECT SUB_PART FROM INFORMATION_SCHEMA.STATISTICS WHERE TABLE_NAME = "t1";
SUB_PART
8
DROP TABLE t1;
CREATE TABLE t1 (col1 TEXT(33) CHARACTER SET utf8mb4, INDEX (col1(2)));
SHOW INDEXES FROM t1;
Table	Non_unique	Key_name	Seq_in_index	Column_name	Collation	Cardinality	Sub_part	Packed	Null	Index_type	Comment	Index_comment	Visible	Expression
t1	1	col1	1	col1	A	0	2	NULL	YES	BTREE			YES	NULL
SELECT SUB_PART FROM INFORMATION_SCHEMA.STATISTICS WHERE TABLE_NAME = "t1";
SUB_PART
2
DROP TABLE t1;
CREATE TABLE t1 (col1 BLOB(33), INDEX (col1(33)));
SHOW INDEXES FROM t1;
Table	Non_unique	Key_name	Seq_in_index	Column_name	Collation	Cardinality	Sub_part	Packed	Null	Index_type	Comment	Index_comment	Visible	Expression
t1	1	col1	1	col1	A	0	33	NULL	YES	BTREE			YES	NULL
SELECT SUB_PART FROM INFORMATION_SCHEMA.STATISTICS WHERE TABLE_NAME = "t1";
SUB_PART
33
DROP TABLE t1;
CREATE TABLE t1 (col1 TEXT(2) CHARACTER SET utf8mb4, INDEX (col1(2)));
SHOW INDEXES FROM t1;
Table	Non_unique	Key_name	Seq_in_index	Column_name	Collation	Cardinality	Sub_part	Packed	Null	Index_type	Comment	Index_comment	Visible	Expression
t1	1	col1	1	col1	A	0	2	NULL	YES	BTREE			YES	NULL
SELECT SUB_PART FROM INFORMATION_SCHEMA.STATISTICS WHERE TABLE_NAME = "t1";
SUB_PART
2
DROP TABLE t1;
#
# Bug#29014272  THE TABLE COMMENT IS CUT DOWN ON SELECTING WITH ORDER BY
#
CREATE DATABASE db1;
CREATE TABLE db1.t1 ( id int(11) DEFAULT NULL) ENGINE = INNODB COMMENT =
'123456789_123456789_123456789_123456789_123456789_123456789_123456789_123456789_123456789_1234__100_123456789_123456789_123456789_123456789_123456789_123456789_123456789_123456789_123456789_1234__200_123456789_123456789_123456789_123456789_123456789_123456789_123456789_123456789_123456789_1234__300_123456789_123456789_123456789_123456789_123456789_123456789_123456789_123456789_123456789_1234__400_123456789_123456789_123456789_123456789_123456789_123456789_123456789_123456789_123456789_1234__500_123456789_123456789_123456789_123456789_123456789_123456789_123456789_123456789_123456789_1234__600_123456789_123456789_123456789_123456789_123456789_123456789_123456789_123456789_123456789_1234__700_123456789_123456789_123456789_123456789_123456789_123456789_123456789_123456789_123456789_1234__800_123456789_123456789_123456789_123456789_123456789_123456789_123456789_123456789_123456789_1234__900_123456789_123456789_123456789_123456789_123456789_123456789_123456789_123456789_123456789_1234_1000_123456789_123456789_123456789_123456789_123456789_123456789_123456789_123456789_123456789_1234_1100_123456789_123456789_123456789_123456789_123456789_123456789_123456789_123456789_123456789_1234_1200_123456789_123456789_123456789_123456789_123456789_123456789_123456789_123456789_123456789_1234_1300_123456789_123456789_123456789_123456789_123456789_123456789_123456789_123456789_123456789_1234_1400_123456789_123456789_123456789_123456789_123456789_123456789_123456789_123456789_123456789_1234_1500_123456789_123456789_123456789_123456789_123456789_123456789_123456789_123456789_123456789_1234_1600_123456789_123456789_123456789_123456789_123456789_123456789_123456789_123456789_123456789_1234_1700_123456789_123456789_123456789_123456789_123456789_123456789_123456789_123456789_123456789_1234_1800_123456789_123456789_123456789_123456789_123456789_123456789_123456789_123456789_123456789_1234_1900_123456789_123456789_123456789_123456789_123456789_123456789_123456789_123456789_123456789_1234_2000_123456789_123456789_123456789_123456789_123_2048';
Warnings:
Warning	1681	Integer display width is deprecated and will be removed in a future release.
# This query would show just 256 characters of comments, without the fix.
SELECT TABLE_COMMENT FROM INFORMATION_SCHEMA.TABLES
WHERE TABLE_NAME = 't1' ORDER BY TABLE_SCHEMA;
TABLE_COMMENT
123456789_123456789_123456789_123456789_123456789_123456789_123456789_123456789_123456789_1234__100_123456789_123456789_123456789_123456789_123456789_123456789_123456789_123456789_123456789_1234__200_123456789_123456789_123456789_123456789_123456789_123456789_123456789_123456789_123456789_1234__300_123456789_123456789_123456789_123456789_123456789_123456789_123456789_123456789_123456789_1234__400_123456789_123456789_123456789_123456789_123456789_123456789_123456789_123456789_123456789_1234__500_123456789_123456789_123456789_123456789_123456789_123456789_123456789_123456789_123456789_1234__600_123456789_123456789_123456789_123456789_123456789_123456789_123456789_123456789_123456789_1234__700_123456789_123456789_123456789_123456789_123456789_123456789_123456789_123456789_123456789_1234__800_123456789_123456789_123456789_123456789_123456789_123456789_123456789_123456789_123456789_1234__900_123456789_123456789_123456789_123456789_123456789_123456789_123456789_123456789_123456789_1234_1000_123456789_123456789_123456789_123456789_123456789_123456789_123456789_123456789_123456789_1234_1100_123456789_123456789_123456789_123456789_123456789_123456789_123456789_123456789_123456789_1234_1200_123456789_123456789_123456789_123456789_123456789_123456789_123456789_123456789_123456789_1234_1300_123456789_123456789_123456789_123456789_123456789_123456789_123456789_123456789_123456789_1234_1400_123456789_123456789_123456789_123456789_123456789_123456789_123456789_123456789_123456789_1234_1500_123456789_123456789_123456789_123456789_123456789_123456789_123456789_123456789_123456789_1234_1600_123456789_123456789_123456789_123456789_123456789_123456789_123456789_123456789_123456789_1234_1700_123456789_123456789_123456789_123456789_123456789_123456789_123456789_123456789_123456789_1234_1800_123456789_123456789_123456789_123456789_123456789_123456789_123456789_123456789_123456789_1234_1900_123456789_123456789_123456789_123456789_123456789_123456789_123456789_123456789_123456789_1234_2000_123456789_123456789_123456789_123456789_123_2048
DROP DATABASE db1;
#
# Bug#29031684 HANDLE_FATAL_SIGNAL (SIG=11) IN
# SQL_CONDITION::MESSAGE_TEXT
#
# Create a invalid view.
CREATE TABLE t1 (f1 TIMESTAMP);
CREATE VIEW v1 AS SELECT 1 FROM t1 WHERE f1;
ALTER TABLE t1 CHANGE COLUMN f1 f0 BINARY;
# Check warning from information_schema.
SELECT TABLE_NAME, LENGTH(VIEW_DEFINITION) > 0
FROM INFORMATION_SCHEMA.VIEWS
WHERE TABLE_SCHEMA='test';
TABLE_NAME	LENGTH(VIEW_DEFINITION) > 0
Warning	1356	View 'test.v1' references invalid table(s) or column(s) or function(s) or definer/invoker of view lack rights to use them
Warnings:
v1	1
# The SELECT causes unexpected error without the fix.
SET SESSION max_error_count=0;
SELECT TABLE_NAME, LENGTH(VIEW_DEFINITION) > 0
FROM INFORMATION_SCHEMA.VIEWS
WHERE TABLE_SCHEMA='test';
TABLE_NAME	LENGTH(VIEW_DEFINITION) > 0
v1	1
SHOW WARNINGS;
Level	Code	Message
SET SESSION max_error_count=default;
DROP VIEW v1;
DROP TABLE t1;
#
# Bug#28901919 INFORMATION_SCHEMA.TABLES COPIES
# TABLE_COMMENTS TO OTHER TABLES
#
# Create a invalid view.
CREATE TABLE t1 (f1 TIMESTAMP);
CREATE VIEW v1 AS SELECT 1 FROM t1 WHERE f1;
CREATE VIEW v2 AS SELECT 1 FROM t1 WHERE f1;
ALTER TABLE t1 CHANGE COLUMN f1 f0 BINARY;
# The TABLE_COMMENT shows error message with view name 'v1'
# for view 'v2' without the fix.
SELECT TABLE_NAME, TABLE_COMMENT
FROM INFORMATION_SCHEMA.TABLES
WHERE TABLE_SCHEMA='test';
TABLE_NAME	TABLE_COMMENT
Warning	1356	View 'test.v1' references invalid table(s) or column(s) or function(s) or definer/invoker of view lack rights to use them
Warning	1356	View 'test.v2' references invalid table(s) or column(s) or function(s) or definer/invoker of view lack rights to use them
Warnings:
t1	
v1	View 'test.v1' references invalid table(s) or column(s) or function(s) or definer/invoker of view lack rights to use them
v2	View 'test.v2' references invalid table(s) or column(s) or function(s) or definer/invoker of view lack rights to use them
# The behavior with max_error_count=0 should be unchanged after fix.
SET SESSION max_error_count=0;
SELECT TABLE_NAME, TABLE_COMMENT
FROM INFORMATION_SCHEMA.TABLES
WHERE TABLE_SCHEMA='test';
TABLE_NAME	TABLE_COMMENT
t1	
v1	View 'test.v1' references invalid table(s) or column(s) or function(s) or definer/invoker of view lack rights to use them
v2	View 'test.v2' references invalid table(s) or column(s) or function(s) or definer/invoker of view lack rights to use them
SHOW WARNINGS;
Level	Code	Message
SET SESSION max_error_count=default;
DROP VIEW v1, v2;
DROP TABLE t1;
#
# WL#12984 INFORMATION_SCHEMA and metadata related to secondary engine.
#
# Verify that I_S.COLUMNS.EXTRA shows the 'NOT SECONDARY' clause.
CREATE TABLE t1 (f1 DATE NOT SECONDARY);
SELECT TABLE_NAME, COLUMN_NAME, EXTRA FROM INFORMATION_SCHEMA.COLUMNS
WHERE TABLE_NAME='t1';
TABLE_NAME	COLUMN_NAME	EXTRA
t1	f1	NOT SECONDARY
DROP TABLE t1;
CREATE TABLE t1 (f1 DATE);
SELECT TABLE_NAME, COLUMN_NAME, EXTRA FROM INFORMATION_SCHEMA.COLUMNS
WHERE TABLE_NAME='t1';
TABLE_NAME	COLUMN_NAME	EXTRA
t1	f1	
ALTER TABLE  t1 MODIFY f1 DATE NOT SECONDARY;
SELECT TABLE_NAME, COLUMN_NAME, EXTRA FROM INFORMATION_SCHEMA.COLUMNS
WHERE TABLE_NAME='t1';
TABLE_NAME	COLUMN_NAME	EXTRA
t1	f1	NOT SECONDARY
DROP TABLE t1;
# Verify that I_S.TABLES.CREATE_OPTIONS shows 'SECONDARY_ENGINE' clause.
CREATE TABLE t1 (f1 INT) SECONDARY_ENGINE=myisam;
SELECT TABLE_NAME, CREATE_OPTIONS
FROM INFORMATION_SCHEMA.TABLES
WHERE TABLE_NAME = 't1';
TABLE_NAME	CREATE_OPTIONS
t1	SECONDARY_ENGINE="myisam" SECONDARY_LOAD="0"
DROP TABLE t1;
CREATE TABLE t1 (f1 INT);
SELECT TABLE_NAME, CREATE_OPTIONS FROM INFORMATION_SCHEMA.TABLES
WHERE TABLE_NAME = 't1';
TABLE_NAME	CREATE_OPTIONS
t1	
ALTER TABLE t1 SECONDARY_ENGINE=myisam;
SELECT TABLE_NAME, CREATE_OPTIONS FROM INFORMATION_SCHEMA.TABLES
WHERE TABLE_NAME = 't1';
TABLE_NAME	CREATE_OPTIONS
t1	SECONDARY_ENGINE="myisam" SECONDARY_LOAD="0"
DROP TABLE t1;
#
# BUG#29406053: OPTIMIZER_SWITCH DERIVED_MERGE=OFF CAUSES TABLE COMMENTS
#               "... IS NOT BASE TABLE"
#
SET OPTIMIZER_SWITCH='DERIVED_MERGE=ON';
SELECT TABLE_SCHEMA, TABLE_NAME, TABLE_TYPE, TABLE_COMMENT
FROM INFORMATION_SCHEMA.TABLES
WHERE TABLE_SCHEMA = 'sys' AND TABLE_NAME = 'sys_config';
TABLE_SCHEMA	TABLE_NAME	TABLE_TYPE	TABLE_COMMENT
sys	sys_config	BASE TABLE	
SELECT TABLE_SCHEMA, TABLE_NAME, TABLE_TYPE, TABLE_COMMENT
FROM INFORMATION_SCHEMA.TABLES
WHERE TABLE_SCHEMA = 'sys' AND TABLE_NAME = 'sys_config';
TABLE_SCHEMA	TABLE_NAME	TABLE_TYPE	TABLE_COMMENT
sys	sys_config	BASE TABLE	
SET OPTIMIZER_SWITCH='DERIVED_MERGE=OFF';
SELECT TABLE_SCHEMA, TABLE_NAME, TABLE_TYPE, TABLE_COMMENT
FROM INFORMATION_SCHEMA.TABLES
WHERE TABLE_SCHEMA = 'sys' AND TABLE_NAME = 'sys_config';
TABLE_SCHEMA	TABLE_NAME	TABLE_TYPE	TABLE_COMMENT
sys	sys_config	BASE TABLE	
# Without the patch, TABLE_COMMENT field in INFORMATION_SCHEMA.TABLES will
# contain error information mentioning that one of the views in sys schema
# is not a BASE TABLE.
SELECT TABLE_SCHEMA, TABLE_NAME, TABLE_TYPE, TABLE_COMMENT
FROM INFORMATION_SCHEMA.TABLES
WHERE TABLE_SCHEMA = 'sys' AND TABLE_NAME = 'sys_config';
TABLE_SCHEMA	TABLE_NAME	TABLE_TYPE	TABLE_COMMENT
sys	sys_config	BASE TABLE	
CREATE TABLE t1(a INT);
INSERT INTO t1 VALUES(1);
CREATE VIEW v1 AS SELECT * FROM t1;
ANALYZE TABLE t1;
Table	Op	Msg_type	Msg_text
test.t1	analyze	status	OK
SELECT * FROM INFORMATION_SCHEMA.TABLES
WHERE TABLE_SCHEMA = 'test' AND TABLE_NAME = 'v1';
TABLE_CATALOG	TABLE_SCHEMA	TABLE_NAME	TABLE_TYPE	ENGINE	VERSION	ROW_FORMAT	TABLE_ROWS	AVG_ROW_LENGTH	DATA_LENGTH	MAX_DATA_LENGTH	INDEX_LENGTH	DATA_FREE	AUTO_INCREMENT	CREATE_TIME	UPDATE_TIME	CHECK_TIME	TABLE_COLLATION	CHECKSUM	CREATE_OPTIONS	TABLE_COMMENT
def	test	v1	VIEW	NULL	NULL	NULL	NULL	NULL	NULL	NULL	NULL	NULL	NULL	#	NULL	NULL	NULL	NULL	NULL	VIEW
SET OPTIMIZER_SWITCH=default;
DROP VIEW v1;
DROP TABLE t1;
#
# Bug#30476213 ASSERTION TEMPTABLE..HANDLER..GET_ERROR_MESSAGE
#
SET @@SESSION.optimizer_switch="derived_merge=off";
LOCK TABLE mysql.user READ;
# Without the fix, this statement fails.
SELECT * FROM information_schema.ST_GEOMETRY_COLUMNS;
TABLE_CATALOG	TABLE_SCHEMA	TABLE_NAME	COLUMN_NAME	SRS_NAME	SRS_ID	GEOMETRY_TYPE_NAME
UNLOCK TABLES;
#
# Bug#30764651 ASSERTION "TEMPTABLE..HANDLER..INIT_TABLE_HANDLE_FOR_HANDLER"
#
CREATE TABLE t1 (f1 INT);
FLUSH TABLES t1 FOR EXPORT;
# Without the fix, this statement fails in debug build.
SELECT * FROM INFORMATION_SCHEMA.APPLICABLE_ROLES;
USER	HOST	GRANTEE	GRANTEE_HOST	ROLE_NAME	ROLE_HOST	IS_GRANTABLE	IS_DEFAULT	IS_MANDATORY
UNLOCK TABLES;
DROP TABLE t1;
#
# Bug #30624990 NO UTF8MB3 IN INFORMATION_SCHEMA.CHARACTER_SETS
#
SELECT * FROM information_schema.CHARACTER_SETS
WHERE CHARACTER_SET_NAME LIKE 'utf8%'
ORDER BY character_set_name;
CHARACTER_SET_NAME	DEFAULT_COLLATE_NAME	DESCRIPTION	MAXLEN
utf8mb3	utf8mb3_general_ci	UTF-8 Unicode	3
utf8mb4	utf8mb4_0900_ai_ci	UTF-8 Unicode	4
SHOW CHARACTER SET LIKE 'utf8%';
Charset	Description	Default collation	Maxlen
utf8mb3	UTF-8 Unicode	utf8mb3_general_ci	3
utf8mb4	UTF-8 Unicode	utf8mb4_0900_ai_ci	4

Bug #33787300 Rename utf8_xxx collations to utf8mb3_xxx

SELECT * FROM information_schema.COLLATIONS
WHERE COLLATION_NAME LIKE "utf8\_%"
ORDER BY collation_name;
COLLATION_NAME	CHARACTER_SET_NAME	ID	IS_DEFAULT	IS_COMPILED	SORTLEN	PAD_ATTRIBUTE
SELECT * FROM information_schema.COLLATIONS
WHERE COLLATION_NAME LIKE "utf8mb3\_%"
ORDER BY collation_name;
COLLATION_NAME	CHARACTER_SET_NAME	ID	IS_DEFAULT	IS_COMPILED	SORTLEN	PAD_ATTRIBUTE
utf8mb3_bin	utf8mb3	83		Yes	1	PAD SPACE
utf8mb3_croatian_ci	utf8mb3	213		Yes	8	PAD SPACE
utf8mb3_czech_ci	utf8mb3	202		Yes	8	PAD SPACE
utf8mb3_danish_ci	utf8mb3	203		Yes	8	PAD SPACE
utf8mb3_esperanto_ci	utf8mb3	209		Yes	8	PAD SPACE
utf8mb3_estonian_ci	utf8mb3	198		Yes	8	PAD SPACE
utf8mb3_general_ci	utf8mb3	33	Yes	Yes	1	PAD SPACE
utf8mb3_general_mysql500_ci	utf8mb3	223		Yes	1	PAD SPACE
utf8mb3_german2_ci	utf8mb3	212		Yes	8	PAD SPACE
utf8mb3_hungarian_ci	utf8mb3	210		Yes	8	PAD SPACE
utf8mb3_icelandic_ci	utf8mb3	193		Yes	8	PAD SPACE
utf8mb3_latvian_ci	utf8mb3	194		Yes	8	PAD SPACE
utf8mb3_lithuanian_ci	utf8mb3	204		Yes	8	PAD SPACE
utf8mb3_persian_ci	utf8mb3	208		Yes	8	PAD SPACE
utf8mb3_polish_ci	utf8mb3	197		Yes	8	PAD SPACE
utf8mb3_romanian_ci	utf8mb3	195		Yes	8	PAD SPACE
utf8mb3_roman_ci	utf8mb3	207		Yes	8	PAD SPACE
utf8mb3_sinhala_ci	utf8mb3	211		Yes	8	PAD SPACE
utf8mb3_slovak_ci	utf8mb3	205		Yes	8	PAD SPACE
utf8mb3_slovenian_ci	utf8mb3	196		Yes	8	PAD SPACE
utf8mb3_spanish2_ci	utf8mb3	206		Yes	8	PAD SPACE
utf8mb3_spanish_ci	utf8mb3	199		Yes	8	PAD SPACE
utf8mb3_swedish_ci	utf8mb3	200		Yes	8	PAD SPACE
utf8mb3_tolower_ci	utf8mb3	76		Yes	1	PAD SPACE
utf8mb3_turkish_ci	utf8mb3	201		Yes	8	PAD SPACE
utf8mb3_unicode_520_ci	utf8mb3	214		Yes	8	PAD SPACE
utf8mb3_unicode_ci	utf8mb3	192		Yes	8	PAD SPACE
utf8mb3_vietnamese_ci	utf8mb3	215		Yes	8	PAD SPACE
SHOW COLLATION LIKE 'utf8\_%';
Collation	Charset	Id	Default	Compiled	Sortlen	Pad_attribute
SHOW COLLATION LIKE 'utf8mb3\_%';
Collation	Charset	Id	Default	Compiled	Sortlen	Pad_attribute
utf8mb3_bin	utf8mb3	83		Yes	1	PAD SPACE
utf8mb3_croatian_ci	utf8mb3	213		Yes	8	PAD SPACE
utf8mb3_czech_ci	utf8mb3	202		Yes	8	PAD SPACE
utf8mb3_danish_ci	utf8mb3	203		Yes	8	PAD SPACE
utf8mb3_esperanto_ci	utf8mb3	209		Yes	8	PAD SPACE
utf8mb3_estonian_ci	utf8mb3	198		Yes	8	PAD SPACE
utf8mb3_general_ci	utf8mb3	33	Yes	Yes	1	PAD SPACE
utf8mb3_general_mysql500_ci	utf8mb3	223		Yes	1	PAD SPACE
utf8mb3_german2_ci	utf8mb3	212		Yes	8	PAD SPACE
utf8mb3_hungarian_ci	utf8mb3	210		Yes	8	PAD SPACE
utf8mb3_icelandic_ci	utf8mb3	193		Yes	8	PAD SPACE
utf8mb3_latvian_ci	utf8mb3	194		Yes	8	PAD SPACE
utf8mb3_lithuanian_ci	utf8mb3	204		Yes	8	PAD SPACE
utf8mb3_persian_ci	utf8mb3	208		Yes	8	PAD SPACE
utf8mb3_polish_ci	utf8mb3	197		Yes	8	PAD SPACE
utf8mb3_romanian_ci	utf8mb3	195		Yes	8	PAD SPACE
utf8mb3_roman_ci	utf8mb3	207		Yes	8	PAD SPACE
utf8mb3_sinhala_ci	utf8mb3	211		Yes	8	PAD SPACE
utf8mb3_slovak_ci	utf8mb3	205		Yes	8	PAD SPACE
utf8mb3_slovenian_ci	utf8mb3	196		Yes	8	PAD SPACE
utf8mb3_spanish2_ci	utf8mb3	206		Yes	8	PAD SPACE
utf8mb3_spanish_ci	utf8mb3	199		Yes	8	PAD SPACE
utf8mb3_swedish_ci	utf8mb3	200		Yes	8	PAD SPACE
utf8mb3_tolower_ci	utf8mb3	76		Yes	1	PAD SPACE
utf8mb3_turkish_ci	utf8mb3	201		Yes	8	PAD SPACE
utf8mb3_unicode_520_ci	utf8mb3	214		Yes	8	PAD SPACE
utf8mb3_unicode_ci	utf8mb3	192		Yes	8	PAD SPACE
utf8mb3_vietnamese_ci	utf8mb3	215		Yes	8	PAD SPACE
safe_process[490529]: Child process: 490531, exit: 1



Server [mysqld.1 - pid: 475573, winpid: 475573] log: 
Server log from this test:
----------SERVER LOG START-----------
2026-10-05T15:54:30.558177Z 5 [Note] [MY-010044] [Server] Event Scheduler: Last execution of test.event_status. Dropping.
2026-10-05T15:54:30.589687Z 70 [Note] [MY-010450] [Server] Event Scheduler: Dropping test.event_status
2026-10-05T15:54:38.279450Z 55 [Note] [MY-013006] [InnoDB] Stopping purge
2026-10-05T15:54:38.279547Z 55 [Note] [MY-013008] [InnoDB] Resuming purge
2026-10-05T15:54:38.279577Z 55 [Note] [MY-012841] [InnoDB] Sync to disk of `test`.`t1` started.
2026-10-05T15:54:38.279588Z 55 [Note] [MY-013006] [InnoDB] Stopping purge
2026-10-05T15:54:38.284206Z 55 [Note] [MY-012839] [InnoDB] Writing table metadata to './test/t1.cfg'
2026-10-05T15:54:38.284301Z 55 [Note] [MY-012846] [InnoDB] Table `test`.`t1` flushed to disk
2026-10-05T15:54:38.290493Z 55 [Note] [MY-012849] [InnoDB] Deleting the meta-data file './test/t1.cfg'
2026-10-05T15:54:38.290557Z 55 [Note] [MY-013008] [InnoDB] Resuming purge
2026-10-05T15:54:38.290589Z 55 [Note] [MY-013006] [InnoDB] Stopping purge
2026-10-05T15:54:38.290624Z 55 [Note] [MY-013008] [InnoDB] Resuming purge
----------SERVER LOG END-------------


 - the logfile can be found in '/home/satya/WORK/vector/vec-memory-i-s/bld/mysql-test/var/log/main.information_schema_cs/information_schema_cs.log'

[ 55%] main.odbc                                w30 [ pass ]    279
[ 55%] main.filesort_merge                      w1  [ pass ]   4884
[ 55%] main.offline_mode_kill                   w30 [ pass ]    108
[ 55%] main.index_merge_myisam_hypergraph       w19 [ pass ]  21530
[ 55%] main.character_set_server                w28 [ pass ]  12359
[ 55%] main.filesort_pack                       w1  [ pass ]    485
[ 55%] main.ps_4heap                            w4  [ pass ]   1425
[ 55%] main.opt_hints_join_order                w31 [ pass ]   2988
[ 55%] main.offline_mode_privileges             w30 [ pass ]    119
[ 55%] main.information_schema_ci_myisam        w19 [ skipped ]  Test requires 'case_insensitive_file_system'
[ 55%] main.partition_error                     w10 [ pass ]   9751
[ 55%] main.group_skip_scan_ext_hypergraph      w20 [ pass ]  30531
[ 55%] main.admin_interface_ipv4_mapped         w2  [ pass ]   8361
[ 55%] main.information_schema_cs_myisam        w19 [ pass ]     53
[ 55%] main.filter_single_col_idx_big           w1  [ pass ]    280
[ 56%] main.ctype_uca                           w11 [ pass ]  13225
[ 56%] main.gtids_anonymous_trxs_violations     w20 [ pass ]    151
[ 56%] main.information_schema_statistics_myisam w19 [ pass ]    144
[ 56%] main.partition_exchange_myisam           w10 [ pass ]    601
[ 56%] main.mix2_myisam                         w8  [ pass ]   6110
[ 56%] main.filter_single_col_idx_small         w1  [ pass ]    261
[ 56%] main.information_schema_inno             w17 [ pass ]   1170
[ 56%] main.alias                               w2  [ pass ]    802
[ 56%] main.handler_debug                       w20 [ pass ]     67
[ 56%] main.create_select_atomic                w27 [ pass ]  13545
[ 56%] main.insert_myisam                       w19 [ pass ]     98
[ 56%] main.information_schema_keywords         w17 [ pass ]     32
[ 56%] main.join_cache_bka_nobnl                w9  [ pass ]  40293
[ 56%] main.mix2_myisam_ucs2                    w8  [ pass ]    460
[ 56%] main.handler_non_debug                   w20 [ skipped ]  Test requires binaries to be compiled in release mode
[ 57%] main.alter_debug                         w2  [ pass ]    327
[ 57%] main.insert_select_myisam                w19 [ pass ]    234
[ 57%] main.opt_hints_join_order_hypergraph     w31 [ pass ]   2636
[ 57%] main.ps_5merge                           w4  [ pass ]   2949
[ 57%] main.information_schema_libraries        w17 [ pass ]    128
[ 57%] main.handler_read_last                   w20 [ pass ]     83
[ 57%] main.multi_update_myisam                 w8  [ pass ]    263
[ 57%] main.create_select_foreign_key           w27 [ pass ]   1119
[ 57%] main.alter_sync                          w2  [ pass ]    105
[ 57%] main.myisam-system                       w8  [ pass ]     51
[ 57%] main.charset                             w28 [ pass ]   3998
[ 57%] main.information_schema_parameters       w17 [ pass ]    445
[ 57%] main.create_select_tmp                   w27 [ pass ]    148
[ 57%] main.information_schema_parameters_ci    w17 [ skipped ]  Test requires 'case_insensitive_file_system'
[ 57%] main.partition_explicit_prune            w10 [ pass ]   3542
[ 57%] main.olap                                w30 [ pass ]   5541
[ 58%] main.alter_table_partition_id_int_max    w2  [ pass ]    313
[ 58%] main.partition_grant                     w10 [ pass ]    371
[ 58%] main.information_schema_part             w17 [ pass ]   1654
[ 58%] main.openssl_1                           w30 [ pass ]    970
[ 58%] main.max_statement_time                  w6  [ pass ]  23630
[ 58%] main.information_schema_routine_libraries w17 [ pass ]    246
[ 58%] main.func_in_icp_mrr                     w29 [ pass ]  11985
[ 58%] main.resource_group_bugs_debug           w30 [ pass ]     19
[ 58%] main.resource_group_debug                w30 [ skipped ]  Skipping test. (Test requires thread priority to be supported.)
[ 58%] main.information_schema_routines         w17 [ pass ]    461
[ 58%] main.persisted_variables_bugs_debug      w15 [ pass ]  21281
[ 58%] main.resource_group_thr_prio_unsupported w30 [ pass ]    177
[ 58%] main.initialize_plugins                  w21 [ pass ]  16198
[ 58%] main.information_schema_routines_ci      w17 [ skipped ]  Test requires 'case_insensitive_file_system'
[ 58%] main.hypergraph_oom                      w26 [ pass ]  15588
[ 59%] main.partition_pruning                   w7  [ pass ]  18312
[ 59%] main.persisted_variables_bugs_fast       w15 [ pass ]    248
[ 59%] main.analyze                             w2  [ pass ]    756
[ 59%] main.myisam                              w8  [ pass ]   6542
[ 59%] main.analyze_debug                       w2  [ pass ]    276
[ 59%] main.roles-view                          w17 [ pass ]   1082
[ 59%] main.myisam_debug                        w8  [ pass ]    211
[ 59%] main.analyze_histogram                   w2  [ pass ]    191
[ 59%] main.mysql_upgrade_ssl                   w5  [ pass ]  54981
[ 59%] main.ansi                                w2  [ pass ]     60
[ 59%] main.rename_debug_myisam                 w31 [ pass ]  10324
[ 59%] main.ps_ddl                              w4  [ pass ]  10634
[ 59%] main.roles2                              w17 [ pass ]   1555
[ 59%] main.archive_bitfield                    w2  [ pass ]    227
[ 59%] main.resource_group_thr_prio_unsupported_debug w30 [ pass ]   4167
[ 60%] main.rename_roles                        w31 [ pass ]    421
[ 60%] main.ignore_strict                       w26 [ pass ]   4122
[ 60%] main.archive_debug                       w2  [ pass ]     24
[ 60%] main.resource_group_unsupported          w30 [ skipped ]  Needs OSX or MacOS
[ 60%] main.rename_sync                         w31 [ pass ]     76
[ 60%] main.ps_ddl1                             w4  [ pass ]    967
[ 60%] main.roles_bugs                          w17 [ pass ]    949
[ 60%] main.innodb_icp                          w21 [ pass ]   5527
[ 60%] main.implicit_char_to_num_conversion     w26 [ pass ]    618
[ 60%] main.renamedb                            w31 [ pass ]      4
[ 60%] main.archive_gis                         w2  [ pass ]    486
[ 60%] main.roles_bugs_debug                    w17 [ pass ]    211
[ 60%] main.ps_event                            w4  [ pass ]    501
[ 60%] main.read_only_persisted_plugin_variables w19 [ pass ]   9275
[ 60%] main.archive_no_symlink                  w2  [ pass ]     29
[ 60%] main.replace                             w31 [ pass ]    268
[ 61%] main.ps_not_windows                      w4  [ pass ]     19
[ 61%] main.roles_bugs_wildcard                 w17 [ pass ]    117
[ 61%] main.archive_skip_lock_nowait            w2  [ pass ]     18
[ 61%] main.regexp_bug38311161                  w19 [ pass ]    267
[ 61%] main.replica_allow_higher_version_source_privileges w31 [ pass ]    122
[ 61%] main.partition_range                     w7  [ pass ]   7497
[ 61%] main.implicit_commit                     w26 [ pass ]   1682
[ 61%] main.rollback                            w17 [ pass ]    223
[ 61%] main.regular_expressions_func            w19 [ pass ]    173
[ 61%] main.savepoint_debug                     w26 [ pass ]      4
[ 61%] main.partition_rename_longfilename       w7  [ pass ]    265
[ 61%] main.multiaddress_bind                   w16 [ pass ]  64388
[ 61%] main.reset_connection                    w31 [ pass ]    604
[ 61%] main.round                               w17 [ pass ]    819
[ 61%] main.my_defaults                         w16 [ pass ]     12
[ 62%] main.reset_persisted_variables           w31 [ pass ]     25
[ 62%] main.partition_sync                      w7  [ pass ]    215
[ 62%] main.regular_expressions_func_icu_54     w19 [ pass ]    561
[ 62%] main.func_in_mrr                         w29 [ pass ]  12285
[ 62%] main.resource_group                      w31 [ skipped ]  Skipping test. (Test requires thread priority to be supported.)
[ 62%] main.fix_priv_tables                     w1  [ pass ]  19867
[ 62%] main.mysql-bug41486                      w16 [ pass ]    577
[ 62%] main.partition_truncate                  w7  [ pass ]    385
[ 62%] main.resource_group_binlog_events        w31 [ pass ]     84
[ 62%] main.ps_type_deduction                   w4  [ pass ]   3527
[ 62%] main.row                                 w17 [ pass ]   1062
[ 62%] main.innodb_icp_all                      w21 [ pass ]   5561
[ 62%] main.dd_upgrade_36890891                 w22 [ pass ]  65841
[ 62%] main.mysql-bug45236                      w16 [ pass ]    384
[ 62%] main.partition_utf8                      w7  [ pass ]    447
[ 63%] main.resource_group_bugs                 w31 [ pass ]     32
[ 63%] main.hash_join                           w20 [ pass ]  19727
[ 63%] main.rowid_order_innodb                  w17 [ pass ]    586
[ 63%] main.per_thread_connection_handler       w7  [ pass ]     29
[ 63%] main.ctype_ucs                           w11 [ pass ]  18817
[ 63%] main.rpad                                w17 [ pass ]      9
[ 63%] main.persisted_variables_replication     w15 [ pass ]  13217
[ 63%] main.plugin_auth_sha256_tls              w15 [ pass ]    156
[ 63%] main.select_found                        w31 [ pass ]   1490
[ 63%] main.ps_w_max_indexes_64                 w4  [ pass ]   2688
[ 63%] main.rpl_multi_source_mysqldump_slave    w17 [ pass ]    542
[ 63%] main.point_select_hypergraph             w15 [ pass ]     79
[ 63%] main.dd_view_columns                     w22 [ pass ]   2753
[ 63%] main.server_offline_2                    w17 [ pass ]    179
[ 63%] main.join_cache_bnl                      w9  [ pass ]  24579
[ 63%] main.regular_expressions_utf-8           w19 [ pass ]   5863
[ 64%] main.dd_view_columns_debug               w22 [ pass ]    175
[ 64%] main.mysql                               w16 [ pass ]   3757
[ 64%] main.parser_bug21114_innodb              w23 [ pass ]  38280
[ 64%] main.server_offline_3                    w17 [ pass ]    226
[ 64%] main.regular_expressions_utf-8_icu_58    w19 [ pass ]     14
[ 64%] main.mysql_batch_mode                    w16 [ pass ]     43
[ 64%] main.parser_precedence                   w23 [ pass ]    127
[ 64%] main.innodb_icp_none                     w21 [ pass ]   5542
[ 64%] main.ps_w_max_indexes_64_myisam          w4  [ pass ]   2412
[ 64%] main.myisam_explain_json_non_select_all  w8  [ pass ]  16278
[ 64%] main.regular_expressions_utf-8_icu_59    w19 [ pass ]     33
[ 64%] main.qualify                             w4  [ pass ]     62
[ 64%] main.server_offline_5                    w17 [ pass ]   1026
[ 64%] main.mysql_binary_mode                   w16 [ pass ]    626
[ 64%] main.regular_expressions_utf-8_icu_67    w19 [ pass ]     15
[ 65%] main.server_offline_debug                w17 [ pass ]     11
[ 65%] main.check                               w28 [ pass ]  26539
[ 65%] main.mysql_commands                      w16 [ pass ]    330
[ 65%] main.qualify_hypergraph                  w4  [ pass ]    842
[ 65%] main.partition_hash                      w10 [ pass ]  25113
[ 65%] main.mysql_comments                      w16 [ pass ]    345
[ 65%] main.ddl_i18n_koi8r                      w22 [ pass ]   3624
[ 65%] main.order_by_all                        w32 [ pass ]  37156
[ 65%] main.innodb_mysql_lock2                  w21 [ pass ]   2930
[ 65%] main.partition_innodb_plugin             w10 [ pass ]    363
[ 65%] main.partition_innodb_stmt               w10 [ pass ]    138
[ 65%] main.mysqlslap                           w12 [ pass ]  50198
[ 65%] main.func_in_mrr_cost                    w29 [ pass ]  12342
[ 65%] main.parser_stack                        w23 [ pass ]   3323
[ 65%] main.mysqlslap_bugs                      w12 [ pass ]     81
[ 65%] main.fk_datatypes                        w1  [ pass ]  12912
[ 66%] main.populate_collations_read_only       w15 [ pass ]   8427
[ 66%] main.check_auto_permission               w28 [ pass ]   4120
[ 66%] main.ddl_i18n_utf8                       w22 [ pass ]   3393
[ 66%] main.event_upgrade                       w14 [ pass ]  57908
[ 66%] main.check_basedir                       w28 [ pass ]    106
[ 66%] main.mysql_config_editor                 w16 [ pass ]   4339
[ 66%] main.fk_var_fixed_col_widths             w1  [ pass ]   1473
[ 66%] main.profiling                           w15 [ pass ]   1031
[ 66%] main.partition_locking_4                 w10 [ pass ]   2417
[ 66%] main.query_expression-bugs               w4  [ pass ]   5637
[ 66%] main.partition_binlog                    w23 [ pass ]    336
[ 66%] main.mysql_cp932                         w16 [ pass ]     95
[ 66%] main.partition_locking_ps_protocol       w10 [ skipped ]  Need ps-protocol
[ 66%] main.percona_bug_ps8882                  w7  [ pass ]  13369
[ 66%] main.ps_10nestset                        w15 [ pass ]    109
[ 67%] main.schema                              w26 [ pass ]  17885
[ 67%] main.mysqld_safe                         w13 [ pass ]  52659
[ 67%] main.reject_utf8alias_options            w19 [ pass ]   7620
[ 67%] main.foreign_key                         w24 [ pass ]  102931
[ 67%] main.partition_bug18198                  w23 [ pass ]    169
[ 67%] main.sp-fib                              w7  [ pass ]     87
[ 67%] main.schema_names                        w26 [ pass ]     44
[ 67%] main.events_1                            w14 [ pass ]   1268
[ 67%] main.mysqldump-binary                    w13 [ pass ]    429
[ 67%] main.create_w_max_indexes_64             w27 [ pass ]  34768
[ 67%] main.restart_server                      w30 [ pass ]  23498
[ 67%] main.sp-library-binary                   w7  [ pass ]     76
[ 67%] main.schema_read_only_ci                 w26 [ skipped ]  Test requires 'case_insensitive_file_system'
[ 67%] main.partition_charset                   w23 [ pass ]    107
[ 67%] main.ps_11bugs                           w15 [ pass ]   1036
[ 68%] main.restart_server_win                  w30 [ skipped ]  Need windows
[ 68%] main.mysqldump-compat                    w13 [ pass ]    225
[ 68%] main.ps_1general_ci                      w15 [ skipped ]  Test requires 'case_insensitive_file_system'
[ 68%] main.sp-library-count                    w7  [ pass ]     95
[ 68%] main.partition_check_myisam              w23 [ pass ]    229
[ 68%] main.signal                              w4  [ pass ]   2407
[ 68%] main.events_2                            w14 [ pass ]    751
[ 68%] main.signal_code                         w4  [ pass ]     23
[ 68%] main.persisted_variables_bugs            w18 [ pass ]  89366
[ 68%] main.ctype_ujis_ucs2                     w11 [ pass ]  17254
[ 68%] main.revoke_if_exists                    w30 [ pass ]   1177
[ 68%] main.csv                                 w27 [ pass ]   1805
[ 68%] main.removed_features                    w19 [ pass ]   3635
[ 68%] main.flush                               w1  [ pass ]   4738
[ 68%] main.hash_join_hypergraph                w20 [ pass ]  18962
[ 68%] main.events_and_binlog                   w14 [ pass ]   1018
[ 69%] main.signal_demo1                        w4  [ pass ]    408
[ 69%] main.deadlock_innodb                     w22 [ pass ]   6388
[ 69%] main.roles-ddl                           w30 [ pass ]    219
[ 69%] main.sp-lock                             w7  [ pass ]   2066
[ 69%] main.ssl_cache_openssl1_0                w1  [ skipped ]  Test requires openssl version to be 1\.0.*
[ 69%] main.ps_3innodb                          w15 [ pass ]   2174
[ 69%] main.csv_alter_table                     w27 [ pass ]    289
[ 69%] main.signal_demo2                        w4  [ pass ]    103
[ 69%] main.sp-no-code                          w7  [ skipped ]  Test requires binaries to be compiled in release mode
[ 69%] main.debug_sync                          w22 [ pass ]    198
[ 69%] main.ssl_cache_tls13                     w1  [ skipped ]  Test requires openssl version to be 1\.1.*
[ 69%] main.status_debug                        w15 [ pass ]     72
[ 69%] main.roles-sp                            w30 [ pass ]    328
[ 69%] main.signal_demo3                        w4  [ pass ]     86
[ 69%] main.events_and_binlog_format_row        w14 [ pass ]   1054
[ 70%] main.ssl_charset_code                    w1  [ pass ]     79
[ 70%] main.strict_autoinc_2innodb              w15 [ pass ]     56
[ 70%] main.csv_not_null                        w27 [ pass ]    136
[ 70%] main.myisam_explain_json_non_select_none w8  [ pass ]  15793
[ 70%] main.signal_sqlmode                      w4  [ pass ]     67
[ 70%] main.ctype_unicode900                    w11 [ pass ]   2896
[ 70%] main.partition_column                    w23 [ pass ]   4215
[ 70%] main.default                             w22 [ pass ]   1028
[ 70%] main.subplan_tokens                      w15 [ pass ]    131
[ 70%] main.sp-prelocking                       w7  [ pass ]   1794
[ 70%] main.ctype_ascii                         w27 [ pass ]    376
[ 70%] main.async_client                        w2  [ pass ]  28107
[ 70%] main.default_as_expr_debug               w22 [ pass ]    558
[ 70%] main.subquery_antijoin                   w14 [ pass ]   1678
[ 70%] main.server_uuid                         w17 [ pass ]  15992
[ 71%] main.sp-prelocking_cs                    w7  [ pass ]    226
[ 71%] main.sp-ucs2                             w18 [ pass ]    175
[ 71%] main.having                              w20 [ pass ]   3867
[ 71%] main.func_in_none                        w29 [ pass ]  12763
[ 71%] main.delayed_disconnect                  w22 [ pass ]     14
[ 71%] main.mdl_tablespace                      w6  [ pass ]  40295
[ 71%] main.show_parse_tree                     w17 [ pass ]     21
[ 71%] main.mysqltest                           w12 [ pass ]  12731
[ 71%] main.ctype_unicode900_as_ci              w11 [ pass ]   1624
[ 71%] main.skip_scan_hypergraph                w10 [ pass ]   9438
[ 71%] main.mem_cnt_common_debug                w6  [ pass ]    192
[ 71%] main.show_processlist_state              w17 [ pass ]      5
[ 71%] main.mysqltest_error_message_interpolated_query w12 [ pass ]    538
[ 71%] main.show_profile                        w17 [ pass ]      5
[ 71%] main.mysqldump-library-debug             w13 [ pass ]   8438
[ 71%] main.sp-security                         w7  [ pass ]   1869
[ 72%] main.sp-vars                             w18 [ pass ]   1848
[ 72%] main.heap                                w20 [ pass ]   1881
[ 72%] main.show_variables                      w17 [ pass ]    201
[ 72%] main.mysqldump-library                   w13 [ pass ]    474
[ 72%] main.heap_auto_increment                 w20 [ pass ]    102
[ 72%] main.sp_debug                            w18 [ pass ]    278
[ 72%] main.sp-threads                          w7  [ pass ]    771
[ 72%] main.ctype_unicode900_as_cs              w11 [ pass ]   2841
[ 72%] main.sp-big                              w10 [ pass ]   2906
[ 72%] main.mysqldump-long-query-time           w13 [ pass ]    304
[ 72%] main.heap_btree                          w20 [ pass ]    570
[ 72%] main.mysqldump-sp-missing-import         w13 [ pass ]    121
[ 72%] main.subquery_sj_innodb_none_bka_nobnl   w7  [ pass ]   1228
[ 72%] main.foreign_key_binlog                  w24 [ pass ]  14231
[ 72%] main.heap_hash                           w20 [ pass ]    741
[ 73%] main.sp-bugs                             w10 [ pass ]   1268
[ 73%] main.innodb_mysql_sync                   w21 [ pass ]  21118
[ 73%] main.delete                              w22 [ pass ]   5487
[ 73%] main.mysqldump-tablespace-escape         w13 [ pass ]    612
[ 73%] main.check_constraints                   w28 [ pass ]  17501
[ 73%] main.help                                w20 [ pass ]    498
[ 73%] main.sp-code                             w10 [ pass ]    570
[ 73%] main.ctype_utf16                         w11 [ pass ]   3246
[ 73%] main.check_constraints_debug             w28 [ pass ]    717
[ 73%] main.sp-destruct                         w10 [ pass ]    120
[ 73%] main.help_verbose                        w20 [ pass ]    251
[ 73%] main.mem_cnt_sql_keys                    w6  [ pass ]   7145
[ 73%] main.subquery_bugs                       w14 [ pass ]   9111
[ 73%] main.sp_stress_case                      w18 [ pass ]   5055
[ 73%] main.mem_status_limit_conn_init_debug    w6  [ pass ]     44
[ 73%] main.sigusr1                             w4  [ pass ]  11222
[ 74%] main.clear_diag_area                     w28 [ pass ]    698
[ 74%] main.innodb_pk_extension_hypergraph      w21 [ pass ]   3060
[ 74%] main.myisam_explain_non_select_all       w8  [ pass ]  12062
[ 74%] main.sp-dynamic                          w10 [ pass ]   1108
[ 74%] main.sp_sync                             w18 [ pass ]    341
[ 74%] main.subquery_exists                     w14 [ pass ]    274
[ 74%] main.skip_records_in_range               w4  [ pass ]    390
[ 74%] main.ctype_utf16_uca                     w11 [ pass ]   2363
[ 74%] main.client_command_line_aliases         w28 [ pass ]    652
[ 74%] main.rename                              w19 [ pass ]  15712
[ 74%] main.subquery_hypergraph                 w14 [ pass ]     76
[ 74%] main.deprecate_eof                       w22 [ pass ]   4436
[ 74%] main.client_ssl_data_print               w28 [ pass ]     23
[ 74%] main.client_xml                          w28 [ pass ]    236
[ 74%] main.sp_trans                            w18 [ pass ]   2194
[ 75%] main.deprecated_features                 w22 [ pass ]   1030
[ 75%] main.derived_ci                          w22 [ skipped ]  Test requires 'case_insensitive_file_system'
[ 75%] main.sp-error                            w10 [ pass ]   4341
[ 75%] main.comment_column                      w28 [ pass ]   1546
[ 75%] main.foreign_key_cascade                 w24 [ pass ]   9151
[ 75%] main.ctype_utf16le                       w11 [ pass ]   4078
[ 75%] main.ctype_big5                          w27 [ pass ]  16573
[ 75%] main.sp-external-binary                  w10 [ pass ]      4
[ 75%] main.rename_debug                        w19 [ pass ]   4496
[ 75%] main.derived_condition_pushdown          w22 [ pass ]   3690
[ 75%] main.join_cache_nojb                     w9  [ pass ]  39658
[ 75%] main.mysql_upgrade_with_inf_schema_user  w5  [ pass ]  50069
[ 75%] main.histogram_auto_update               w20 [ pass ]  10859
[ 75%] main.ctype_utf32                         w11 [ pass ]   3401
[ 75%] main.join_crash                          w9  [ pass ]    362
[ 76%] main.subquery_mat                        w14 [ pass ]   7847
[ 76%] main.comment_column2                     w28 [ pass ]   3977
[ 76%] main.sp-external                         w10 [ pass ]   3672
[ 76%] main.order_by_icp_mrr                    w32 [ pass ]  35909
[ 76%] main.sp_validation                       w18 [ pass ]   6999
[ 76%] main.skip_scan                           w4  [ pass ]   9498
[ 76%] main.join_debug                          w9  [ pass ]    257
[ 76%] main.temptable_error_injection           w10 [ pass ]     63
[ 76%] main.subselect_innodb                    w19 [ pass ]   4051
[ 76%] main.comment_index                       w28 [ pass ]   1035
[ 76%] main.temptable_no_pad_collation          w10 [ pass ]    331
[ 76%] main.myisam_explain_non_select_none      w8  [ pass ]  12331
[ 76%] main.sum_distinct                        w19 [ pass ]    797
[ 76%] main.temp_table_debug                    w20 [ pass ]   2383
[ 76%] main.comment_table                       w28 [ pass ]    612
[ 76%] main.ctype_utf32_uca                     w11 [ pass ]   2678
[ 77%] main.ssl_compress                        w1  [ pass ]  26234
[ 77%] main.table_lock_skip_lock_nowait         w22 [ pass ]   4265
[ 77%] main.comments                            w28 [ pass ]     53
[ 77%] main.ssl_dynamic                         w1  [ pass ]    289
[ 77%] main.time_truncate_fractional_strict     w4  [ pass ]   3646
[ 77%] main.temporal_literal                    w20 [ pass ]   1307
[ 77%] main.synchronization                     w19 [ pass ]   1613
[ 77%] main.myisam_icp                          w8  [ pass ]   1892
[ 77%] main.commit                              w28 [ pass ]    608
[ 77%] main.table_value_constructor             w22 [ pass ]   1434
[ 77%] main.sql_mode                            w18 [ pass ]   4633
[ 77%] main.temporal_type_collation             w20 [ pass ]    436
[ 77%] main.ssl_cache                           w18 [ skipped ]  Test requires openssl version to be 1\.1.*
[ 77%] main.ctype_utf8mb4_heap                  w11 [ pass ]   3056
[ 77%] main.commit_1innodb                      w28 [ pass ]   1047
[ 78%] main.foreign_key_debug                   w24 [ pass ]  11289
[ 78%] main.table_value_constructor_hypergraph  w22 [ pass ]   1336
[ 78%] main.myisam_icp_all                      w8  [ pass ]   1937
[ 78%] main.comp_err                            w28 [ pass ]     10
[ 78%] main.join_nested                         w9  [ pass ]   6723
[ 78%] main.time_zone_grant                     w18 [ pass ]    438
[ 78%] main.select_icp_mrr                      w31 [ pass ]  51058
[ 78%] main.shutdown                            w17 [ pass ]  25899
[ 78%] main.ctype_utf8mb4_uca                   w11 [ pass ]   1120
[ 78%] main.subquery_mat_all                    w14 [ pass ]   8246
[ 78%] main.tablelock                           w22 [ pass ]    512
[ 78%] main.mysql_wait                          w5  [ pass ]   5050
[ 78%] main.temptable_status_vars               w10 [ fail ]
        Test ended at 2026-10-05 15:56:02

CURRENT_TEST: main.temptable_status_vars
--- /home/satya/WORK/vector/vec-memory-i-s/mysql-test/r/temptable_status_vars.result	2026-10-05 14:22:29.697301855 +0300
+++ /home/satya/WORK/vector/vec-memory-i-s/bld/mysql-test/var/10/log/temptable_status_vars.reject	2026-10-05 18:56:01.009550952 +0300
@@ -87,7 +87,7 @@
 Variable_name	Value
 Created_tmp_tables	1
 Variable_name	Value
-Created_tmp_disk_tables	0
+Created_tmp_disk_tables	1
 Variable_name	Value
 Count_hit_tmp_table_size	0
 # TempTable_count_hit_max_ram is 7 because statements to show these

mysqltest: Result content mismatch


The result from queries just before the failure was:
SELECT @@SESSION.internal_tmp_mem_storage_engine;
@@SESSION.internal_tmp_mem_storage_engine
TempTable
SELECT @@SESSION.tmp_table_size;
@@SESSION.tmp_table_size
16777216
SELECT @@GLOBAL.temptable_max_mmap;
@@GLOBAL.temptable_max_mmap
0
#
# Test case#1 RAM limit spill over.
#
SET @@GLOBAL.temptable_max_ram=2*1024*1024;
CALL print_status_variables('global');
Variable_name	Value
Count_hit_tmp_table_size	0
Variable_name	Value
TempTable_count_hit_max_ram	0
# There must be a tmp table created on disk after the
# memory limit of TempTable engine was exhausted

connection con1;
FLUSH STATUS;

SELECT c1, COUNT(DISTINCT(c2)) FROM lob_table GROUP BY c1;
c1	COUNT(DISTINCT(c2))
1	1
2	1
3	1

CALL print_status_variables('session');
Variable_name	Value
Created_tmp_tables	1
Variable_name	Value
Created_tmp_disk_tables	1
Variable_name	Value
Count_hit_tmp_table_size	0
CALL print_status_variables('global');
Variable_name	Value
Count_hit_tmp_table_size	0
Variable_name	Value
TempTable_count_hit_max_ram	1

connection con2;
FLUSH STATUS;

SELECT c1, COUNT(DISTINCT(c2)) FROM lob_table GROUP BY c1;
c1	COUNT(DISTINCT(c2))
1	1
2	1
3	1

# Count of Created_tmp_disk_tables is not changed due to Bug#36845804
CALL print_status_variables('session');
Variable_name	Value
Created_tmp_tables	1
Variable_name	Value
Created_tmp_disk_tables	1
Variable_name	Value
Count_hit_tmp_table_size	0
# TempTable_count_hit_max_ram is 7 because statements to show these
# status variables also use temp tables. Engine already exceeded the
# memory limit exceeded when SELECT query executed in the first
# iterataion. This count is accumulation of the hits after that.
CALL print_status_variables('global');
Variable_name	Value
Count_hit_tmp_table_size	0
Variable_name	Value
TempTable_count_hit_max_ram	7

connection default;
CALL print_status_variables('global');
Variable_name	Value
Count_hit_tmp_table_size	0
Variable_name	Value
TempTable_count_hit_max_ram	7
SELECT VARIABLE_NAME, VARIABLE_VALUE
FROM performance_schema.global_status WHERE
VARIABLE_NAME = 'Count_hit_tmp_table_size' OR
VARIABLE_NAME = 'TempTable_count_hit_max_ram' ORDER BY VARIABLE_NAME;
VARIABLE_NAME	VARIABLE_VALUE
Count_hit_tmp_table_size	0
TempTable_count_hit_max_ram	7
SET @@GLOBAL.temptable_max_ram=default;

# Repeat the query again. Status variables count should not change
# from the previous run
connection con1;
FLUSH STATUS;

SELECT c1, COUNT(DISTINCT(c2)) FROM lob_table GROUP BY c1;
c1	COUNT(DISTINCT(c2))
1	1
2	1
3	1

CALL print_status_variables('session');
Variable_name	Value
Created_tmp_tables	1
Variable_name	Value
Created_tmp_disk_tables	0
Variable_name	Value
Count_hit_tmp_table_size	0

connection con2;
FLUSH STATUS;

SELECT c1, COUNT(DISTINCT(c2)) FROM lob_table GROUP BY c1;
c1	COUNT(DISTINCT(c2))
1	1
2	1
3	1

CALL print_status_variables('session');
Variable_name	Value
Created_tmp_tables	1
Variable_name	Value
Created_tmp_disk_tables	0
Variable_name	Value
Count_hit_tmp_table_size	0

connection default;
CALL print_status_variables('global');
Variable_name	Value
Count_hit_tmp_table_size	0
Variable_name	Value
TempTable_count_hit_max_ram	7

#
# Test case#2 RAM + MMAP limit spill over.
#
FLUSH STATUS;
SET @@GLOBAL.temptable_max_ram=2*1024*1024;
SET @@GLOBAL.temptable_max_mmap=2*1024*1024;
CALL print_status_variables('global');
Variable_name	Value
Count_hit_tmp_table_size	0
Variable_name	Value
TempTable_count_hit_max_ram	7
# There must be a tmp table created on disk in MMAP after the RAM limit
# of TempTable engine is exausted

connection con1;
FLUSH STATUS;

SELECT c1, COUNT(DISTINCT(c2)) FROM lob_table GROUP BY c1;
c1	COUNT(DISTINCT(c2))
1	1
2	1
3	1

CALL print_status_variables('session');
Variable_name	Value
Created_tmp_tables	1
Variable_name	Value
Created_tmp_disk_tables	1
Variable_name	Value
Count_hit_tmp_table_size	0
CALL print_status_variables('global');
Variable_name	Value
Count_hit_tmp_table_size	0
Variable_name	Value
TempTable_count_hit_max_ram	8

connection con2;
FLUSH STATUS;

SELECT c1, COUNT(DISTINCT(c2)) FROM lob_table GROUP BY c1;
c1	COUNT(DISTINCT(c2))
1	1
2	1
3	1

CALL print_status_variables('session');
Variable_name	Value
Created_tmp_tables	1
Variable_name	Value
Created_tmp_disk_tables	1
Variable_name	Value
Count_hit_tmp_table_size	0
CALL print_status_variables('global');
Variable_name	Value
Count_hit_tmp_table_size	0
Variable_name	Value
TempTable_count_hit_max_ram	9

connection default;
CALL print_status_variables('global');
Variable_name	Value
Count_hit_tmp_table_size	0
Variable_name	Value
TempTable_count_hit_max_ram	9
# Test cleanup
SET @@GLOBAL.temptable_max_ram=default
SET @@GLOBAL.temptable_max_mmap=default;

#
# Test case#3 tmp table size exceeds the tmp_table_size
#
SELECT @@internal_tmp_mem_storage_engine;
@@internal_tmp_mem_storage_engine
TempTable
CALL print_status_variables('global');
Variable_name	Value
Count_hit_tmp_table_size	0
Variable_name	Value
TempTable_count_hit_max_ram	9
# There must be a tmp table created on disk because TempTable
# engine found that table size exceeded the tmp_table_size

connection con1;
SET @@SESSION.tmp_table_size=2*1024;
Warnings:
Warning	48040	Tmp_table_size is set below 1MiB. The TEMPTABLE engine requires at least 1MiB table size, and will use that value instead. Please increase the limit to silence this warning.
SET @@GLOBAL.temptable_max_ram=default;
FLUSH STATUS;

SELECT c1, COUNT(DISTINCT(c2)) FROM lob_table GROUP BY c1;
c1	COUNT(DISTINCT(c2))
1	1
2	1
3	1

# Count of Created_tmp_disk_tables is not changed due to Bug#36845804
CALL print_status_variables('session');
Variable_name	Value
Created_tmp_tables	1
Variable_name	Value
Created_tmp_disk_tables	1
Variable_name	Value
Count_hit_tmp_table_size	1
CALL print_status_variables('global');
Variable_name	Value
Count_hit_tmp_table_size	1
Variable_name	Value
TempTable_count_hit_max_ram	9

connection con2;
SET @@SESSION.tmp_table_size=2*1024;
Warnings:
Warning	48040	Tmp_table_size is set below 1MiB. The TEMPTABLE engine requires at least 1MiB table size, and will use that value instead. Please increase the limit to silence this warning.
SET @@GLOBAL.temptable_max_ram=default;
FLUSH STATUS;

SELECT c1, COUNT(DISTINCT(c2)) FROM lob_table GROUP BY c1;
c1	COUNT(DISTINCT(c2))
1	1
2	1
3	1

# Count of Created_tmp_disk_tables is not changed due to Bug#36845804
CALL print_status_variables('session');
Variable_name	Value
Created_tmp_tables	1
Variable_name	Value
Created_tmp_disk_tables	1
Variable_name	Value
Count_hit_tmp_table_size	1
CALL print_status_variables('global');
Variable_name	Value
Count_hit_tmp_table_size	2
Variable_name	Value
TempTable_count_hit_max_ram	9

connection default;
CALL print_status_variables('global');
Variable_name	Value
Count_hit_tmp_table_size	2
Variable_name	Value
TempTable_count_hit_max_ram	9
SELECT VARIABLE_NAME, VARIABLE_VALUE
FROM performance_schema.global_status WHERE
VARIABLE_NAME = 'Count_hit_tmp_table_size' OR
VARIABLE_NAME = 'TempTable_count_hit_max_ram' ORDER BY VARIABLE_NAME;
VARIABLE_NAME	VARIABLE_VALUE
Count_hit_tmp_table_size	2
TempTable_count_hit_max_ram	9
# Test Cleanup
SET @@SESSION.tmp_table_size=default

#
# Test case#4 Table exceeds the tmp_table_size and memory limit both
#
SET @@SESSION.tmp_table_size=2*1024;
Warnings:
Warning	48040	Tmp_table_size is set below 1MiB. The TEMPTABLE engine requires at least 1MiB table size, and will use that value instead. Please increase the limit to silence this warning.
SET @@GLOBAL.temptable_max_ram=2*1024*1024;
CALL print_status_variables('global');
Variable_name	Value
Count_hit_tmp_table_size	2
Variable_name	Value
TempTable_count_hit_max_ram	9
FLUSH STATUS;

SELECT c1, COUNT(DISTINCT(c2)) FROM lob_table GROUP BY c1;
c1	COUNT(DISTINCT(c2))
1	1
2	1
3	1

# Should be no different than the previous case
# where table size exceeded the tmp_table_size

# Count of Created_tmp_disk_tables is not changed due to Bug#36845804
CALL print_status_variables('session');
Variable_name	Value
Created_tmp_tables	1
Variable_name	Value
Created_tmp_disk_tables	1
Variable_name	Value
Count_hit_tmp_table_size	0
SELECT VARIABLE_NAME, VARIABLE_VALUE
FROM performance_schema.session_status WHERE
VARIABLE_NAME LIKE 'Created_tmp%tables' OR
VARIABLE_NAME = 'Count_hit_tmp_table_size' ORDER BY VARIABLE_NAME;
VARIABLE_NAME	VARIABLE_VALUE
Count_hit_tmp_table_size	0
Created_tmp_disk_tables	1
Created_tmp_tables	1
CALL print_status_variables('global');
Variable_name	Value
Count_hit_tmp_table_size	2
Variable_name	Value
TempTable_count_hit_max_ram	10
# Test cleanup
SET @@SESSION.tmp_table_size=default
SET @@GLOBAL.temptable_max_ram=default;

#
# Test case#5 big_tables test
#
SET @@SESSION.big_tables=ON;
SELECT @@internal_tmp_mem_storage_engine;
@@internal_tmp_mem_storage_engine
TempTable
CALL print_status_variables('global');
Variable_name	Value
Count_hit_tmp_table_size	2
Variable_name	Value
TempTable_count_hit_max_ram	10
FLUSH STATUS;

SELECT c1, COUNT(DISTINCT(c2)) FROM lob_table GROUP BY c1;
c1	COUNT(DISTINCT(c2))
1	1
2	1
3	1

# Tables are created on the disk directly
CALL print_status_variables('session');
Variable_name	Value
Created_tmp_tables	1
Variable_name	Value
Created_tmp_disk_tables	1
Variable_name	Value
Count_hit_tmp_table_size	0
CALL print_status_variables('global');
Variable_name	Value
Count_hit_tmp_table_size	2
Variable_name	Value
TempTable_count_hit_max_ram	10

# Test cleanup
SET @@SESSION.big_tables=default;

##################################
# MEMORY engine related tests
##################################
SET @@SESSION.internal_tmp_mem_storage_engine=MEMORY;
SELECT @@internal_tmp_mem_storage_engine;
@@internal_tmp_mem_storage_engine
MEMORY

#
# Test case#6 RAM limit spill over.
#
SET @@SESSION.max_heap_table_size=2*1024*1024;
SELECT @@max_heap_table_size;
@@max_heap_table_size
2097152
CALL print_status_variables('global');
Variable_name	Value
Count_hit_tmp_table_size	2
Variable_name	Value
TempTable_count_hit_max_ram	10
FLUSH STATUS;

SELECT c1, COUNT(DISTINCT(c2)) FROM lob_table GROUP BY c1;
c1	COUNT(DISTINCT(c2))
1	1
2	1
3	1

# MEMORY engine doesn't support blob columns so
# it creates the temp table on disk directly
CALL print_status_variables('session');
Variable_name	Value
Created_tmp_tables	1
Variable_name	Value
Created_tmp_disk_tables	1
Variable_name	Value
Count_hit_tmp_table_size	0
CALL print_status_variables('global');
Variable_name	Value
Count_hit_tmp_table_size	2
Variable_name	Value
TempTable_count_hit_max_ram	10
# Let us try with a CTE this time
SET @@SESSION.max_heap_table_size=16384;
SET cte_max_recursion_depth=5000;
FLUSH STATUS;

WITH RECURSIVE cte (c) as
(SELECT 1 UNION ALL SELECT 1+c FROM cte WHERE c < 2000)
SELECT MIN(c), MAX(c), AVG(c) FROM cte;
MIN(c)	MAX(c)	AVG(c)
1	2000	1000.5000

# tmp table must be converted from in-memory to on-disk after the table
# size would have exceeded the max_table_size aka max_heap_table_size
# TempTable_count_hit_max_ram must remain unaffected
CALL print_status_variables('session');
Variable_name	Value
Created_tmp_tables	1
Variable_name	Value
Created_tmp_disk_tables	1
Variable_name	Value
Count_hit_tmp_table_size	1
SET @@SESSION.max_heap_table_size=default;

#
# Test case#7 table size exceeds tmp_table_size
#
SET @@SESSION.tmp_table_size=2*1024;
Warnings:
Warning	48040	Tmp_table_size is set below 1MiB. The TEMPTABLE engine requires at least 1MiB table size, and will use that value instead. Please increase the limit to silence this warning.
FLUSH STATUS;

WITH RECURSIVE cte (c) as
(SELECT 1 UNION ALL SELECT 1+c FROM cte WHERE c < 2000)
SELECT MIN(c), MAX(c), AVG(c) FROM cte;
MIN(c)	MAX(c)	AVG(c)
1	2000	1000.5000

# MEMORY engine calculates the max_rows to hold as
# min(tmp_table_size, max_heap_table_size). It fallsback to on-disk
# TempTable_count_hit_max_ram must remain unaffected.
CALL print_status_variables('session');
Variable_name	Value
Created_tmp_tables	1
Variable_name	Value
Created_tmp_disk_tables	0
Variable_name	Value
Count_hit_tmp_table_size	0
SELECT VARIABLE_NAME, VARIABLE_VALUE
FROM performance_schema.session_status WHERE
VARIABLE_NAME LIKE 'Created_tmp%tables' OR
VARIABLE_NAME = 'Count_hit_tmp_table_size' ORDER BY VARIABLE_NAME;
VARIABLE_NAME	VARIABLE_VALUE
Count_hit_tmp_table_size	0
Created_tmp_disk_tables	0
Created_tmp_tables	1

#
# Test case#8 big_table test
#
SET @@SESSION.big_tables=ON;
SELECT @@internal_tmp_mem_storage_engine;
@@internal_tmp_mem_storage_engine
MEMORY
SELECT @@max_heap_table_size;
@@max_heap_table_size
16777216
SELECT @@tmp_table_size;
@@tmp_table_size
1048576
FLUSH STATUS;

SELECT c1, COUNT(DISTINCT(c2)) FROM lob_table GROUP BY c1;
c1	COUNT(DISTINCT(c2))
1	1
2	1
3	1

# Tables are created on the disk directly
CALL print_status_variables('session');
Variable_name	Value
Created_tmp_tables	1
Variable_name	Value
Created_tmp_disk_tables	1
Variable_name	Value
Count_hit_tmp_table_size	0
# Test cleanup
SET @@SESSION.big_tables=default;
# Final cleanup
SET @@SESSION.internal_tmp_mem_storage_engine=default;
DROP TABLE lob_table;
DROP PROCEDURE print_status_variables;
disconnect con1;
disconnect con2;
safe_process[533103]: Child process: 533110, exit: 1



Server [mysqld.1 - pid: 533565, winpid: 533565] log: 
Server log from this test:
----------SERVER LOG START-----------
2026-10-05T15:55:55.059683Z 123 [System] [MY-013172] [Server] Received SHUTDOWN from user root. Shutting down mysqld (Version: 9.7.1-1-debug).
2026-10-05T15:55:55.060303Z 0 [Note] [MY-011245] [Server] Plugin mysqlx reported: 'Server::graceful_shutdown state=1'
2026-10-05T15:55:55.060385Z 0 [Note] [MY-011245] [Server] Plugin mysqlx reported: 'Socket_acceptors_task::post_loop'
2026-10-05T15:55:55.063226Z 0 [Note] [MY-015023] [Server] MySQL Server: Closing Connections - start.
2026-10-05T15:55:55.063372Z 0 [Note] [MY-010067] [Server] Giving 1 client threads a chance to die gracefully
2026-10-05T15:55:55.063402Z 0 [Note] [MY-010117] [Server] Shutting down replica threads
2026-10-05T15:55:55.063422Z 0 [Note] [MY-010054] [Server] Event Scheduler: Killing the scheduler thread, thread id 5
2026-10-05T15:55:55.063438Z 0 [Note] [MY-010050] [Server] Event Scheduler: Waiting for the scheduler thread to reply
2026-10-05T15:55:55.063625Z 0 [Note] [MY-010048] [Server] Event Scheduler: Stopped
2026-10-05T15:55:55.063645Z 0 [Note] [MY-010118] [Server] Forcefully disconnecting 0 remaining clients
2026-10-05T15:55:55.063665Z 0 [Note] [MY-010043] [Server] Event Scheduler: Purging the queue. 0 events
2026-10-05T15:55:55.063753Z 0 [Note] [MY-015024] [Server] MySQL Server: Closing Connections - end.
2026-10-05T15:55:55.064964Z 0 [Note] [MY-012330] [InnoDB] FTS optimize thread exiting.
2026-10-05T15:55:55.912046Z 0 [Note] [MY-010120] [Server] Binlog end
2026-10-05T15:55:55.921646Z 0 [Note] [MY-015019] [Server] MySQL Server: Plugins Shutdown - start.
2026-10-05T15:55:55.921677Z 0 [Note] [MY-010733] [Server] Shutting down plugin 'mysqlx'
2026-10-05T15:55:55.921861Z 0 [Note] [MY-011245] [Server] Plugin mysqlx reported: 'Scheduler "work" stopped.'
2026-10-05T15:55:55.921957Z 0 [Note] [MY-011245] [Server] Plugin mysqlx reported: 'Scheduler "network" stopped.'
2026-10-05T15:55:55.922323Z 0 [Note] [MY-010733] [Server] Shutting down plugin 'mysqlx_cache_cleaner'
2026-10-05T15:55:55.922345Z 0 [Note] [MY-010733] [Server] Shutting down plugin 'ngram'
2026-10-05T15:55:55.922351Z 0 [Note] [MY-010733] [Server] Shutting down plugin 'BLACKHOLE'
2026-10-05T15:55:55.922362Z 0 [Note] [MY-010733] [Server] Shutting down plugin 'ARCHIVE'
2026-10-05T15:55:55.922368Z 0 [Note] [MY-010733] [Server] Shutting down plugin 'TempTable'
2026-10-05T15:55:55.922378Z 0 [Note] [MY-010733] [Server] Shutting down plugin 'MRG_MYISAM'
2026-10-05T15:55:55.922385Z 0 [Note] [MY-010733] [Server] Shutting down plugin 'MyISAM'
2026-10-05T15:55:55.922399Z 0 [Note] [MY-010733] [Server] Shutting down plugin 'INNODB_VECTOR_INDEXES'
2026-10-05T15:55:55.922405Z 0 [Note] [MY-010733] [Server] Shutting down plugin 'INNODB_SESSION_TEMP_TABLESPACES'
2026-10-05T15:55:55.922411Z 0 [Note] [MY-010733] [Server] Shutting down plugin 'INNODB_CACHED_INDEXES'
2026-10-05T15:55:55.922417Z 0 [Note] [MY-010733] [Server] Shutting down plugin 'INNODB_VIRTUAL'
2026-10-05T15:55:55.922423Z 0 [Note] [MY-010733] [Server] Shutting down plugin 'INNODB_COLUMNS'
2026-10-05T15:55:55.922428Z 0 [Note] [MY-010733] [Server] Shutting down plugin 'INNODB_TABLESPACES'
2026-10-05T15:55:55.922434Z 0 [Note] [MY-010733] [Server] Shutting down plugin 'INNODB_INDEXES'
2026-10-05T15:55:55.922440Z 0 [Note] [MY-010733] [Server] Shutting down plugin 'INNODB_TABLESTATS'
2026-10-05T15:55:55.922446Z 0 [Note] [MY-010733] [Server] Shutting down plugin 'INNODB_TABLES'
2026-10-05T15:55:55.922451Z 0 [Note] [MY-010733] [Server] Shutting down plugin 'INNODB_FT_INDEX_TABLE'
2026-10-05T15:55:55.922456Z 0 [Note] [MY-010733] [Server] Shutting down plugin 'INNODB_FT_INDEX_CACHE'
2026-10-05T15:55:55.922462Z 0 [Note] [MY-010733] [Server] Shutting down plugin 'INNODB_FT_CONFIG'
2026-10-05T15:55:55.922467Z 0 [Note] [MY-010733] [Server] Shutting down plugin 'INNODB_FT_BEING_DELETED'
2026-10-05T15:55:55.922473Z 0 [Note] [MY-010733] [Server] Shutting down plugin 'INNODB_FT_DELETED'
2026-10-05T15:55:55.922478Z 0 [Note] [MY-010733] [Server] Shutting down plugin 'INNODB_FT_DEFAULT_STOPWORD'
2026-10-05T15:55:55.922484Z 0 [Note] [MY-010733] [Server] Shutting down plugin 'INNODB_METRICS'
2026-10-05T15:55:55.922489Z 0 [Note] [MY-010733] [Server] Shutting down plugin 'INNODB_TEMP_TABLE_INFO'
2026-10-05T15:55:55.922494Z 0 [Note] [MY-010733] [Server] Shutting down plugin 'INNODB_BUFFER_POOL_STATS'
2026-10-05T15:55:55.922502Z 0 [Note] [MY-010733] [Server] Shutting down plugin 'INNODB_BUFFER_PAGE_LRU'
2026-10-05T15:55:55.922508Z 0 [Note] [MY-010733] [Server] Shutting down plugin 'INNODB_BUFFER_PAGE'
2026-10-05T15:55:55.922513Z 0 [Note] [MY-010733] [Server] Shutting down plugin 'INNODB_CMP_PER_INDEX_RESET'
2026-10-05T15:55:55.922518Z 0 [Note] [MY-010733] [Server] Shutting down plugin 'INNODB_CMP_PER_INDEX'
2026-10-05T15:55:55.922525Z 0 [Note] [MY-010733] [Server] Shutting down plugin 'INNODB_CMPMEM_RESET'
2026-10-05T15:55:55.922530Z 0 [Note] [MY-010733] [Server] Shutting down plugin 'INNODB_CMPMEM'
2026-10-05T15:55:55.922535Z 0 [Note] [MY-010733] [Server] Shutting down plugin 'INNODB_CMP_RESET'
2026-10-05T15:55:55.922541Z 0 [Note] [MY-010733] [Server] Shutting down plugin 'INNODB_CMP'
2026-10-05T15:55:55.922546Z 0 [Note] [MY-010733] [Server] Shutting down plugin 'INNODB_TRX'
2026-10-05T15:55:55.922552Z 0 [Note] [MY-010733] [Server] Shutting down plugin 'MEMORY'
2026-10-05T15:55:55.922559Z 0 [Note] [MY-010733] [Server] Shutting down plugin 'CSV'
2026-10-05T15:55:55.922567Z 0 [Note] [MY-010733] [Server] Shutting down plugin 'PERFORMANCE_SCHEMA'
2026-10-05T15:55:55.922633Z 0 [Note] [MY-010733] [Server] Shutting down plugin 'daemon_keyring_proxy_plugin'
2026-10-05T15:55:55.922687Z 0 [Note] [MY-010733] [Server] Shutting down plugin 'caching_sha2_password'
2026-10-05T15:55:55.922715Z 0 [Note] [MY-010733] [Server] Shutting down plugin 'sha256_password'
2026-10-05T15:55:55.922838Z 0 [Note] [MY-010733] [Server] Shutting down plugin 'binlog'
2026-10-05T15:55:55.922850Z 0 [Note] [MY-010733] [Server] Shutting down plugin 'InnoDB'
2026-10-05T15:55:55.922931Z 0 [Note] [MY-013072] [InnoDB] Starting shutdown...
2026-10-05T15:55:55.923391Z 0 [Note] [MY-011944] [InnoDB] Dumping buffer pool(s) to /home/satya/WORK/vector/vec-memory-i-s/bld/mysql-test/var/10/mysqld.1/data/ib_buffer_pool
2026-10-05T15:55:55.923675Z 0 [Note] [MY-011944] [InnoDB] Buffer pool(s) dump completed at 261005 18:55:55
2026-10-05T15:55:55.946396Z 0 [Note] [MY-013084] [InnoDB] Log background threads are being closed...
2026-10-05T15:55:56.494910Z 0 [Note] [MY-013854] [InnoDB] Bytes written to disk by DBLWR (ON): 737787904
2026-10-05T15:55:56.495718Z 0 [Note] [MY-012980] [InnoDB] Shutdown completed; log sequence number 47995162
2026-10-05T15:55:56.495850Z 0 [Note] [MY-012255] [InnoDB] Removed temporary tablespace data file: "ibtmp1"
2026-10-05T15:55:56.496180Z 0 [Note] [MY-015020] [Server] MySQL Server: Plugins Shutdown - end.
2026-10-05T15:55:56.498098Z 0 [Note] [MY-010037] [Server] Debug sync points hit:                                  4354856
2026-10-05T15:55:56.498130Z 0 [Note] [MY-010038] [Server] Debug sync points executed:                                  33
2026-10-05T15:55:56.498140Z 0 [Note] [MY-010039] [Server] Debug sync points max active per thread:                      2
2026-10-05T15:55:56.498361Z 0 [Note] [MY-015021] [Server] MySQL Server: Components Shutdown - start.
2026-10-05T15:55:56.499320Z 0 [Note] [MY-015022] [Server] MySQL Server: Components Shutdown - end (with return value = 0).
2026-10-05T15:55:56.499484Z 0 [System] [MY-010910] [Server] /home/satya/WORK/vector/vec-memory-i-s/bld/runtime_output_directory/mysqld: Shutdown complete (mysqld 9.7.1-1-debug)  Source distribution.
2026-10-05T15:55:56.499499Z 0 [System] [MY-015016] [Server] MySQL Server - end.
2026-10-05T15:55:57.398435Z 0 [Note] [MY-013667] [Server] Error-log destination "stderr" is not a file. Can not restore error log messages from previous run.
2026-10-05T15:55:57.209196Z 0 [System] [MY-015015] [Server] MySQL Server - start.
2026-10-05T15:55:57.393534Z 0 [Warning] [MY-013711] [Server] Manifest file '/home/satya/WORK/vector/vec-memory-i-s/bld/runtime_output_directory/mysqld.my' is not read-only. For better security, please make sure that the file is read-only.
2026-10-05T15:55:57.395040Z 0 [Warning] [MY-010099] [Server] Insecure configuration for --secure-file-priv: Data directory is accessible through --secure-file-priv. Consider choosing a different directory.
2026-10-05T15:55:57.395050Z 0 [Warning] [MY-010101] [Server] Insecure configuration for --secure-file-priv: Location is accessible to all OS users. Consider choosing a different directory.
2026-10-05T15:55:57.395059Z 0 [Warning] [MY-010097] [Server] Insecure configuration for --secure-log-path: Current value does not restrict location of generated files. Consider setting it to a valid, non-empty path.
2026-10-05T15:55:57.395188Z 0 [Warning] [MY-015655] [Server] Server ignores the discovered container restrictions as --container_aware is OFF
2026-10-05T15:55:57.395211Z 0 [Note] [MY-013932] [Server] BuildID[sha1]=6dc1b49b2f628e4eb1ae5c3f1496a940459208fb
2026-10-05T15:55:57.395219Z 0 [Note] [MY-010949] [Server] Basedir set to /home/satya/WORK/vector/vec-memory-i-s/bld/.
2026-10-05T15:55:57.395232Z 0 [System] [MY-010116] [Server] /home/satya/WORK/vector/vec-memory-i-s/bld/runtime_output_directory/mysqld (mysqld 9.7.1-1-debug) starting as process 533566
2026-10-05T15:55:57.395242Z 0 [System] [MY-015603] [Server] MySQL Server has access to 96 logical CPUs.
2026-10-05T15:55:57.395255Z 0 [System] [MY-015603] [Server] MySQL Server has access to 535796215808 bytes of physical memory.
2026-10-05T15:55:57.398567Z 0 [Note] [MY-048400] [Server] For VECTOR_DISTANCE using  hardware accelerated AVX-512F (dimensions >= 16) and SSE4.2 (dimensions < 16).
2026-10-05T15:55:57.402488Z 0 [Note] [MY-012366] [InnoDB] Using Linux native AIO
2026-10-05T15:55:57.402577Z 0 [Note] [MY-015140] [InnoDB] Using innodb_flush_method=O_DIRECT
2026-10-05T15:55:57.403277Z 0 [Note] [MY-010747] [Server] Plugin 'FEDERATED' is disabled.
2026-10-05T15:55:57.407672Z 1 [System] [MY-013576] [InnoDB] InnoDB initialization has started.
2026-10-05T15:55:57.407726Z 1 [Note] [MY-013546] [InnoDB] Atomic write enabled
2026-10-05T15:55:57.407757Z 1 [Note] [MY-012932] [InnoDB] PUNCH HOLE support available
2026-10-05T15:55:57.407769Z 1 [Note] [MY-012937] [InnoDB] !!!!!!!! UNIV_DEBUG switched on !!!!!!!!!
2026-10-05T15:55:57.407777Z 1 [Note] [MY-012944] [InnoDB] Uses event mutexes
2026-10-05T15:55:57.407783Z 1 [Note] [MY-012945] [InnoDB] GCC builtin __atomic_thread_fence() is used for memory barrier
2026-10-05T15:55:57.407791Z 1 [Note] [MY-012948] [InnoDB] Compressed tables use zlib 1.3.2
2026-10-05T15:55:57.410989Z 1 [Note] [MY-012951] [InnoDB] Using hardware accelerated crc32 and polynomial multiplication.
2026-10-05T15:55:57.411428Z 1 [Note] [MY-012203] [InnoDB] Directories to scan './'
2026-10-05T15:55:57.411461Z 1 [Note] [MY-012204] [InnoDB] Scanning './'
2026-10-05T15:55:57.413635Z 1 [Note] [MY-012208] [InnoDB] Completed space ID check of 8 files.
2026-10-05T15:55:57.415913Z 1 [Note] [MY-012955] [InnoDB] Initializing buffer pool, total size = 24.000000M, instances = 1, chunk size =24.000000M 
2026-10-05T15:55:57.415939Z 1 [Note] [MY-011872] [InnoDB] Setting NUMA memory policy to MPOL_INTERLEAVE
get_mempolicy: Operation not permitted
get_mempolicy: Operation not permitted
2026-10-05T15:55:57.462047Z 1 [Note] [MY-011874] [InnoDB] Setting NUMA memory policy to MPOL_DEFAULT
2026-10-05T15:55:57.462091Z 1 [Note] [MY-012957] [InnoDB] Completed initialization of buffer pool
2026-10-05T15:55:57.467761Z 0 [Note] [MY-011952] [InnoDB] If the mysqld execution user is authorized, page cleaner and LRU manager thread priority can be changed. See the man page of setpriority().
2026-10-05T15:55:57.468048Z 1 [Note] [MY-013532] [InnoDB] Using './#ib_16384_0.dblwr' for doublewrite
2026-10-05T15:55:57.471539Z 1 [Note] [MY-013532] [InnoDB] Using './#ib_16384_1.dblwr' for doublewrite
2026-10-05T15:55:57.481337Z 1 [Note] [MY-013566] [InnoDB] Double write buffer files: 2, --innodb-doublewrite-files=2, segments_per_file=2
2026-10-05T15:55:57.481369Z 1 [Note] [MY-013565] [InnoDB] Double write buffer pages per instance: 128
2026-10-05T15:55:57.481396Z 1 [Note] [MY-013532] [InnoDB] Using './#ib_16384_0.dblwr' for doublewrite
2026-10-05T15:55:57.481412Z 1 [Note] [MY-013532] [InnoDB] Using './#ib_16384_1.dblwr' for doublewrite
2026-10-05T15:55:57.762642Z 1 [Note] [MY-013883] [InnoDB] The latest found checkpoint is at lsn = 47995162 in redo log file ./#innodb_redo/#ib_redo147.
2026-10-05T15:55:57.762720Z 1 [Note] [MY-013086] [InnoDB] Starting to parse redo log at lsn = 47994898, whereas checkpoint_lsn = 47995162 and start_lsn = 47994880
2026-10-05T15:55:57.762822Z 1 [Note] [MY-012532] [InnoDB] Applying a batch of 0 redo log records ...
2026-10-05T15:55:57.762887Z 1 [Note] [MY-012535] [InnoDB] Apply batch completed!
2026-10-05T15:55:57.772920Z 1 [Note] [MY-013083] [InnoDB] Log background threads are being started...
2026-10-05T15:55:57.774115Z 1 [Note] [MY-013252] [InnoDB] Using undo tablespace './undo_001'.
2026-10-05T15:55:57.774420Z 1 [Note] [MY-013252] [InnoDB] Using undo tablespace './undo_002'.
2026-10-05T15:55:57.774825Z 1 [Note] [MY-012910] [InnoDB] Opened 2 existing undo tablespaces.
2026-10-05T15:55:57.774877Z 1 [Note] [MY-011980] [InnoDB] GTID recovery trx_no: 29629
2026-10-05T15:55:57.861155Z 1 [Note] [MY-013776] [InnoDB] Parallel initialization of rseg complete
2026-10-05T15:55:57.861195Z 1 [Note] [MY-013777] [InnoDB] Time taken to initialize rseg using 4 thread: 86 ms.
2026-10-05T15:55:57.861408Z 1 [Note] [MY-012923] [InnoDB] Creating shared tablespace for temporary tables
2026-10-05T15:55:57.861530Z 1 [Note] [MY-012265] [InnoDB] Setting file './ibtmp1' size to 12 MB. Physically writing the file full; Please wait ...
2026-10-05T15:55:57.863489Z 1 [Note] [MY-012266] [InnoDB] File './ibtmp1' size is now 12 MB.
2026-10-05T15:55:57.863662Z 1 [Note] [MY-013627] [InnoDB] Scanning temp tablespace dir:'./#innodb_temp/'
2026-10-05T15:55:57.889821Z 1 [Note] [MY-013018] [InnoDB] Created 128 and tracked 128 new rollback segment(s) in the temporary tablespace. 128 are now active.
2026-10-05T15:55:57.890358Z 1 [Note] [MY-012976] [InnoDB] Percona XtraDB (http://www.percona.com) 9.7.1-1 started; log sequence number 47995172
2026-10-05T15:55:57.890954Z 1 [System] [MY-013577] [InnoDB] InnoDB initialization has ended.
2026-10-05T15:55:57.909629Z 1 [Note] [MY-011089] [Server] Data dictionary restarting version '90200'.
2026-10-05T15:55:58.439462Z 1 [Note] [MY-012357] [InnoDB] Reading DD tablespace files
2026-10-05T15:55:58.444357Z 1 [Note] [MY-012356] [InnoDB] Scanned 10 tablespaces. Validated 10.
2026-10-05T15:55:58.545303Z 1 [Note] [MY-010006] [Server] Using data dictionary with version '90200'.
2026-10-05T15:55:58.568318Z 0 [Note] [MY-011245] [Server] Plugin mysqlx reported: 'Scheduler 'work', set number of threads to 2'
2026-10-05T15:55:58.568394Z 0 [Note] [MY-011245] [Server] Plugin mysqlx reported: 'Scheduler 'work', create threads'
2026-10-05T15:55:58.568453Z 0 [Note] [MY-011245] [Server] Plugin mysqlx reported: 'Scheduler 'work', create threads'
2026-10-05T15:55:58.568480Z 0 [Note] [MY-011245] [Server] Plugin mysqlx reported: 'Scheduler "work" started.'
2026-10-05T15:55:58.568489Z 0 [Note] [MY-011245] [Server] Plugin mysqlx reported: 'Scheduler 'network', create threads'
2026-10-05T15:55:58.568515Z 0 [Note] [MY-011245] [Server] Plugin mysqlx reported: 'Scheduler "network" started.'
2026-10-05T15:55:58.568561Z 0 [Note] [MY-011245] [Server] Plugin mysqlx reported: 'TCP Sockets address is '*' and port is 13290'
2026-10-05T15:55:58.568643Z 0 [Note] [MY-011332] [Server] Plugin mysqlx reported: 'IPv6 is available'
2026-10-05T15:55:58.568701Z 0 [Note] [MY-011245] [Server] Plugin mysqlx reported: 'UNIX Socket is /home/satya/WORK/vector/vec-memory-i-s/bld/mysql-test/var/tmp/10/mysqlx.1.sock'
2026-10-05T15:55:58.568972Z 0 [Note] [MY-011323] [Server] Plugin mysqlx reported: 'X Plugin ready for connections. bind-address: '::' port: 13290'
2026-10-05T15:55:58.568993Z 0 [Note] [MY-011323] [Server] Plugin mysqlx reported: 'X Plugin ready for connections. socket: '/home/satya/WORK/vector/vec-memory-i-s/bld/mysql-test/var/tmp/10/mysqlx.1.sock''
2026-10-05T15:55:58.725187Z 0 [Note] [MY-010902] [Server] Thread priority attribute setting in Resource Group SQL shall be ignored due to unsupported platform or insufficient privilege.
2026-10-05T15:55:58.731120Z 0 [Note] [MY-010856] [Server] Failed to open the crashed binlog file when source server is recovering it.
2026-10-05T15:55:58.736673Z 0 [Note] [MY-013911] [Server] Crash recovery finished in binlog engine. No attempts to commit, rollback or prepare any transactions.
2026-10-05T15:55:58.736690Z 0 [Note] [MY-013911] [Server] Crash recovery finished in InnoDB engine. No attempts to commit, rollback or prepare any transactions.
2026-10-05T15:55:58.741764Z 0 [Note] [MY-012487] [InnoDB] DDL log recovery : begin
2026-10-05T15:55:58.742017Z 0 [Note] [MY-012488] [InnoDB] DDL log recovery : end
2026-10-05T15:55:58.742242Z 0 [Note] [MY-011946] [InnoDB] Loading buffer pool(s) from /home/satya/WORK/vector/vec-memory-i-s/bld/mysql-test/var/10/mysqld.1/data/ib_buffer_pool
2026-10-05T15:55:58.763705Z 0 [Note] [MY-011946] [InnoDB] Buffer pool(s) load completed at 261005 18:55:58
2026-10-05T15:55:58.837651Z 0 [Note] [MY-010303] [Server] Skipping generation of SSL certificates as options related to SSL are specified.
2026-10-05T15:55:58.839474Z 0 [Warning] [MY-010068] [Server] CA certificate /home/satya/WORK/vector/vec-memory-i-s/mysql-test/std_data/cacert.pem is self signed.
2026-10-05T15:55:58.839504Z 0 [System] [MY-013602] [Server] Channel mysql_main configured to support TLS. Encrypted connections are now supported for this channel.
2026-10-05T15:55:58.839515Z 0 [Note] [MY-010310] [Server] Skipping generation of RSA key pair as --sha256_password_auto_generate_rsa_keys is set to OFF.
2026-10-05T15:55:58.839523Z 0 [Note] [MY-010310] [Server] Skipping generation of RSA key pair as --caching_sha2_password_auto_generate_rsa_keys is set to OFF.
2026-10-05T15:55:58.840053Z 0 [Note] [MY-010252] [Server] Server hostname (bind-address): '*'; port: 13270
2026-10-05T15:55:58.840090Z 0 [Note] [MY-010253] [Server] IPv6 is available.
2026-10-05T15:55:58.840098Z 0 [Note] [MY-010264] [Server]   - '::' resolves to '::';
2026-10-05T15:55:58.840109Z 0 [Note] [MY-010251] [Server] Server socket created on IP: '::'.
2026-10-05T15:55:58.849983Z 0 [Warning] [MY-000067] [Server] unknown variable 'loose-mysqlx-ssl=DISABLED'.
2026-10-05T15:55:58.940604Z 0 [Note] [MY-011025] [Repl] Failed to start replica threads for channel ''.
2026-10-05T15:55:58.950431Z 5 [Note] [MY-010051] [Server] Event Scheduler: scheduler thread started with id 5
2026-10-05T15:55:58.950724Z 0 [Note] [MY-011240] [Server] Plugin mysqlx reported: 'Using SSL configuration from MySQL Server'
2026-10-05T15:55:58.951337Z 0 [Note] [MY-011243] [Server] Plugin mysqlx reported: 'Using OpenSSL for TLS connections'
2026-10-05T15:55:58.951366Z 0 [Note] [MY-011245] [Server] Plugin mysqlx reported: 'Scheduler 'network', post task'
2026-10-05T15:55:58.951375Z 0 [Note] [MY-011245] [Server] Plugin mysqlx reported: 'Scheduler 'network', create threads'
2026-10-05T15:55:58.951426Z 0 [Note] [MY-011245] [Server] Plugin mysqlx reported: 'Scheduler 'network', post task'
2026-10-05T15:55:58.951431Z 0 [Note] [MY-011245] [Server] Plugin mysqlx reported: 'Scheduler 'network', create threads'
2026-10-05T15:55:58.951480Z 0 [Note] [MY-011245] [Server] Plugin mysqlx reported: 'Socket_acceptors_task::pre_loop'
2026-10-05T15:55:58.951521Z 0 [System] [MY-011323] [Server] X Plugin ready for connections. Bind-address: '::' port: 13290, socket: /home/satya/WORK/vector/vec-memory-i-s/bld/mysql-test/var/tmp/10/mysqlx.1.sock
2026-10-05T15:55:58.951679Z 0 [System] [MY-010931] [Server] /home/satya/WORK/vector/vec-memory-i-s/bld/runtime_output_directory/mysqld: ready for connections. Version: '9.7.1-1-debug'  socket: '/home/satya/WORK/vector/vec-memory-i-s/bld/mysql-test/var/tmp/10/mysqld.1.sock'  port: 13270  Source distribution.
----------SERVER LOG END-------------


 - the logfile can be found in '/home/satya/WORK/vector/vec-memory-i-s/bld/mysql-test/var/log/main.temptable_status_vars/temptable_status_vars.log'

[ 78%] main.time_zone_with_dst                  w18 [ pass ]    427
[ 78%] main.compare                             w28 [ pass ]    713
[ 78%] main.mysql_win32_system                  w5  [ skipped ]  Need windows
[ 79%] main.tablesample                         w22 [ pass ]     20
[ 79%] main.current_authid_in_functions         w11 [ pass ]    133
[ 79%] main.time_zone                           w4  [ skipped ]  Test requires 'have_met_timezone'
[ 79%] main.foreign_key_debug_myisam            w24 [ pass ]   2353
[ 79%] main.myisam_icp_none                     w8  [ pass ]   1945
[ 79%] main.timestamps_in_priv_tables           w18 [ pass ]    653
[ 79%] main.insert                              w21 [ pass ]  20926
[ 79%] main.foreign_key_fkc                     w24 [ pass ]    160
[ 79%] main.ctype_binary                        w27 [ pass ]  15529
[ 79%] main.order_by_limit                      w32 [ pass ]  10964
[ 79%] main.temptable                           w20 [ pass ]   4248
[ 79%] main.temptable_256_fields                w20 [ pass ]     64
[ 79%] main.mysqladmin                          w5  [ pass ]   2236
[ 79%] main.myisam_mrr                          w8  [ pass ]   1438
[ 79%] main.temptable_tests_injection           w10 [ pass ]     92
[ 80%] main.subquery_mat_mixed_types            w14 [ pass ]   3425
[ 80%] main.ctype_collate                       w27 [ pass ]   1330
[ 80%] main.thread_cache_size                   w10 [ pass ]     46
[ 80%] main.trigger-compat-debug                w17 [ pass ]   4335
[ 80%] main.insert_select                       w21 [ pass ]   2601
[ 80%] main.temptable_basic                     w20 [ pass ]   1159
[ 80%] main.ssl_dynamic_persisted               w1  [ pass ]   9397
[ 80%] main.myisam_mrr_all                      w8  [ pass ]   1473
[ 80%] main.ctype_cp1250_ch                     w27 [ pass ]    993
[ 80%] main.join_nested_bka                     w9  [ pass ]   7179
[ 80%] main.status2                             w1  [ pass ]    575
[ 80%] main.time_zone2                          w4  [ pass ]    958
[ 80%] main.status_bug17954                     w1  [ pass ]     35
[ 80%] main.myisam_mrr_cost                     w8  [ pass ]   1618
[ 80%] main.trigger-trans                       w17 [ pass ]   3119
[ 81%] main.time_truncate_fractional            w10 [ pass ]   3862
[ 81%] main.type_binary                         w1  [ pass ]   1284
[ 81%] main.trigger_multiple                    w20 [ fail ]
        Test ended at 2026-10-05 15:56:12

CURRENT_TEST: main.trigger_multiple
Warning: A partial dump from a server that has GTIDs will by default include the GTIDs of all transactions, even those that changed suppressed parts of the database. If you don't want to restore GTIDs, pass --set-gtid-purged=OFF. To make a complete dump, pass --all-databases --triggers --routines --events. 
Warning: A partial dump from a server that has GTIDs will by default include the GTIDs of all transactions, even those that changed suppressed parts of the database. If you don't want to restore GTIDs, pass --set-gtid-purged=OFF. To make a complete dump, pass --all-databases --triggers --routines --events. 
Warning: A partial dump from a server that has GTIDs will by default include the GTIDs of all transactions, even those that changed suppressed parts of the database. If you don't want to restore GTIDs, pass --set-gtid-purged=OFF. To make a complete dump, pass --all-databases --triggers --routines --events. 
--- /home/satya/WORK/vector/vec-memory-i-s/mysql-test/r/trigger_multiple.result	2026-10-05 14:22:29.699301860 +0300
+++ /home/satya/WORK/vector/vec-memory-i-s/bld/mysql-test/var/20/log/trigger_multiple.reject	2026-10-05 18:56:10.660867304 +0300
@@ -341,7 +341,8 @@
 CREATE TRIGGER tr1_bu BEFORE UPDATE ON t1 FOR EACH ROW SET @a:=3;
 SET @MYSQLDUMP_TEMP_LOG_BIN = @@SESSION.SQL_LOG_BIN;
 SET @@SESSION.SQL_LOG_BIN= 0;
-SET @@GLOBAL.GTID_PURGED=/*!80000 '+'*/ 'GTID_SET';
+SET @@GLOBAL.GTID_PURGED=/*!80000 '+'*/ 'aaaaaaaa-bbbb-cccc-dddd-eeeeeeeeeeee:1,
+e871ae4a-c0d4-11f1-bf71-fea0814f1a12:1-3663';
 /*!40101 SET @saved_cs_client     = @@character_set_client */;
 /*!50503 SET character_set_client = utf8mb4 */;
 CREATE TABLE `t1` (
@@ -407,7 +408,8 @@
 # Expected order of triggers in the dump is: tr0_bi, tr1_bi, tr1_1_bi, tr2_i.
 SET @MYSQLDUMP_TEMP_LOG_BIN = @@SESSION.SQL_LOG_BIN;
 SET @@SESSION.SQL_LOG_BIN= 0;
-SET @@GLOBAL.GTID_PURGED=/*!80000 '+'*/ 'GTID_SET';
+SET @@GLOBAL.GTID_PURGED=/*!80000 '+'*/ 'aaaaaaaa-bbbb-cccc-dddd-eeeeeeeeeeee:1,
+e871ae4a-c0d4-11f1-bf71-fea0814f1a12:1-3669';
 /*!40101 SET @saved_cs_client     = @@character_set_client */;
 /*!50503 SET character_set_client = utf8mb4 */;
 CREATE TABLE `t1` (
@@ -489,7 +491,8 @@
 <mysqldump xmlns:xsi="http://www.w3.org/2001/XMLSchema-instance">
 SET @MYSQLDUMP_TEMP_LOG_BIN = @@SESSION.SQL_LOG_BIN;
 SET @@SESSION.SQL_LOG_BIN= 0;
-SET @@GLOBAL.GTID_PURGED=/*!80000 '+'*/ 'GTID_SET';
+SET @@GLOBAL.GTID_PURGED=/*!80000 '+'*/ 'aaaaaaaa-bbbb-cccc-dddd-eeeeeeeeeeee:1,
+e871ae4a-c0d4-11f1-bf71-fea0814f1a12:1-3674';
 <database name="test">
 	<table_data name="t1">
 	</table_data>

mysqltest: Result content mismatch


The result from queries just before the failure was:
1	1
101	2
DROP TABLE t2;
DROP TABLE t1;
#
# Test 2.
# Check that the sequence of triggers for the same combination 
# of event type/action type can be created for a table
# and is fired consequently in the order of its creation
# during statement execution.
# In this test we check AFTER triggers.
# 
CREATE TABLE t1 (a INT);
CREATE TABLE t2 (a INT, b INT AUTO_INCREMENT PRIMARY KEY);
CREATE TRIGGER tr1_bi AFTER INSERT ON t1 FOR EACH ROW INSERT INTO t2 (a) VALUES (NEW.a);
CREATE TRIGGER tr2_bi AFTER INSERT ON t1 FOR EACH ROW INSERT INTO t2 (a) VALUES (NEW.a + 100);
INSERT INTO t1 VALUES (1);
SELECT * FROM t2 ORDER BY b;
a	b
1	1
101	2
DROP TABLE t2;
DROP TABLE t1;
#
# Test 3.
# Check that the sequences of triggers for the different event types
# can be created for a table and are fired consequently
# in the order of its creation during statement execution.
#
CREATE TABLE t1 (a INT);
CREATE TABLE t2 (a INT, b INT AUTO_INCREMENT PRIMARY KEY);
CREATE TRIGGER tr1_bi BEFORE INSERT ON t1 FOR EACH ROW INSERT INTO t2 (a) VALUES (NEW.a);
CREATE TRIGGER tr2_bi BEFORE INSERT ON t1 FOR EACH ROW INSERT INTO t2 (a) VALUES (NEW.a + 100);
CREATE TRIGGER tr1_bu BEFORE UPDATE ON t1 FOR EACH ROW INSERT INTO t2 (a) VALUES (NEW.a);
CREATE TRIGGER tr2_bu BEFORE UPDATE ON t1 FOR EACH ROW INSERT INTO t2 (a) VALUES (NEW.a + 300);
INSERT INTO t1 VALUES (1);
SELECT * FROM t2 ORDER BY b;
a	b
1	1
101	2
UPDATE t1 SET a = 5;
SELECT * FROM t2 ORDER BY b;
a	b
1	1
101	2
5	3
305	4
DROP TABLE t2;
DROP TABLE t1;
#
# Test 4.
# Check that every new created trigger has unique action_order value
# started from 1 and NOT NULL value for creation timestamp.
#
CREATE TABLE t1 (a INT);
SET TIMESTAMP=UNIX_TIMESTAMP('2013-01-31 09:00:00');
CREATE TRIGGER tr1_bi BEFORE INSERT ON t1 FOR EACH ROW SET @a:=1;
SET TIMESTAMP=UNIX_TIMESTAMP('2013-01-31 09:00:01');
CREATE TRIGGER tr2_bi BEFORE INSERT ON t1 FOR EACH ROW SET @a:=2;
SELECT trigger_name, created, action_order FROM information_schema.triggers
WHERE trigger_schema='test'
  ORDER BY trigger_name, action_order;
TRIGGER_NAME	CREATED	ACTION_ORDER
tr1_bi	2013-01-31 09:00:00.00	1
tr2_bi	2013-01-31 09:00:01.00	2
DROP TABLE t1;
SET TIMESTAMP=DEFAULT;
#
# Test 5.
# Check that action_order attribute isn't shown 
# in the output of SHOW TRIGGERS and SHOW CREATE TRIGGER
#
CREATE TABLE t1 (a INT);
CREATE TRIGGER tr1_bi BEFORE INSERT ON t1 FOR EACH ROW SET @a:=1;
SHOW TRIGGERS;
Trigger	Event	Table	Statement	Timing	Created	sql_mode	Definer	character_set_client	collation_connection	Database Collation
tr1_bi	INSERT	t1	SET @a:=1	BEFORE	#	ONLY_FULL_GROUP_BY,STRICT_TRANS_TABLES,NO_ZERO_IN_DATE,NO_ZERO_DATE,ERROR_FOR_DIVISION_BY_ZERO,NO_ENGINE_SUBSTITUTION	root@localhost	utf8mb4	utf8mb4_0900_ai_ci	utf8mb4_0900_ai_ci
SELECT * FROM INFORMATION_SCHEMA.TRIGGERS
WHERE trigger_schema='test'
  ORDER BY trigger_name, action_order;
TRIGGER_CATALOG	TRIGGER_SCHEMA	TRIGGER_NAME	EVENT_MANIPULATION	EVENT_OBJECT_CATALOG	EVENT_OBJECT_SCHEMA	EVENT_OBJECT_TABLE	ACTION_ORDER	ACTION_CONDITION	ACTION_STATEMENT	ACTION_ORIENTATION	ACTION_TIMING	ACTION_REFERENCE_OLD_TABLE	ACTION_REFERENCE_NEW_TABLE	ACTION_REFERENCE_OLD_ROW	ACTION_REFERENCE_NEW_ROW	CREATED	SQL_MODE	DEFINER	CHARACTER_SET_CLIENT	COLLATION_CONNECTION	DATABASE_COLLATION
def	test	tr1_bi	INSERT	def	test	t1	1	NULL	SET @a:=1	ROW	BEFORE	NULL	NULL	OLD	NEW	#	ONLY_FULL_GROUP_BY,STRICT_TRANS_TABLES,NO_ZERO_IN_DATE,NO_ZERO_DATE,ERROR_FOR_DIVISION_BY_ZERO,NO_ENGINE_SUBSTITUTION	root@localhost	utf8mb4	utf8mb4_0900_ai_ci	utf8mb4_0900_ai_ci
SHOW CREATE TRIGGER tr1_bi;
Trigger	sql_mode	SQL Original Statement	character_set_client	collation_connection	Database Collation	Created
tr1_bi	ONLY_FULL_GROUP_BY,STRICT_TRANS_TABLES,NO_ZERO_IN_DATE,NO_ZERO_DATE,ERROR_FOR_DIVISION_BY_ZERO,NO_ENGINE_SUBSTITUTION	CREATE DEFINER=`root`@`localhost` TRIGGER `tr1_bi` BEFORE INSERT ON `t1` FOR EACH ROW SET @a:=1	utf8mb4	utf8mb4_0900_ai_ci	utf8mb4_0900_ai_ci	#
DROP TABLE t1;
#
# Test 6.
# Check that action_order attribute is reused when trigger 
# are recreated.
#
CREATE TABLE t1 (a INT);
CREATE TRIGGER tr1_bi BEFORE INSERT ON t1 FOR EACH ROW SET @a:=1;
SELECT trigger_name, action_order FROM information_schema.triggers
WHERE trigger_schema='test'
  ORDER BY trigger_name, action_order;
TRIGGER_NAME	ACTION_ORDER
tr1_bi	1
DROP TRIGGER tr1_bi;
CREATE TRIGGER tr1_bi BEFORE INSERT ON t1 FOR EACH ROW SET @a:=2;
SELECT trigger_name, action_order FROM information_schema.triggers
WHERE trigger_schema='test'
  ORDER BY trigger_name, action_order;
TRIGGER_NAME	ACTION_ORDER
tr1_bi	1
DROP TABLE t1;
#
# Test 7.
# Check that it is possible to create several triggers with
# the same value for creation timestamp.
#
CREATE TABLE t1 (a INT);
SET TIMESTAMP=UNIX_TIMESTAMP('2013-01-31 09:00:01');
CREATE TRIGGER tr1_bi BEFORE INSERT ON t1 FOR EACH ROW SET @a:=1;
CREATE TRIGGER tr2_bi BEFORE INSERT ON t1 FOR EACH ROW SET @a:=2;
SELECT trigger_name, created, action_order FROM information_schema.triggers
WHERE trigger_schema='test'
  ORDER BY trigger_name, action_order;
TRIGGER_NAME	CREATED	ACTION_ORDER
tr1_bi	2013-01-31 09:00:01.00	1
tr2_bi	2013-01-31 09:00:01.00	2
DROP TABLE t1;
SET TIMESTAMP=DEFAULT;
#
# Test 8.
# Check that SHOW CREATE TRIGGER outputs the CREATED attribute
# and it is not NULL
#
CREATE TABLE t1 (a INT);
SET TIMESTAMP=UNIX_TIMESTAMP('2013-01-31 09:00:01');
CREATE TRIGGER tr1_bi BEFORE INSERT ON t1 FOR EACH ROW SET @a:=1;
SHOW CREATE TRIGGER tr1_bi;
Trigger	sql_mode	SQL Original Statement	character_set_client	collation_connection	Database Collation	Created
tr1_bi	ONLY_FULL_GROUP_BY,STRICT_TRANS_TABLES,NO_ZERO_IN_DATE,NO_ZERO_DATE,ERROR_FOR_DIVISION_BY_ZERO,NO_ENGINE_SUBSTITUTION	CREATE DEFINER=`root`@`localhost` TRIGGER `tr1_bi` BEFORE INSERT ON `t1` FOR EACH ROW SET @a:=1	utf8mb4	utf8mb4_0900_ai_ci	utf8mb4_0900_ai_ci	2013-01-31 09:00:01.00
DROP TABLE t1;
SET TIMESTAMP=DEFAULT;
#
# Test 9.
# Check that SHOW TRIGGERS outputs the CREATED attribute
# and it is not NULL.
#
CREATE TABLE t1 (a INT);
SET TIMESTAMP=UNIX_TIMESTAMP('2013-01-31 09:00:01');
CREATE TRIGGER tr1_bi BEFORE INSERT ON t1 FOR EACH ROW SET @a:=1;
SHOW TRIGGERS;
Trigger	Event	Table	Statement	Timing	Created	sql_mode	Definer	character_set_client	collation_connection	Database Collation
tr1_bi	INSERT	t1	SET @a:=1	BEFORE	2013-01-31 09:00:01.00	ONLY_FULL_GROUP_BY,STRICT_TRANS_TABLES,NO_ZERO_IN_DATE,NO_ZERO_DATE,ERROR_FOR_DIVISION_BY_ZERO,NO_ENGINE_SUBSTITUTION	root@localhost	utf8mb4	utf8mb4_0900_ai_ci	utf8mb4_0900_ai_ci
SELECT * FROM INFORMATION_SCHEMA.TRIGGERS
WHERE trigger_schema='test'
  ORDER BY trigger_name, action_order;
TRIGGER_CATALOG	TRIGGER_SCHEMA	TRIGGER_NAME	EVENT_MANIPULATION	EVENT_OBJECT_CATALOG	EVENT_OBJECT_SCHEMA	EVENT_OBJECT_TABLE	ACTION_ORDER	ACTION_CONDITION	ACTION_STATEMENT	ACTION_ORIENTATION	ACTION_TIMING	ACTION_REFERENCE_OLD_TABLE	ACTION_REFERENCE_NEW_TABLE	ACTION_REFERENCE_OLD_ROW	ACTION_REFERENCE_NEW_ROW	CREATED	SQL_MODE	DEFINER	CHARACTER_SET_CLIENT	COLLATION_CONNECTION	DATABASE_COLLATION
def	test	tr1_bi	INSERT	def	test	t1	1	NULL	SET @a:=1	ROW	BEFORE	NULL	NULL	OLD	NEW	2013-01-31 09:00:01.00	ONLY_FULL_GROUP_BY,STRICT_TRANS_TABLES,NO_ZERO_IN_DATE,NO_ZERO_DATE,ERROR_FOR_DIVISION_BY_ZERO,NO_ENGINE_SUBSTITUTION	root@localhost	utf8mb4	utf8mb4_0900_ai_ci	utf8mb4_0900_ai_ci
DROP TABLE t1;
SET TIMESTAMP=DEFAULT;
#
# Test 10.
# Check that FOLLOWS clause is supported and works correctly.
#
CREATE TABLE t1 (a INT);
CREATE TABLE t2 (a INT, b INT AUTO_INCREMENT PRIMARY KEY);
CREATE TRIGGER tr1_bi BEFORE INSERT ON t1 FOR EACH ROW INSERT INTO t2 (a) VALUES (NEW.a + 100);
CREATE TRIGGER tr3_bi BEFORE INSERT ON t1 FOR EACH ROW INSERT INTO t2 (a) VALUES (NEW.a + 300);
CREATE TRIGGER tr2_bi BEFORE INSERT ON t1 FOR EACH ROW FOLLOWS tr1_bi INSERT INTO t2 (a) VALUES (NEW.a + 200);
SELECT trigger_name, action_order FROM information_schema.triggers
WHERE trigger_schema='test'
  ORDER BY trigger_name, action_order;
TRIGGER_NAME	ACTION_ORDER
tr1_bi	1
tr2_bi	2
tr3_bi	3
INSERT INTO t1 VALUES (1);
SELECT * FROM t2 ORDER BY b;
a	b
101	1
201	2
301	3
DROP TABLE t2;
DROP TABLE t1;
#
# Test 11.
# Check that PRECEDES clause is supported and works correctly.
#
CREATE TABLE t1 (a INT);
CREATE TABLE t2 (a INT, b INT AUTO_INCREMENT PRIMARY KEY);
CREATE TRIGGER tr1_bi BEFORE INSERT ON t1 FOR EACH ROW INSERT INTO t2 (a) VALUES (NEW.a + 100);
CREATE TRIGGER tr3_bi BEFORE INSERT ON t1 FOR EACH ROW INSERT INTO t2 (a) VALUES (NEW.a + 300);
CREATE TRIGGER tr2_bi BEFORE INSERT ON t1 FOR EACH ROW PRECEDES tr3_bi INSERT INTO t2 (a) VALUES (NEW.a + 200);
SELECT trigger_name, action_order FROM information_schema.triggers
WHERE trigger_schema='test'
  ORDER BY trigger_name, action_order;
TRIGGER_NAME	ACTION_ORDER
tr1_bi	1
tr2_bi	2
tr3_bi	3
INSERT INTO t1 VALUES (1);
SELECT * FROM t2 ORDER BY b;
a	b
101	1
201	2
301	3
DROP TABLE t2;
DROP TABLE t1;
#
# Test 12.
# Check that the PRECEDES works properly for the 1st trigger in the chain.
#
CREATE TABLE t1 (a INT);
CREATE TABLE t2 (a INT, b INT AUTO_INCREMENT PRIMARY KEY);
CREATE TRIGGER tr1_bi BEFORE INSERT ON t1 FOR EACH ROW INSERT INTO t2 (a) VALUES (NEW.a + 100);
CREATE TRIGGER tr0_bi BEFORE INSERT ON t1 FOR EACH ROW PRECEDES tr1_bi INSERT INTO t2 (a) VALUES (NEW.a);
SELECT trigger_name, action_order FROM information_schema.triggers
WHERE trigger_schema='test'
  ORDER BY trigger_name, action_order;
TRIGGER_NAME	ACTION_ORDER
tr0_bi	1
tr1_bi	2
INSERT INTO t1 VALUES (1);
SELECT * FROM t2 ORDER BY b;
a	b
1	1
101	2
DROP TABLE t2;
DROP TABLE t1;
#
# Test 13.
# Check that error is reported if the FOLLOWS clause references to
# non-existing trigger
#
CREATE TABLE t1 (a INT);
CREATE TRIGGER tr1_bi BEFORE INSERT ON t1 FOR EACH ROW SET @a:=1;
CREATE TRIGGER tr3_bi BEFORE INSERT ON t1 FOR EACH ROW SET @a:=3;
CREATE TRIGGER tr2_bi BEFORE INSERT ON t1 FOR EACH ROW FOLLOWS tr0_bi SET @a:=2;
ERROR HY000: Referenced trigger 'tr0_bi' for the given action time and event type does not exist.
SELECT trigger_name, action_order FROM information_schema.triggers
WHERE trigger_schema='test'
  ORDER BY trigger_name, action_order;
TRIGGER_NAME	ACTION_ORDER
tr1_bi	1
tr3_bi	2
DROP TABLE t1;
#
# Test 14.
# Check that error is reported if the PRECEDES clause references to
# non-existing trigger
#
CREATE TABLE t1 (a INT);
CREATE TRIGGER tr1_bi BEFORE INSERT ON t1 FOR EACH ROW SET @a:=1;
CREATE TRIGGER tr3_bi BEFORE INSERT ON t1 FOR EACH ROW SET @a:=3;
CREATE TRIGGER tr2_bi BEFORE INSERT ON t1 FOR EACH ROW PRECEDES tr0_bi SET @a:=2;
ERROR HY000: Referenced trigger 'tr0_bi' for the given action time and event type does not exist.
SELECT trigger_name, action_order FROM information_schema.triggers
WHERE trigger_schema='test'
  ORDER BY trigger_name, action_order;
TRIGGER_NAME	ACTION_ORDER
tr1_bi	1
tr3_bi	2
DROP TABLE t1;
#
# Test 15.
# Check that action_order value is independent for each type of event
# (INSERT/UPDATE/DELETE)
#
CREATE TABLE t1 (a INT);
CREATE TRIGGER tr1_bi BEFORE INSERT ON t1 FOR EACH ROW SET @a:=1;
CREATE TRIGGER tr2_bi BEFORE INSERT ON t1 FOR EACH ROW SET @a:=2;
CREATE TRIGGER tr1_bu BEFORE UPDATE ON t1 FOR EACH ROW SET @a:=3;
SELECT trigger_name, action_order FROM information_schema.triggers WHERE trigger_schema='test';
TRIGGER_NAME	ACTION_ORDER
tr1_bi	1
tr1_bu	1
tr2_bi	2
CREATE TRIGGER tr3_bi BEFORE INSERT ON t1 FOR EACH ROW FOLLOWS tr2_bi SET @a:=3;
CREATE TRIGGER tr2_bu BEFORE UPDATE ON t1 FOR EACH ROW FOLLOWS tr1_bu SET @a:=3;
SELECT trigger_name, action_order FROM information_schema.triggers
WHERE trigger_schema='test'
  ORDER BY trigger_name, action_order;
TRIGGER_NAME	ACTION_ORDER
tr1_bi	1
tr1_bu	1
tr2_bi	2
tr2_bu	2
tr3_bi	3
DROP TABLE t1;
#
# Test 16.
# Check that the trigger in the clause FOLLOWS/PRECEDES can refences
# only to the trigger for the same ACTION/TIMINMG
#
CREATE TABLE t1 (a INT);
CREATE TRIGGER tr1_bi BEFORE INSERT ON t1 FOR EACH ROW SET @a:=1;
CREATE TRIGGER tr1_bu BEFORE UPDATE ON t1 FOR EACH ROW SET @a:=3;
CREATE TRIGGER tr2_bu BEFORE UPDATE ON t1 FOR EACH ROW FOLLOWS tr1_bi SET @a:=3;
ERROR HY000: Referenced trigger 'tr1_bi' for the given action time and event type does not exist.
CREATE TRIGGER tr2_au AFTER UPDATE ON t1 FOR EACH ROW FOLLOWS tr1_bi SET @a:=3;
ERROR HY000: Referenced trigger 'tr1_bi' for the given action time and event type does not exist.
CREATE TRIGGER tr1_au AFTER UPDATE ON t1 FOR EACH ROW FOLLOWS tr1_bu SET @a:=3;
ERROR HY000: Referenced trigger 'tr1_bu' for the given action time and event type does not exist.
CREATE TRIGGER tr1_ai AFTER INSERT ON t1 FOR EACH ROW FOLLOWS tr1_bi SET @a:=3;
ERROR HY000: Referenced trigger 'tr1_bi' for the given action time and event type does not exist.
SHOW TRIGGERS;
Trigger	Event	Table	Statement	Timing	Created	sql_mode	Definer	character_set_client	collation_connection	Database Collation
tr1_bi	INSERT	t1	SET @a:=1	BEFORE	#	ONLY_FULL_GROUP_BY,STRICT_TRANS_TABLES,NO_ZERO_IN_DATE,NO_ZERO_DATE,ERROR_FOR_DIVISION_BY_ZERO,NO_ENGINE_SUBSTITUTION	root@localhost	utf8mb4	utf8mb4_0900_ai_ci	utf8mb4_0900_ai_ci
tr1_bu	UPDATE	t1	SET @a:=3	BEFORE	#	ONLY_FULL_GROUP_BY,STRICT_TRANS_TABLES,NO_ZERO_IN_DATE,NO_ZERO_DATE,ERROR_FOR_DIVISION_BY_ZERO,NO_ENGINE_SUBSTITUTION	root@localhost	utf8mb4	utf8mb4_0900_ai_ci	utf8mb4_0900_ai_ci
SELECT * FROM INFORMATION_SCHEMA.TRIGGERS
WHERE trigger_schema='test'
  ORDER BY trigger_name, action_order;
TRIGGER_CATALOG	TRIGGER_SCHEMA	TRIGGER_NAME	EVENT_MANIPULATION	EVENT_OBJECT_CATALOG	EVENT_OBJECT_SCHEMA	EVENT_OBJECT_TABLE	ACTION_ORDER	ACTION_CONDITION	ACTION_STATEMENT	ACTION_ORIENTATION	ACTION_TIMING	ACTION_REFERENCE_OLD_TABLE	ACTION_REFERENCE_NEW_TABLE	ACTION_REFERENCE_OLD_ROW	ACTION_REFERENCE_NEW_ROW	CREATED	SQL_MODE	DEFINER	CHARACTER_SET_CLIENT	COLLATION_CONNECTION	DATABASE_COLLATION
def	test	tr1_bi	INSERT	def	test	t1	1	NULL	SET @a:=1	ROW	BEFORE	NULL	NULL	OLD	NEW	#	ONLY_FULL_GROUP_BY,STRICT_TRANS_TABLES,NO_ZERO_IN_DATE,NO_ZERO_DATE,ERROR_FOR_DIVISION_BY_ZERO,NO_ENGINE_SUBSTITUTION	root@localhost	utf8mb4	utf8mb4_0900_ai_ci	utf8mb4_0900_ai_ci
def	test	tr1_bu	UPDATE	def	test	t1	1	NULL	SET @a:=3	ROW	BEFORE	NULL	NULL	OLD	NEW	#	ONLY_FULL_GROUP_BY,STRICT_TRANS_TABLES,NO_ZERO_IN_DATE,NO_ZERO_DATE,ERROR_FOR_DIVISION_BY_ZERO,NO_ENGINE_SUBSTITUTION	root@localhost	utf8mb4	utf8mb4_0900_ai_ci	utf8mb4_0900_ai_ci
DROP TABLE t1;
#
# Test 17. Check that table's triggers are dumped correctly.
#
CREATE TABLE t1 (a INT);
CREATE TRIGGER tr1_bi BEFORE INSERT ON t1 FOR EACH ROW SET @a:=1;
CREATE TRIGGER tr2_bi BEFORE INSERT ON t1 FOR EACH ROW SET @a:=2;
CREATE TRIGGER tr1_bu BEFORE UPDATE ON t1 FOR EACH ROW SET @a:=3;
SET @MYSQLDUMP_TEMP_LOG_BIN = @@SESSION.SQL_LOG_BIN;
SET @@SESSION.SQL_LOG_BIN= 0;
SET @@GLOBAL.GTID_PURGED=/*!80000 '+'*/ 'aaaaaaaa-bbbb-cccc-dddd-eeeeeeeeeeee:1,
e871ae4a-c0d4-11f1-bf71-fea0814f1a12:1-3663';
/*!40101 SET @saved_cs_client     = @@character_set_client */;
/*!50503 SET character_set_client = utf8mb4 */;
CREATE TABLE `t1` (
  `a` int DEFAULT NULL
) ENGINE=InnoDB DEFAULT CHARSET=utf8mb4 COLLATE=utf8mb4_0900_ai_ci;
/*!40101 SET character_set_client = @saved_cs_client */;
/*!50003 SET @saved_cs_client      = @@character_set_client */ ;
/*!50003 SET @saved_cs_results     = @@character_set_results */ ;
/*!50003 SET @saved_col_connection = @@collation_connection */ ;
/*!50003 SET character_set_client  = utf8mb4 */ ;
/*!50003 SET character_set_results = utf8mb4 */ ;
/*!50003 SET collation_connection  = utf8mb4_0900_ai_ci */ ;
/*!50003 SET @saved_sql_mode       = @@sql_mode */ ;
/*!50003 SET sql_mode              = 'ONLY_FULL_GROUP_BY,STRICT_TRANS_TABLES,NO_ZERO_IN_DATE,NO_ZERO_DATE,ERROR_FOR_DIVISION_BY_ZERO,NO_ENGINE_SUBSTITUTION' */ ;
DELIMITER ;;
/*!50003 CREATE*/ /*!50017 DEFINER=`root`@`localhost`*/ /*!50003 TRIGGER `tr1_bi` BEFORE INSERT ON `t1` FOR EACH ROW SET @a:=1 */;;
DELIMITER ;
/*!50003 SET sql_mode              = @saved_sql_mode */ ;
/*!50003 SET character_set_client  = @saved_cs_client */ ;
/*!50003 SET character_set_results = @saved_cs_results */ ;
/*!50003 SET collation_connection  = @saved_col_connection */ ;
/*!50003 SET @saved_cs_client      = @@character_set_client */ ;
/*!50003 SET @saved_cs_results     = @@character_set_results */ ;
/*!50003 SET @saved_col_connection = @@collation_connection */ ;
/*!50003 SET character_set_client  = utf8mb4 */ ;
/*!50003 SET character_set_results = utf8mb4 */ ;
/*!50003 SET collation_connection  = utf8mb4_0900_ai_ci */ ;
/*!50003 SET @saved_sql_mode       = @@sql_mode */ ;
/*!50003 SET sql_mode              = 'ONLY_FULL_GROUP_BY,STRICT_TRANS_TABLES,NO_ZERO_IN_DATE,NO_ZERO_DATE,ERROR_FOR_DIVISION_BY_ZERO,NO_ENGINE_SUBSTITUTION' */ ;
DELIMITER ;;
/*!50003 CREATE*/ /*!50017 DEFINER=`root`@`localhost`*/ /*!50003 TRIGGER `tr2_bi` BEFORE INSERT ON `t1` FOR EACH ROW SET @a:=2 */;;
DELIMITER ;
/*!50003 SET sql_mode              = @saved_sql_mode */ ;
/*!50003 SET character_set_client  = @saved_cs_client */ ;
/*!50003 SET character_set_results = @saved_cs_results */ ;
/*!50003 SET collation_connection  = @saved_col_connection */ ;
/*!50003 SET @saved_cs_client      = @@character_set_client */ ;
/*!50003 SET @saved_cs_results     = @@character_set_results */ ;
/*!50003 SET @saved_col_connection = @@collation_connection */ ;
/*!50003 SET character_set_client  = utf8mb4 */ ;
/*!50003 SET character_set_results = utf8mb4 */ ;
/*!50003 SET collation_connection  = utf8mb4_0900_ai_ci */ ;
/*!50003 SET @saved_sql_mode       = @@sql_mode */ ;
/*!50003 SET sql_mode              = 'ONLY_FULL_GROUP_BY,STRICT_TRANS_TABLES,NO_ZERO_IN_DATE,NO_ZERO_DATE,ERROR_FOR_DIVISION_BY_ZERO,NO_ENGINE_SUBSTITUTION' */ ;
DELIMITER ;;
/*!50003 CREATE*/ /*!50017 DEFINER=`root`@`localhost`*/ /*!50003 TRIGGER `tr1_bu` BEFORE UPDATE ON `t1` FOR EACH ROW SET @a:=3 */;;
DELIMITER ;
/*!50003 SET sql_mode              = @saved_sql_mode */ ;
/*!50003 SET character_set_client  = @saved_cs_client */ ;
/*!50003 SET character_set_results = @saved_cs_results */ ;
/*!50003 SET collation_connection  = @saved_col_connection */ ;
SET @@SESSION.SQL_LOG_BIN = @MYSQLDUMP_TEMP_LOG_BIN;
DROP TABLE t1;
#
# Test 18. Check that table's triggers are dumped in right order
#          taking into account the PRECEDES/FOLLOWS clauses.
#
CREATE TABLE t1 (a INT);
CREATE TRIGGER tr1_bi BEFORE INSERT ON t1 FOR EACH ROW SET @a:=1;
CREATE TRIGGER tr2_bi BEFORE INSERT ON t1 FOR EACH ROW SET @a:=2;
CREATE TRIGGER tr0_bi BEFORE INSERT ON t1 FOR EACH ROW PRECEDES tr1_bi SET @a:=0;
CREATE TRIGGER tr1_1_bi BEFORE INSERT ON t1 FOR EACH ROW FOLLOWS tr1_bi SET @a:=0;
# Expected order of triggers in the dump is: tr0_bi, tr1_bi, tr1_1_bi, tr2_i.
SET @MYSQLDUMP_TEMP_LOG_BIN = @@SESSION.SQL_LOG_BIN;
SET @@SESSION.SQL_LOG_BIN= 0;
SET @@GLOBAL.GTID_PURGED=/*!80000 '+'*/ 'aaaaaaaa-bbbb-cccc-dddd-eeeeeeeeeeee:1,
e871ae4a-c0d4-11f1-bf71-fea0814f1a12:1-3669';
/*!40101 SET @saved_cs_client     = @@character_set_client */;
/*!50503 SET character_set_client = utf8mb4 */;
CREATE TABLE `t1` (
  `a` int DEFAULT NULL
) ENGINE=InnoDB DEFAULT CHARSET=utf8mb4 COLLATE=utf8mb4_0900_ai_ci;
/*!40101 SET character_set_client = @saved_cs_client */;
/*!50003 SET @saved_cs_client      = @@character_set_client */ ;
/*!50003 SET @saved_cs_results     = @@character_set_results */ ;
/*!50003 SET @saved_col_connection = @@collation_connection */ ;
/*!50003 SET character_set_client  = utf8mb4 */ ;
/*!50003 SET character_set_results = utf8mb4 */ ;
/*!50003 SET collation_connection  = utf8mb4_0900_ai_ci */ ;
/*!50003 SET @saved_sql_mode       = @@sql_mode */ ;
/*!50003 SET sql_mode              = 'ONLY_FULL_GROUP_BY,STRICT_TRANS_TABLES,NO_ZERO_IN_DATE,NO_ZERO_DATE,ERROR_FOR_DIVISION_BY_ZERO,NO_ENGINE_SUBSTITUTION' */ ;
DELIMITER ;;
/*!50003 CREATE*/ /*!50017 DEFINER=`root`@`localhost`*/ /*!50003 TRIGGER `tr0_bi` BEFORE INSERT ON `t1` FOR EACH ROW SET @a:=0 */;;
DELIMITER ;
/*!50003 SET sql_mode              = @saved_sql_mode */ ;
/*!50003 SET character_set_client  = @saved_cs_client */ ;
/*!50003 SET character_set_results = @saved_cs_results */ ;
/*!50003 SET collation_connection  = @saved_col_connection */ ;
/*!50003 SET @saved_cs_client      = @@character_set_client */ ;
/*!50003 SET @saved_cs_results     = @@character_set_results */ ;
/*!50003 SET @saved_col_connection = @@collation_connection */ ;
/*!50003 SET character_set_client  = utf8mb4 */ ;
/*!50003 SET character_set_results = utf8mb4 */ ;
/*!50003 SET collation_connection  = utf8mb4_0900_ai_ci */ ;
/*!50003 SET @saved_sql_mode       = @@sql_mode */ ;
/*!50003 SET sql_mode              = 'ONLY_FULL_GROUP_BY,STRICT_TRANS_TABLES,NO_ZERO_IN_DATE,NO_ZERO_DATE,ERROR_FOR_DIVISION_BY_ZERO,NO_ENGINE_SUBSTITUTION' */ ;
DELIMITER ;;
/*!50003 CREATE*/ /*!50017 DEFINER=`root`@`localhost`*/ /*!50003 TRIGGER `tr1_bi` BEFORE INSERT ON `t1` FOR EACH ROW SET @a:=1 */;;
DELIMITER ;
/*!50003 SET sql_mode              = @saved_sql_mode */ ;
/*!50003 SET character_set_client  = @saved_cs_client */ ;
/*!50003 SET character_set_results = @saved_cs_results */ ;
/*!50003 SET collation_connection  = @saved_col_connection */ ;
/*!50003 SET @saved_cs_client      = @@character_set_client */ ;
/*!50003 SET @saved_cs_results     = @@character_set_results */ ;
/*!50003 SET @saved_col_connection = @@collation_connection */ ;
/*!50003 SET character_set_client  = utf8mb4 */ ;
/*!50003 SET character_set_results = utf8mb4 */ ;
/*!50003 SET collation_connection  = utf8mb4_0900_ai_ci */ ;
/*!50003 SET @saved_sql_mode       = @@sql_mode */ ;
/*!50003 SET sql_mode              = 'ONLY_FULL_GROUP_BY,STRICT_TRANS_TABLES,NO_ZERO_IN_DATE,NO_ZERO_DATE,ERROR_FOR_DIVISION_BY_ZERO,NO_ENGINE_SUBSTITUTION' */ ;
DELIMITER ;;
/*!50003 CREATE*/ /*!50017 DEFINER=`root`@`localhost`*/ /*!50003 TRIGGER `tr1_1_bi` BEFORE INSERT ON `t1` FOR EACH ROW SET @a:=0 */;;
DELIMITER ;
/*!50003 SET sql_mode              = @saved_sql_mode */ ;
/*!50003 SET character_set_client  = @saved_cs_client */ ;
/*!50003 SET character_set_results = @saved_cs_results */ ;
/*!50003 SET collation_connection  = @saved_col_connection */ ;
/*!50003 SET @saved_cs_client      = @@character_set_client */ ;
/*!50003 SET @saved_cs_results     = @@character_set_results */ ;
/*!50003 SET @saved_col_connection = @@collation_connection */ ;
/*!50003 SET character_set_client  = utf8mb4 */ ;
/*!50003 SET character_set_results = utf8mb4 */ ;
/*!50003 SET collation_connection  = utf8mb4_0900_ai_ci */ ;
/*!50003 SET @saved_sql_mode       = @@sql_mode */ ;
/*!50003 SET sql_mode              = 'ONLY_FULL_GROUP_BY,STRICT_TRANS_TABLES,NO_ZERO_IN_DATE,NO_ZERO_DATE,ERROR_FOR_DIVISION_BY_ZERO,NO_ENGINE_SUBSTITUTION' */ ;
DELIMITER ;;
/*!50003 CREATE*/ /*!50017 DEFINER=`root`@`localhost`*/ /*!50003 TRIGGER `tr2_bi` BEFORE INSERT ON `t1` FOR EACH ROW SET @a:=2 */;;
DELIMITER ;
/*!50003 SET sql_mode              = @saved_sql_mode */ ;
/*!50003 SET character_set_client  = @saved_cs_client */ ;
/*!50003 SET character_set_results = @saved_cs_results */ ;
/*!50003 SET collation_connection  = @saved_col_connection */ ;
SET @@SESSION.SQL_LOG_BIN = @MYSQLDUMP_TEMP_LOG_BIN;
DROP TABLE t1;
#
# Test 19. Check that table's triggers are dumped correctly in xml.
#
CREATE TABLE t1 (a INT);
SET TIMESTAMP=UNIX_TIMESTAMP('2013-01-31 09:00:00');
CREATE TRIGGER tr1_bi BEFORE INSERT ON t1 FOR EACH ROW SET @a:=1;
CREATE TRIGGER tr2_bi BEFORE INSERT ON t1 FOR EACH ROW SET @a:=2;
CREATE TRIGGER tr1_bu BEFORE UPDATE ON t1 FOR EACH ROW SET @a:=3;
SET TIMESTAMP=DEFAULT;
<?xml version="1.0"?>
<mysqldump xmlns:xsi="http://www.w3.org/2001/XMLSchema-instance">
SET @MYSQLDUMP_TEMP_LOG_BIN = @@SESSION.SQL_LOG_BIN;
SET @@SESSION.SQL_LOG_BIN= 0;
SET @@GLOBAL.GTID_PURGED=/*!80000 '+'*/ 'aaaaaaaa-bbbb-cccc-dddd-eeeeeeeeeeee:1,
e871ae4a-c0d4-11f1-bf71-fea0814f1a12:1-3674';
<database name="test">
	<table_data name="t1">
	</table_data>
	<triggers name="t1">
		<trigger Trigger="tr1_bi" sql_mode="ONLY_FULL_GROUP_BY,STRICT_TRANS_TABLES,NO_ZERO_IN_DATE,NO_ZERO_DATE,ERROR_FOR_DIVISION_BY_ZERO,NO_ENGINE_SUBSTITUTION" character_set_client="utf8mb4" collation_connection="utf8mb4_0900_ai_ci" Database_Collation="utf8mb4_0900_ai_ci" Created="2013-01-31 09:00:00.00">
<![CDATA[
CREATE DEFINER=`root`@`localhost` TRIGGER `tr1_bi` BEFORE INSERT ON `t1` FOR EACH ROW SET @a:=1
]]>
		</trigger>
		<trigger Trigger="tr2_bi" sql_mode="ONLY_FULL_GROUP_BY,STRICT_TRANS_TABLES,NO_ZERO_IN_DATE,NO_ZERO_DATE,ERROR_FOR_DIVISION_BY_ZERO,NO_ENGINE_SUBSTITUTION" character_set_client="utf8mb4" collation_connection="utf8mb4_0900_ai_ci" Database_Collation="utf8mb4_0900_ai_ci" Created="2013-01-31 09:00:00.00">
<![CDATA[
CREATE DEFINER=`root`@`localhost` TRIGGER `tr2_bi` BEFORE INSERT ON `t1` FOR EACH ROW SET @a:=2
]]>
		</trigger>
		<trigger Trigger="tr1_bu" sql_mode="ONLY_FULL_GROUP_BY,STRICT_TRANS_TABLES,NO_ZERO_IN_DATE,NO_ZERO_DATE,ERROR_FOR_DIVISION_BY_ZERO,NO_ENGINE_SUBSTITUTION" character_set_client="utf8mb4" collation_connection="utf8mb4_0900_ai_ci" Database_Collation="utf8mb4_0900_ai_ci" Created="2013-01-31 09:00:00.00">
<![CDATA[
CREATE DEFINER=`root`@`localhost` TRIGGER `tr1_bu` BEFORE UPDATE ON `t1` FOR EACH ROW SET @a:=3
]]>
		</trigger>
	</triggers>
</database>
SET @@SESSION.SQL_LOG_BIN = @MYSQLDUMP_TEMP_LOG_BIN;
</mysqldump>
DROP TABLE t1;
SET binlog_format=@binlog_format_saved;
Warnings:
Warning	1287	'@@binlog_format' is deprecated and will be removed in a future release.
# End of tests.
#
safe_process[535993]: Child process: 535994, exit: 1



Server [mysqld.1 - pid: 532681, winpid: 532681] log: 
Server log from this test:
----------SERVER LOG START-----------
----------SERVER LOG END-------------


 - the logfile can be found in '/home/satya/WORK/vector/vec-memory-i-s/bld/mysql-test/var/log/main.trigger_multiple/trigger_multiple.log'

[ 81%] main.myisam_mrr_cost_all                 w8  [ pass ]   1555
[ 81%] main.mysqladmin_shutdown                 w5  [ pass ]   6024
[ 81%] main.tmpdir                              w18 [ pass ]   8865
[ 81%] main.mysqlbinlog_debug                   w5  [ pass ]    161
[ 81%] main.type_bit_innodb                     w1  [ pass ]   1245
[ 81%] main.subquery_mat_none                   w14 [ pass ]   7526
[ 81%] main.mysqlbinlog_hexdump                 w5  [ pass ]     13
[ 81%] main.subquery_sj_all                     w29 [ pass ]  42412
[ 81%] main.trans_read_only                     w18 [ pass ]    157
[ 81%] main.insert_update                       w21 [ pass ]   6569
[ 81%] main.time_zone4                          w4  [ pass ]      5
[ 81%] main.myisam_mrr_cost_icp                 w8  [ pass ]   1403
[ 81%] main.subquery_sj_firstmatch_bka          w12 [ pass ]  40685
[ 82%] main.type_uint                           w5  [ pass ]     69
[ 82%] main.type_decimal                        w10 [ pass ]   3342
[ 82%] main.invalid_comment                     w21 [ pass ]    115
[ 82%] main.truncate                            w20 [ pass ]    762
[ 82%] main.unary_query_term                    w18 [ pass ]    982
[ 82%] main.join_nested_bka_nobnl               w9  [ pass ]   7130
[ 82%] main.truncate_coverage                   w20 [ pass ]    140
[ 82%] main.myisam_mrr_icp                      w8  [ pass ]   1491
[ 82%] main.foreign_key_locks_cascade           w24 [ pass ]  12727
[ 82%] main.undo_tablespace                     w18 [ pass ]    576
[ 82%] main.truncate_debug                      w20 [ pass ]     94
[ 82%] main.type_ranges                         w14 [ pass ]   2715
[ 82%] main.type_varchar                        w5  [ pass ]   2358
[ 82%] main.unique_option_prefixes              w18 [ pass ]     10
[ 82%] main.truth_value_transform               w20 [ pass ]    107
[ 83%] main.type_blob                           w1  [ pass ]   3986
[ 83%] main.myisam_mrr_none                     w8  [ pass ]   1442
[ 83%] main.type_vector                         w5  [ pass ]    117
[ 83%] main.time_zone_debug                     w4  [ skipped ]  Test requires 'have_met_timezone'
[ 83%] main.type_set                            w14 [ pass ]    806
[ 83%] main.myisam_optimize_table               w8  [ pass ]     97
[ 83%] main.datadir_permission                  w11 [ pass ]  17138
[ 83%] main.invisible_columns                   w21 [ pass ]   4415
[ 83%] main.type_string                         w14 [ pass ]     40
[ 83%] main.tablespace                          w22 [ pass ]  16215
[ 83%] main.type_enum                           w10 [ pass ]   4992
[ 83%] main.unix_wait_timeout                   w18 [ pass ]   2057
[ 83%] main.use_database_fail                   w11 [ pass ]     83
[ 83%] main.type_year                           w5  [ pass ]   1692
[ 83%] main.subquery_sj_loosescan               w7  [ pass ]  43892
[ 84%] main.unsafe_binlog_innodb                w20 [ pass ]   3107
[ 84%] main.user_account_password_lock          w11 [ pass ]    386
[ 84%] main.user_password_history               w18 [ pass ]    521
[ 84%] main.subquery_sj_mat_nosj                w6  [ pass ]  40981
[ 84%] main.user_account_password_lock_dbug     w11 [ pass ]     42
[ 84%] main.type_date                           w1  [ pass ]   3941
[ 84%] main.user_var-binlog                     w18 [ pass ]    224
[ 84%] main.upd_del_single_to_multi             w20 [ pass ]    508
[ 84%] main.time_zone_dst                       w4  [ pass ]    197
[ 84%] main.user_comment                        w11 [ pass ]    242
[ 84%] main.myisam_skip_lock_nowait             w8  [ pass ]   4204
[ 84%] main.ctype_cp1251                        w27 [ pass ]  16236
[ 84%] main.subquery_all                        w15 [ pass ]  54850
[ 84%] main.user_host_name                      w22 [ fail ]
        Test ended at 2026-10-05 15:56:25

CURRENT_TEST: main.user_host_name
--- /home/satya/WORK/vector/vec-memory-i-s/mysql-test/r/user_host_name.result	2026-10-05 14:22:29.711301887 +0300
+++ /home/satya/WORK/vector/vec-memory-i-s/bld/mysql-test/var/22/log/user_host_name.reject	2026-10-05 18:56:24.729633537 +0300
@@ -31,7 +31,6 @@
 mysql.infoschema	16	localhost	9
 mysql.session	13	localhost	9
 mysql.sys	9	localhost	9
-percona.telemetry	17	localhost	9
 root	4	localhost	9
 GRANT ' role2' TO '  user2'@' host.org';
 Warnings:

mysqltest: Result content mismatch


The result from queries just before the failure was:
Leading and trailing white spaces must be removed from user and host.
The statements must succeed with warnings.
CREATE USER '   user1'@'     host.org';
Warnings:
Warning	6524	Leading or trailing spaces have been trimmed from user or host, account: 'user1'@'host.org'.
CREATE USER 'user2 '@'host.org		';
Warnings:
Warning	6524	Leading or trailing spaces have been trimmed from user or host, account: 'user2'@'host.org'.
CREATE USER '		user3		'@' host.org   ';
Warnings:
Warning	6524	Leading or trailing spaces have been trimmed from user or host, account: 'user3'@'host.org'.
CREATE USER ' u s e r 4 ';
Warnings:
Warning	6524	Leading or trailing spaces have been trimmed from user or host, account: 'u s e r 4'@'%'.
CREATE USER '   '@host.org;
Warnings:
Warning	6524	Leading or trailing spaces have been trimmed from user or host, account: ''@'host.org'.
CREATE ROLE ' role1 '@' host.com ', 'role2			';
Warnings:
Warning	6524	Leading or trailing spaces have been trimmed from user or host, account: 'role1'@'host.com'.
Warning	6524	Leading or trailing spaces have been trimmed from user or host, account: 'role2'@'%'.
SELECT user, length(user), host, length(host) FROM mysql.user;
user	length(user)	host	length(host)
role2	5	%	1
u s e r 4	9	%	1
role1	5	host.com	8
	0	host.org	8
user1	5	host.org	8
user2	5	host.org	8
user3	5	host.org	8
mysql.infoschema	16	localhost	9
mysql.session	13	localhost	9
mysql.sys	9	localhost	9
root	4	localhost	9
GRANT ' role2' TO '  user2'@' host.org';
Warnings:
Warning	6524	Leading or trailing spaces have been trimmed from user or host, account: 'user2'@'host.org'.
Warning	6524	Leading or trailing spaces have been trimmed from user or host, account: 'role2'@'%'.
SET DEFAULT ROLE '     role2' TO ' user2 '@host.org;
Warnings:
Warning	6524	Leading or trailing spaces have been trimmed from user or host, account: 'role2'@'%'.
Warning	6524	Leading or trailing spaces have been trimmed from user or host, account: 'user2'@'host.org'.
REVOKE ' role2   ' FROM ' user2 '@'	host.org  ';
Warnings:
Warning	6524	Leading or trailing spaces have been trimmed from user or host, account: 'user2'@'host.org'.
Warning	6524	Leading or trailing spaces have been trimmed from user or host, account: 'role2'@'%'.
ALTER USER 'user3 '@host.org ACCOUNT LOCK;
Warnings:
Warning	6524	Leading or trailing spaces have been trimmed from user or host, account: 'user3'@'host.org'.
RENAME USER '	u s e r 4'  TO '  user4 ';
Warnings:
Warning	6524	Leading or trailing spaces have been trimmed from user or host, account: 'u s e r 4'@'%'.
Warning	6524	Leading or trailing spaces have been trimmed from user or host, account: 'user4'@'%'.
SET PASSWORD FOR user1@'  host.org' = '123';
Warnings:
Warning	6524	Leading or trailing spaces have been trimmed from user or host, account: 'user1'@'host.org'.
DROP USER ' user1 '@' host.org ', '   user2'@'  host.org';
Warnings:
Warning	6524	Leading or trailing spaces have been trimmed from user or host, account: 'user1'@'host.org'.
Warning	6524	Leading or trailing spaces have been trimmed from user or host, account: 'user2'@'host.org'.
DROP USER 'user3	'@'host.org   ', 'user4		';
Warnings:
Warning	6524	Leading or trailing spaces have been trimmed from user or host, account: 'user3'@'host.org'.
Warning	6524	Leading or trailing spaces have been trimmed from user or host, account: 'user4'@'%'.
DROP USER '				'@' host.org ';
Warnings:
Warning	6524	Leading or trailing spaces have been trimmed from user or host, account: ''@'host.org'.
DROP ROLE 'role1  '@host.com;
Warnings:
Warning	6524	Leading or trailing spaces have been trimmed from user or host, account: 'role1'@'host.com'.
DROP ROLE ' role2 ';
Warnings:
Warning	6524	Leading or trailing spaces have been trimmed from user or host, account: 'role2'@'%'.
safe_process[539778]: Child process: 539784, exit: 1



Server [mysqld.1 - pid: 539235, winpid: 539235] log: 
Server log from this test:
----------SERVER LOG START-----------
2026-10-05T15:56:21.924887Z 0 [Note] [MY-013667] [Server] Error-log destination "stderr" is not a file. Can not restore error log messages from previous run.
2026-10-05T15:56:21.755058Z 0 [System] [MY-015015] [Server] MySQL Server - start.
2026-10-05T15:56:21.919910Z 0 [Warning] [MY-013711] [Server] Manifest file '/home/satya/WORK/vector/vec-memory-i-s/bld/runtime_output_directory/mysqld.my' is not read-only. For better security, please make sure that the file is read-only.
2026-10-05T15:56:21.921458Z 0 [Warning] [MY-010099] [Server] Insecure configuration for --secure-file-priv: Data directory is accessible through --secure-file-priv. Consider choosing a different directory.
2026-10-05T15:56:21.921469Z 0 [Warning] [MY-010101] [Server] Insecure configuration for --secure-file-priv: Location is accessible to all OS users. Consider choosing a different directory.
2026-10-05T15:56:21.921478Z 0 [Warning] [MY-010097] [Server] Insecure configuration for --secure-log-path: Current value does not restrict location of generated files. Consider setting it to a valid, non-empty path.
2026-10-05T15:56:21.921596Z 0 [Warning] [MY-015655] [Server] Server ignores the discovered container restrictions as --container_aware is OFF
2026-10-05T15:56:21.921618Z 0 [Note] [MY-013932] [Server] BuildID[sha1]=6dc1b49b2f628e4eb1ae5c3f1496a940459208fb
2026-10-05T15:56:21.921626Z 0 [Note] [MY-010949] [Server] Basedir set to /home/satya/WORK/vector/vec-memory-i-s/bld/.
2026-10-05T15:56:21.921639Z 0 [System] [MY-010116] [Server] /home/satya/WORK/vector/vec-memory-i-s/bld/runtime_output_directory/mysqld (mysqld 9.7.1-1-debug) starting as process 539236
2026-10-05T15:56:21.921650Z 0 [System] [MY-015603] [Server] MySQL Server has access to 96 logical CPUs.
2026-10-05T15:56:21.921662Z 0 [System] [MY-015603] [Server] MySQL Server has access to 535796215808 bytes of physical memory.
2026-10-05T15:56:21.925020Z 0 [Note] [MY-048400] [Server] For VECTOR_DISTANCE using  hardware accelerated AVX-512F (dimensions >= 16) and SSE4.2 (dimensions < 16).
2026-10-05T15:56:21.926114Z 0 [Warning] [MY-010075] [Server] No existing UUID has been found, so we assume that this is the first time that this server has been started. Generating a new UUID: 4f7b8ae4-c0d5-11f1-b4fc-fea0814f1a12.
2026-10-05T15:56:21.929465Z 0 [Note] [MY-012366] [InnoDB] Using Linux native AIO
2026-10-05T15:56:21.929531Z 0 [Note] [MY-015140] [InnoDB] Using innodb_flush_method=O_DIRECT
2026-10-05T15:56:21.929981Z 0 [Note] [MY-010747] [Server] Plugin 'FEDERATED' is disabled.
2026-10-05T15:56:21.932944Z 1 [System] [MY-013576] [InnoDB] InnoDB initialization has started.
2026-10-05T15:56:21.932980Z 1 [Note] [MY-013546] [InnoDB] Atomic write enabled
2026-10-05T15:56:21.933008Z 1 [Note] [MY-012932] [InnoDB] PUNCH HOLE support available
2026-10-05T15:56:21.933017Z 1 [Note] [MY-012937] [InnoDB] !!!!!!!! UNIV_DEBUG switched on !!!!!!!!!
2026-10-05T15:56:21.933023Z 1 [Note] [MY-012944] [InnoDB] Uses event mutexes
2026-10-05T15:56:21.933029Z 1 [Note] [MY-012945] [InnoDB] GCC builtin __atomic_thread_fence() is used for memory barrier
2026-10-05T15:56:21.933036Z 1 [Note] [MY-012948] [InnoDB] Compressed tables use zlib 1.3.2
2026-10-05T15:56:21.936551Z 1 [Note] [MY-012951] [InnoDB] Using hardware accelerated crc32 and polynomial multiplication.
2026-10-05T15:56:21.937122Z 1 [Note] [MY-012203] [InnoDB] Directories to scan './'
2026-10-05T15:56:21.937157Z 1 [Note] [MY-012204] [InnoDB] Scanning './'
2026-10-05T15:56:21.944677Z 1 [Note] [MY-012208] [InnoDB] Completed space ID check of 8 files.
2026-10-05T15:56:21.946850Z 1 [Note] [MY-012955] [InnoDB] Initializing buffer pool, total size = 24.000000M, instances = 1, chunk size =24.000000M 
2026-10-05T15:56:21.946870Z 1 [Note] [MY-011872] [InnoDB] Setting NUMA memory policy to MPOL_INTERLEAVE
get_mempolicy: Operation not permitted
get_mempolicy: Operation not permitted
2026-10-05T15:56:21.989823Z 1 [Note] [MY-011874] [InnoDB] Setting NUMA memory policy to MPOL_DEFAULT
2026-10-05T15:56:21.989871Z 1 [Note] [MY-012957] [InnoDB] Completed initialization of buffer pool
2026-10-05T15:56:21.995838Z 0 [Note] [MY-011952] [InnoDB] If the mysqld execution user is authorized, page cleaner and LRU manager thread priority can be changed. See the man page of setpriority().
2026-10-05T15:56:21.998123Z 1 [Note] [MY-013532] [InnoDB] Using './#ib_16384_0.dblwr' for doublewrite
2026-10-05T15:56:22.004825Z 1 [Note] [MY-013532] [InnoDB] Using './#ib_16384_1.dblwr' for doublewrite
2026-10-05T15:56:22.016103Z 1 [Note] [MY-013566] [InnoDB] Double write buffer files: 2, --innodb-doublewrite-files=2, segments_per_file=2
2026-10-05T15:56:22.016136Z 1 [Note] [MY-013565] [InnoDB] Double write buffer pages per instance: 128
2026-10-05T15:56:22.016173Z 1 [Note] [MY-013532] [InnoDB] Using './#ib_16384_0.dblwr' for doublewrite
2026-10-05T15:56:22.016198Z 1 [Note] [MY-013532] [InnoDB] Using './#ib_16384_1.dblwr' for doublewrite
2026-10-05T15:56:22.245842Z 1 [Note] [MY-013883] [InnoDB] The latest found checkpoint is at lsn = 19328962 in redo log file ./#innodb_redo/#ib_redo59.
2026-10-05T15:56:22.245932Z 1 [Note] [MY-013086] [InnoDB] Starting to parse redo log at lsn = 19328572, whereas checkpoint_lsn = 19328962 and start_lsn = 19328512
2026-10-05T15:56:22.246027Z 1 [Note] [MY-012532] [InnoDB] Applying a batch of 0 redo log records ...
2026-10-05T15:56:22.246105Z 1 [Note] [MY-012535] [InnoDB] Apply batch completed!
2026-10-05T15:56:22.257008Z 1 [Note] [MY-013083] [InnoDB] Log background threads are being started...
2026-10-05T15:56:22.258438Z 1 [Note] [MY-013252] [InnoDB] Using undo tablespace './undo_001'.
2026-10-05T15:56:22.258700Z 1 [Note] [MY-013252] [InnoDB] Using undo tablespace './undo_002'.
2026-10-05T15:56:22.259169Z 1 [Note] [MY-012910] [InnoDB] Opened 2 existing undo tablespaces.
2026-10-05T15:56:22.259223Z 1 [Note] [MY-011980] [InnoDB] GTID recovery trx_no: 1091
2026-10-05T15:56:22.319790Z 1 [Note] [MY-013776] [InnoDB] Parallel initialization of rseg complete
2026-10-05T15:56:22.319849Z 1 [Note] [MY-013777] [InnoDB] Time taken to initialize rseg using 4 thread: 60 ms.
2026-10-05T15:56:22.320172Z 1 [Note] [MY-012923] [InnoDB] Creating shared tablespace for temporary tables
2026-10-05T15:56:22.320310Z 1 [Note] [MY-012265] [InnoDB] Setting file './ibtmp1' size to 12 MB. Physically writing the file full; Please wait ...
2026-10-05T15:56:22.322443Z 1 [Note] [MY-012266] [InnoDB] File './ibtmp1' size is now 12 MB.
2026-10-05T15:56:22.322706Z 1 [Note] [MY-013627] [InnoDB] Scanning temp tablespace dir:'./#innodb_temp/'
2026-10-05T15:56:22.362648Z 1 [Note] [MY-013018] [InnoDB] Created 128 and tracked 128 new rollback segment(s) in the temporary tablespace. 128 are now active.
2026-10-05T15:56:22.363386Z 1 [Note] [MY-012976] [InnoDB] Percona XtraDB (http://www.percona.com) 9.7.1-1 started; log sequence number 19328972
2026-10-05T15:56:22.363799Z 1 [System] [MY-013577] [InnoDB] InnoDB initialization has ended.
2026-10-05T15:56:22.391646Z 1 [Note] [MY-011089] [Server] Data dictionary restarting version '90200'.
2026-10-05T15:56:23.007625Z 1 [Note] [MY-012357] [InnoDB] Reading DD tablespace files
2026-10-05T15:56:23.013875Z 1 [Note] [MY-012356] [InnoDB] Scanned 10 tablespaces. Validated 10.
2026-10-05T15:56:23.126930Z 1 [Note] [MY-010006] [Server] Using data dictionary with version '90200'.
2026-10-05T15:56:23.148982Z 0 [Note] [MY-011245] [Server] Plugin mysqlx reported: 'Scheduler 'work', set number of threads to 2'
2026-10-05T15:56:23.149059Z 0 [Note] [MY-011245] [Server] Plugin mysqlx reported: 'Scheduler 'work', create threads'
2026-10-05T15:56:23.149123Z 0 [Note] [MY-011245] [Server] Plugin mysqlx reported: 'Scheduler 'work', create threads'
2026-10-05T15:56:23.149151Z 0 [Note] [MY-011245] [Server] Plugin mysqlx reported: 'Scheduler "work" started.'
2026-10-05T15:56:23.149157Z 0 [Note] [MY-011245] [Server] Plugin mysqlx reported: 'Scheduler 'network', create threads'
2026-10-05T15:56:23.149197Z 0 [Note] [MY-011245] [Server] Plugin mysqlx reported: 'Scheduler "network" started.'
2026-10-05T15:56:23.149249Z 0 [Note] [MY-011245] [Server] Plugin mysqlx reported: 'TCP Sockets address is '*' and port is 13650'
2026-10-05T15:56:23.149316Z 0 [Note] [MY-011332] [Server] Plugin mysqlx reported: 'IPv6 is available'
2026-10-05T15:56:23.149377Z 0 [Note] [MY-011245] [Server] Plugin mysqlx reported: 'UNIX Socket is /home/satya/WORK/vector/vec-memory-i-s/bld/mysql-test/var/tmp/22/mysqlx.1.sock'
2026-10-05T15:56:23.149604Z 0 [Note] [MY-011323] [Server] Plugin mysqlx reported: 'X Plugin ready for connections. bind-address: '::' port: 13650'
2026-10-05T15:56:23.149623Z 0 [Note] [MY-011323] [Server] Plugin mysqlx reported: 'X Plugin ready for connections. socket: '/home/satya/WORK/vector/vec-memory-i-s/bld/mysql-test/var/tmp/22/mysqlx.1.sock''
2026-10-05T15:56:23.894676Z 0 [Note] [MY-010902] [Server] Thread priority attribute setting in Resource Group SQL shall be ignored due to unsupported platform or insufficient privilege.
2026-10-05T15:56:23.905220Z 0 [Note] [MY-013911] [Server] Crash recovery finished in binlog engine. No attempts to commit, rollback or prepare any transactions.
2026-10-05T15:56:23.905253Z 0 [Note] [MY-013911] [Server] Crash recovery finished in InnoDB engine. No attempts to commit, rollback or prepare any transactions.
2026-10-05T15:56:23.911472Z 0 [Note] [MY-012487] [InnoDB] DDL log recovery : begin
2026-10-05T15:56:23.911752Z 0 [Note] [MY-012488] [InnoDB] DDL log recovery : end
2026-10-05T15:56:23.911982Z 0 [Note] [MY-011946] [InnoDB] Loading buffer pool(s) from /home/satya/WORK/vector/vec-memory-i-s/bld/mysql-test/var/22/mysqld.1/data/ib_buffer_pool
2026-10-05T15:56:23.918518Z 0 [Note] [MY-011946] [InnoDB] Buffer pool(s) load completed at 261005 18:56:23
2026-10-05T15:56:23.945748Z 0 [Note] [MY-010303] [Server] Skipping generation of SSL certificates as options related to SSL are specified.
2026-10-05T15:56:23.947682Z 0 [Warning] [MY-010068] [Server] CA certificate /home/satya/WORK/vector/vec-memory-i-s/mysql-test/std_data/cacert.pem is self signed.
2026-10-05T15:56:23.947719Z 0 [System] [MY-013602] [Server] Channel mysql_main configured to support TLS. Encrypted connections are now supported for this channel.
2026-10-05T15:56:23.947730Z 0 [Note] [MY-010310] [Server] Skipping generation of RSA key pair as --sha256_password_auto_generate_rsa_keys is set to OFF.
2026-10-05T15:56:23.947738Z 0 [Note] [MY-010310] [Server] Skipping generation of RSA key pair as --caching_sha2_password_auto_generate_rsa_keys is set to OFF.
2026-10-05T15:56:23.948517Z 0 [Note] [MY-010252] [Server] Server hostname (bind-address): '*'; port: 13630
2026-10-05T15:56:23.948578Z 0 [Note] [MY-010253] [Server] IPv6 is available.
2026-10-05T15:56:23.948590Z 0 [Note] [MY-010264] [Server]   - '::' resolves to '::';
2026-10-05T15:56:23.948603Z 0 [Note] [MY-010251] [Server] Server socket created on IP: '::'.
2026-10-05T15:56:23.960129Z 0 [Warning] [MY-000067] [Server] unknown variable 'loose-mysqlx-ssl=DISABLED'.
2026-10-05T15:56:24.073624Z 0 [Note] [MY-011025] [Repl] Failed to start replica threads for channel ''.
2026-10-05T15:56:24.089076Z 5 [Note] [MY-010051] [Server] Event Scheduler: scheduler thread started with id 5
2026-10-05T15:56:24.089440Z 0 [Note] [MY-011240] [Server] Plugin mysqlx reported: 'Using SSL configuration from MySQL Server'
2026-10-05T15:56:24.090154Z 0 [Note] [MY-011243] [Server] Plugin mysqlx reported: 'Using OpenSSL for TLS connections'
2026-10-05T15:56:24.090189Z 0 [Note] [MY-011245] [Server] Plugin mysqlx reported: 'Scheduler 'network', post task'
2026-10-05T15:56:24.090199Z 0 [Note] [MY-011245] [Server] Plugin mysqlx reported: 'Scheduler 'network', create threads'
2026-10-05T15:56:24.090249Z 0 [Note] [MY-011245] [Server] Plugin mysqlx reported: 'Scheduler 'network', post task'
2026-10-05T15:56:24.090255Z 0 [Note] [MY-011245] [Server] Plugin mysqlx reported: 'Scheduler 'network', create threads'
2026-10-05T15:56:24.090312Z 0 [Note] [MY-011245] [Server] Plugin mysqlx reported: 'Socket_acceptors_task::pre_loop'
2026-10-05T15:56:24.090367Z 0 [System] [MY-011323] [Server] X Plugin ready for connections. Bind-address: '::' port: 13650, socket: /home/satya/WORK/vector/vec-memory-i-s/bld/mysql-test/var/tmp/22/mysqlx.1.sock
2026-10-05T15:56:24.090502Z 0 [System] [MY-010931] [Server] /home/satya/WORK/vector/vec-memory-i-s/bld/runtime_output_directory/mysqld: ready for connections. Version: '9.7.1-1-debug'  socket: '/home/satya/WORK/vector/vec-memory-i-s/bld/mysql-test/var/tmp/22/mysqld.1.sock'  port: 13630  Source distribution.
----------SERVER LOG END-------------


 - the logfile can be found in '/home/satya/WORK/vector/vec-memory-i-s/bld/mysql-test/var/log/main.user_host_name/user_host_name.log'

[ 84%] main.mysql_inplace_upgrade84             w16 [ pass ]  59274
[ 84%] main.variables_community                 w11 [ pass ]      7
[ 85%] main.ctype_cp932                         w27 [ pass ]    163
[ 85%] main.invisible_indexes                   w21 [ pass ]   5358
[ 85%] main.variables_debug                     w11 [ pass ]    337
[ 85%] main.ctype_cp932_binlog_row              w27 [ pass ]    149
[ 85%] main.myisampack                          w8  [ pass ]   1677
[ 85%] main.user_var                            w18 [ pass ]   2917
[ 85%] main.variables_dynamic_privs             w11 [ pass ]     48
[ 85%] main.type_float                          w10 [ pass ]   6001
[ 85%] main.mysqlbinlog_base64_flag             w8  [ pass ]     71
[ 85%] main.ctype_create                        w27 [ pass ]    412
[ 85%] main.subquery_nomat_nosj                 w23 [ pass ]  58301
[ 85%] main.mysql_locale_posix                  w16 [ skipped ]  Need POSIX locale de_DE.iso88591
[ 85%] main.type_datetime                       w1  [ pass ]   4392
[ 85%] main.join_outer                          w9  [ pass ]  11802
[ 85%] main.using_hypergraph_optimizer          w18 [ pass ]    602
[ 86%] main.ctype_errors                        w27 [ pass ]     85
[ 86%] main.type_nchar                          w10 [ pass ]    421
[ 86%] main.roles-upgrade                       w30 [ pass ]  60439
[ 86%] main.mysqlbinlog_mixed_or_statment       w8  [ pass ]   1068
[ 86%] main.view_alias                          w1  [ pass ]    576
[ 86%] main.mysql_max_packet                    w16 [ pass ]    778
[ 86%] main.ctype_filename                      w27 [ pass ]    346
[ 86%] main.update                              w20 [ pass ]   5651
[ 86%] main.utf8alias                           w4  [ pass ]   1000
[ 86%] main.view_alias_bug32695103              w1  [ pass ]    169
[ 86%] main.window_functions_interesting_orders w16 [ pass ]    423
[ 86%] main.upgrade                             w20 [ pass ]    418
[ 86%] main.window_bitwise_ops                  w30 [ pass ]   1027
[ 86%] main.view_debug                          w1  [ pass ]    321
[ 86%] main.varbinary                           w4  [ pass ]    723
[ 86%] main.window_jsonaggs                     w16 [ pass ]    410
[ 87%] main.trigger                             w17 [ pass ]  21425
[ 87%] main.variables-win                       w4  [ skipped ]  Need windows
[ 87%] main.windows_skip_grant_validation       w1  [ skipped ]  Need windows
[ 87%] main.invisible_indexes_hypergraph        w21 [ pass ]   5803
[ 87%] main.ctype_gb18030                       w27 [ pass ]   2757
[ 87%] main.with_explain                        w1  [ pass ]     66
[ 87%] main.window_std_var                      w20 [ pass ]   1597
[ 87%] main.variables                           w4  [ pass ]   1029
[ 87%] main.with_grant                          w1  [ pass ]     90
[ 87%] main.window_min_max                      w16 [ pass ]   1781
[ 87%] main.is_lock_table                       w21 [ pass ]   1296
[ 87%] main.with_recursive_solver               w16 [ pass ]     47
[ 87%] main.async_compress_client               w2  [ pass ]  64189
[ 87%] main.window_std_var_optimized            w20 [ pass ]   1638
[ 87%] main.user_if_exists                      w22 [ pass ]   7640
[ 88%] main.with_recursive_bugs                 w1  [ pass ]   1086
[ 88%] main.type_newdecimal                     w10 [ pass ]   6943
[ 88%] main.windows                             w20 [ skipped ]  Need windows
[ 88%] main.window_functions_explain            w8  [ pass ]   3264
[ 88%] main.user_limits                         w22 [ pass ]    163
[ 88%] main.ctype_gb18030_encoding_cn           w27 [ pass ]   3048
[ 88%] main.xa_commit_failure_before_commit_engines w10 [ skipped ]  Test only executed when `GLOBAL.log_bin = 0`
[ 88%] main.query_expression                    w25 [ pass ]  119078
[ 88%] main.xa_commit_one_phase_failure_before_commit_engines w20 [ skipped ]  Test only executed when `GLOBAL.log_bin = 0`
[ 88%] main.udf_bug35242734                     w5  [ pass ]  15573
[ 88%] main.xa_commit_failure_before_commit_tc  w10 [ skipped ]  Test only executed when `GLOBAL.log_bin = 0`
[ 88%] main.xa_commit_one_phase_failure_before_commit_tc w20 [ skipped ]  Test only executed when `GLOBAL.log_bin = 0`
[ 88%] main.window_functions_in2exists          w8  [ pass ]    178
[ 88%] main.xa_commit_one_phase_failure_before_gtid_externalization w5  [ skipped ]  Test only executed when `GLOBAL.log_bin = 0`
[ 88%] main.trigger_before_not_null             w17 [ pass ]   5231
[ 89%] main.xa_commit_failure_before_gtid_externalization w10 [ skipped ]  Test only executed when `GLOBAL.log_bin = 0`
[ 89%] main.view_grant                          w18 [ pass ]   9423
[ 89%] main.xa_prepare_failure_before_gtid_externalization w10 [ skipped ]  Test only executed when `GLOBAL.log_bin = 0`
[ 89%] main.window_functions_in2exists_hypergraph w8  [ pass ]    168
[ 89%] main.with_non_recursive                  w4  [ pass ]   3892
[ 89%] main.user_lock                           w22 [ pass ]   1718
[ 89%] main.xa_prepare_failure_before_prepare_in_engines w8  [ skipped ]  Test only executed when `GLOBAL.log_bin = 0`
[ 89%] main.xa_prepare_failure_before_prepare_2nd_phase w10 [ skipped ]  Test only executed when `GLOBAL.log_bin = 0`
[ 89%] main.xa_rollback_failure_before_rollback_tc w10 [ skipped ]  Test only executed when `GLOBAL.log_bin = 0`
[ 89%] main.xa_rollback_failure_before_gtid_externalization w22 [ skipped ]  Test only executed when `GLOBAL.log_bin = 0`
[ 89%] main.xa_prepare_failure_before_prepare_tc w8  [ skipped ]  Test only executed when `GLOBAL.log_bin = 0`
[ 89%] main.order_by_none                       w32 [ pass ]  36054
[ 89%] main.ctype_gb18030_encoding_utf8         w27 [ pass ]   2849
[ 89%] main.xml_report_invalid_chars            w8  [ skipped ]  Characters replaced in --xml-report: ' " < > &
[ 89%] main.xa_rollback_failure_before_rollback_engines w22 [ skipped ]  Test only executed when `GLOBAL.log_bin = 0`
[ 89%] main.atomic_create_schema                w2  [ pass ]   4970
[ 90%] main.xml                                 w10 [ pass ]    278
[ 90%] main.trigger_mdl                         w17 [ pass ]   2517
[ 90%] main.year-merge                          w22 [ pass ]     78
[ 90%] main.bug12368203                          [ skipped ]  Doesn't support --binlog-format = 'STATEMENT'
[ 90%] main.join_outer_bka                      w9  [ pass ]  12723
[ 90%] main.year-csv                            w8  [ pass ]    301
[ 90%] main.foreign_key_locks_fail              w24 [ pass ]  24758
[ 90%] main.year-innodb                         w27 [ pass ]   1458
[ 90%] main.year-memory                         w27 [ pass ]    242
[ 90%] main.with_non_recursive_bugs             w4  [ pass ]   4641
[ 90%] main.window_functions                    w30 [ pass ]  13426
[ 90%] main.xa_detach_on_prepare_off            w20 [ pass ]   7805
[ 90%] main.join                                w21 [ pass ]  11758
[ 90%] main.sys_accounts_auth_upgrade           w19 [ pass ]  50200
[ 90%] main.auth_rpl                            w10 [ pass ]    865
[ 91%] main.wait_timeout                        w18 [ pass ]   8225
[ 91%] main.server_offline_7                    w22 [ pass ]    858
[ 91%] main.warnings_engine_disabled            w18 [ pass ]     10
[ 91%] main.myisam_row_rpl                      w17 [ pass ]   1567
[ 91%] main.with_recursive                      w4  [ pass ]   4042
[ 91%] main.atomic_drop_schema                  w2  [ pass ]   7688
[ 91%] main.binary                              w18 [ pass ]    881
[ 91%] main.blackhole                           w2  [ pass ]    133
[ 91%] main.bool                                w18 [ pass ]    170
[ 91%] main.bug17666696                         w2  [ pass ]      7
[ 91%] main.mysqldump_replica_terminology       w27 [ pass ]   2331
[ 91%] main.window_functions_bugs               w30 [ pass ]   5230
[ 91%] main.bug26331795                         w18 [ pass ]      5
[ 91%] main.bug28940878                         w2  [ pass ]     56
[ 91%] main.bug30875669                         w18 [ pass ]     32
[ 92%] main.bug29175494                         w30 [ pass ]    232
[ 92%] main.rpl_connect_attr                    w27 [ pass ]    560
[ 92%] main.subquery_sj_firstmatch_bka_nobnl    w12 [ pass ]  38876
[ 92%] main.select_icp_mrr_bka                  w31 [ pass ]  53604
[ 92%] main.binary_to_hex                       w17 [ pass ]    206
[ 92%] main.condition_filter                    w30 [ pass ]    905
[ 92%] main.join_outer_bka_nobnl                w9  [ pass ]  12466
[ 92%] main.subquery_sj_innodb_all              w12 [ pass ]    978
[ 92%] main.foreign_key_rpl_upgrade             w17 [ pass ]    323
[ 92%] main.rpl_password_history                w10 [ pass ]    487
[ 92%] main.mysqldump                           w13 [ pass ]  77490
[ 92%] main.subquery_sj_all_bka                 w29 [ pass ]  41217
[ 92%] main.system_mysql_db                     w19 [ pass ]     29
[ 92%] main.with_recursive_innodb_tmp_table     w1  [ pass ]  18709
[ 92%] main.join_outer_innodb                   w9  [ pass ]    390
[ 92%] main.bigint                              w22 [ pass ]   1976
[ 93%] main.compress                            w28 [ pass ]  54661
[ 93%] main.key_diff                            w9  [ pass ]     94
[ 93%] main.subquery_sj_innodb_all_bka          w12 [ pass ]   1062
[ 93%] main.system_mysql_db_refs                w19 [ pass ]    712
[ 93%] main.key_primary                         w9  [ pass ]     73
[ 93%] main.view                                w11 [ pass ]  30537
[ 93%] main.xa_deadlock_binlog                  w10 [ pass ]   1917
[ 93%] main.foreign_key_sql_trig                w22 [ pass ]   1156
[ 93%] main.xa_default                          w5  [ pass ]  19388
[ 93%] main.keyring_migration_password          w9  [ skipped ]  Please install the perl Expect module
[ 93%] main.rpl_lock_backup                     w21 [ pass ]   5661
[ 93%] main.subquery_sj_none                    w6  [ pass ]  36262
[ 93%] main.foreign_key_sql_self                w13 [ pass ]   2539
[ 93%] main.subquery_sj_innodb_all_bka_nobnl    w12 [ pass ]   1095
[ 93%] main.func_aes                            w11 [ pass ]    237
[ 94%] main.func_aes_cfb128                     w22 [ pass ]    109
[ 94%] main.func_aes_cfb8                       w5  [ pass ]     82
[ 94%] main.concurrent_innodb_unsafelog         w18 [ pass ]   6073
[ 94%] main.keywords                            w9  [ pass ]    757
[ 94%] main.rpl_mysqldump_slave                 w21 [ pass ]    694
[ 94%] main.kill_debug                          w22 [ pass ]    399
[ 94%] main.subquery_sj_innodb_none             w12 [ pass ]   1021
[ 94%] main.locking_clause                      w18 [ pass ]    649
[ 94%] main.locking_clause_privileges           w9  [ pass ]    381
[ 94%] main.compression                         w2  [ pass ]   8719
[ 94%] main.order_by_sortkey                    w32 [ pass ]  20389
[ 94%] main.foreign_key_variable_myisam         w19 [ pass ]   4203
[ 94%] main.subquery_sj_innodb_none_bka         w12 [ pass ]   1080
[ 94%] main.range_debug                         w32 [ pass ]     94
[ 94%] main.foreign_key_sql                     w30 [ pass ]   7670
[ 94%] main.with_recursive_kill                 w1  [ pass ]   6563
[ 95%] main.kill                                w13 [ pass ]   4317
[ 95%] main.range_types                         w13 [ pass ]    342
[ 95%] main.subquery_sj_loosescan_bka           w7  [ pass ]  43551
[ 95%] main.func_aes_cfb1                       w10 [ pass ]    102
[ 95%] main.read_only_innodb                    w10 [ pass ]    408
[ 95%] main.foreign_key_sql_child_trig          w17 [ pass ]  10652
[ 95%] main.type_temporal_fractional            w14 [ pass ]  46642
[ 95%] main.binlog_partial_json_warnings        w4  [ pass ]  15939
[ 95%] main.xa_mdl_backup                       w20 [ pass ]  20975
[ 95%] main.locking_readonly_db                 w22 [ pass ]   8266
[ 95%] main.schema_read_only_cs                 w26 [ pass ]  106562
[ 95%] main.locking_with_out_key                w18 [ pass ]   8224
[ 95%] main.type_time                           w14 [ pass ]   2202
[ 95%] main.gtid_next_xa_binlog_off             w8  [ pass ]  22900
[ 95%] main.order_fill_sortbuf                  w9  [ pass ]   9762
[ 96%] main.select_distinct_debug               w22 [ pass ]   1332
[ 96%] main.server_offline_1                    w22 [ pass ]    188
[ 96%] main.locking_part                        w21 [ pass ]   6299
[ 96%] main.read_only                           w13 [ pass ]   7388
[ 96%] main.subquery_allany_hypergraph          w21 [ pass ]   1778
[ 96%] main.sdi_tablespace                      w10 [ pass ]   9166
[ 96%] main.select_safe                         w8  [ pass ]    751
[ 96%] main.subquery_all_bka                    w15 [ pass ]  54137
[ 96%] main.foreign_key_variable                w28 [ pass ]  21378
[ 96%] main.subquery_allany_to_derived          w13 [ pass ]   1938
[ 96%] main.range_icp_mrr                       w12 [ pass ]  19321
[ 96%] main.foreign_key_locks_success           w27 [ pass ]  24740
[ 96%] main.range_mrr                           w32 [ pass ]  20164
[ 96%] main.subquery_scalar_to_derived_correlated w28 [ pass ]   4482
[ 96%] main.range_mrr_cost                      w30 [ pass ]  20797
[ 97%] main.range_none                          w1  [ pass ]  20795
[ 97%] main.sensitive_variables_upgrade         w9  [ pass ]  11169
[ 97%] main.subquery_nomat_nosj_bka             w23 [ pass ]  57496
[ 97%] main.kill_bomb                           w11 [ pass ]  25921
[ 97%] main.subselect                           w11 [ pass ]    367
[ 97%] main.subquery_table_to_derived           w23 [ pass ]   1061
[ 97%] main.range_icp                           w19 [ pass ]  20757
[ 97%] main.range_all                           w2  [ pass ]  21228
[ 97%] main.xa_applier_crash_mdl                w23 [ pass ]    383
[ 97%] main.subselect_debug                     w11 [ pass ]    404
[ 97%] main.foreign_key_locks_self              w24 [ pass ]  55675
[ 97%] main.subquery_sj_none_bka                w6  [ pass ]  39384
[ 97%] main.subquery_sj_all_bka_nobnl           w29 [ pass ]  42728
[ 97%] main.wl14965                             w16 [ pass ]  66712
[ 97%] main.select_icp_mrr_bka_nobnl            w31 [ pass ]  52041
[ 97%] main.subquery_sj_loosescan_bka_nobnl     w7  [ pass ]  46434
[ 98%] main.select_none_bka                     w18 [ pass ]  50482
[ 98%] main.select_all_bka                      w4  [ pass ]  50328
[ 98%] main.subquery_sj_dupsweed                w13 [ pass ]  40711
[ 98%] main.select_all                          w17 [ pass ]  54159
[ 98%] main.select_all_bka_nobnl                w20 [ pass ]  52769
[ 98%] main.select_none                         w26 [ pass ]  51624
[ 98%] main.subquery_sj_dupsweed_bka            w12 [ pass ]  39936
[ 98%] main.subquery_sj_dupsweed_bka_nobnl      w27 [ pass ]  40171
[ 98%] main.select_none_bka_nobnl               w14 [ pass ]  54533
[ 98%] main.subquery_sj_firstmatch              w32 [ pass ]  41225
[ 98%] main.subquery_sj_mat                     w28 [ pass ]  40822
[ 98%] main.lock_multi_bug38691                 w5  [ pass ]  67079
[ 98%] main.subquery_sj_mat_bka_nobnl           w1  [ pass ]  41959
[ 98%] main.subquery_sj_mat_bka                 w30 [ pass ]  43650
[ 98%] main.subquery_all_bka_nobnl              w22 [ pass ]  56883
[ 99%] main.subquery_sj_none_bka_nobnl          w9  [ pass ]  42768
[ 99%] main.subquery_none                       w10 [ pass ]  56408
[ 99%] main.subquery_nomat_nosj_bka_nobnl       w21 [ pass ]  58298
[ 99%] main.subquery_none_bka                   w8  [ pass ]  56680
[ 99%] main.subquery_none_bka_nobnl             w15 [ pass ]  56796
[ 99%] main.lock_multi_bug38499                 w3  [ pass ]  225624
[ 99%] main.query_expression_debug              w25 [ pass ]  220374
[ 99%] main.log_components_implicit             w25 [ pass ]     26
[ 99%] main.slow_log                            w25 [ pass ]   2060
[ 99%] main.archive_plugin                      w25 [ skipped ]  archive plugin not available
[ 99%] main.blackhole_plugin                    w25 [ skipped ]  blackhole plugin not available;
[ 99%] main.events_read_only                    w25 [ pass ]   4352
[ 99%] main.events_sql_mode                     w25 [ pass ]   1244
[ 99%] main.log_backtrace                       w25 [ pass ]  11806
[ 99%] main.log_backtrace_debug                 w25 [ pass ]   8841
[100%] shutdown_report                          w0  [ pass ]       
------------------------------------------------------------------------------
The servers were restarted 249 times
The servers were reinitialized 10 times
Spent 9293.012 of 577 seconds executing testcases

Completed: Failed 5/1366 tests, 99.63% were successful.

Failing test(s): main.information_schema_cs main.mysqlshow_cs main.temptable_status_vars main.trigger_multiple main.user_host_name

The log files in var/log may give you some hint of what went wrong.

If you want to report this error, please read first the documentation
at http://dev.mysql.com/doc/mysql/en/mysql-test-suite.html

159 tests were skipped, 86 by the test itself.

mysql-test-run: *** ERROR: there were failing test cases
